2016-03-03 21:11:12	Start
2016-03-03 21:11:27	End


Time (s)	X	Y	Z	|V|	MAx	MAy	MAz	MAv
0.000	-0.179123	9.886444	0.081116	9.888399	-0.179	9.886	0.081	9.888
0.019	0.016068	9.919769	0.043030	9.919876	-0.130	9.895	0.072	9.896
0.045	0.104141	9.822174	0.062073	9.822923	-0.060	9.879	0.067	9.880
0.060	0.192215	9.767426	0.202515	9.771416	0.033	9.849	0.097	9.851
0.079	0.218399	9.507965	-0.009338	9.510477	0.133	9.754	0.075	9.756
0.101	0.089859	9.381805	-0.240234	9.385311	0.151	9.620	0.004	9.623
0.125	0.113663	9.386566	-0.242615	9.390389	0.154	9.511	-0.072	9.514
0.142	0.177933	9.457977	-0.090271	9.460081	0.150	9.434	-0.146	9.437
0.164	0.154129	9.543671	0.023987	9.544945	0.134	9.443	-0.137	9.445
0.182	0.099380	9.555573	-0.056946	9.556259	0.136	9.486	-0.091	9.488
0.203	-0.031540	9.669830	0.192993	9.671807	0.100	9.557	0.017	9.558
0.223	0.073196	9.553192	-0.011719	9.553480	0.074	9.581	0.037	9.582
0.244	-0.079147	9.686493	-0.133118	9.687731	0.015	9.616	-0.002	9.617
0.261	-0.221970	10.064972	0.173950	10.068922	-0.065	9.744	0.056	9.745
0.282	0.058914	10.419647	-0.068848	10.420041	-0.042	9.931	-0.010	9.933
0.302	-0.048203	10.660065	0.350098	10.665921	-0.073	10.208	0.081	10.211
0.322	0.244583	10.355377	0.550049	10.372859	0.008	10.375	0.251	10.382
0.341	0.182693	9.803131	0.300110	9.809425	0.109	10.310	0.283	10.317
0.362	-0.214828	9.315155	-0.147400	9.318798	0.041	10.033	0.263	10.042
0.382	-0.543320	9.165192	-1.023376	9.238140	-0.083	9.660	-0.080	9.685
0.403	-0.933701	9.669830	-1.030518	9.769308	-0.377	9.488	-0.475	9.534
0.422	-0.809921	10.019745	-1.070984	10.109316	-0.625	9.542	-0.818	9.609
0.442	-0.486191	10.103058	-0.506836	10.127440	-0.693	9.739	-0.908	9.811
0.463	-0.000595	10.067352	-1.082886	10.125425	-0.558	9.965	-0.923	10.033
0.483	0.244583	10.379181	-1.380432	10.473434	-0.263	10.142	-1.010	10.209
0.506	-0.038681	9.362762	-0.218811	9.365399	-0.070	9.978	-0.797	10.023
0.522	0.565933	9.205658	-2.018372	9.441305	0.193	9.754	-1.175	9.851
0.543	0.337418	9.174713	-1.094788	9.245960	0.277	9.531	-1.178	9.632
0.564	0.175552	8.872406	-1.720825	9.039449	0.260	9.154	-1.263	9.273
0.583	-0.212448	8.984283	-1.656555	9.138197	0.217	9.059	-1.623	9.216
0.604	-0.219589	9.005707	-1.401855	9.116807	0.020	9.009	-1.469	9.135
0.628	-0.167221	9.086639	-1.063843	9.150232	-0.106	8.987	-1.461	9.111
0.646	-0.124374	9.410370	-0.752014	9.441190	-0.181	9.122	-1.219	9.212
0.664	-0.100571	9.686493	-0.485413	9.699170	-0.153	9.297	-0.926	9.352
0.685	-0.033920	9.903107	-0.168823	9.904604	-0.107	9.522	-0.618	9.549
0.705	-0.193405	9.793610	-0.214050	9.797857	-0.113	9.698	-0.405	9.711
0.727	-0.152939	9.524628	-0.506836	9.539329	-0.120	9.727	-0.344	9.735
0.745	-0.293381	9.365143	-0.816284	9.405227	-0.168	9.647	-0.426	9.662
0.769	-0.183884	9.248505	-1.144775	9.320899	-0.206	9.483	-0.670	9.516
0.785	0.051773	9.210419	-0.740112	9.240252	-0.145	9.337	-0.802	9.376
0.806	0.142227	9.405609	-0.675842	9.430932	-0.071	9.307	-0.844	9.349
0.828	-0.164841	9.815033	-0.882935	9.856045	-0.039	9.420	-0.861	9.462
0.848	-0.629013	10.374420	-0.937683	10.435684	-0.150	9.701	-0.809	9.741
0.866	-0.774216	10.829071	-0.968628	10.899836	-0.356	10.106	-0.866	10.156
0.886	-0.774216	11.043304	-1.051941	11.120277	-0.586	10.515	-0.960	10.578
0.907	-0.664719	11.202789	-0.813904	11.251968	-0.711	10.862	-0.943	10.927
0.927	-0.367172	11.328949	-0.583008	11.349881	-0.645	11.101	-0.854	11.155
0.945	-0.214828	11.386078	-0.292603	11.391863	-0.505	11.240	-0.685	11.278
0.972	-0.081528	11.374176	0.188232	11.376026	-0.332	11.323	-0.375	11.342
0.986	-0.559982	11.497955	0.385803	11.518047	-0.306	11.397	-0.075	11.409
1.007	-0.969406	11.643158	0.469116	11.692859	-0.456	11.475	0.188	11.495
1.027	-1.276474	12.319183	0.780945	12.409736	-0.722	11.709	0.456	11.749
1.048	-0.878952	12.702423	1.623596	12.835894	-0.921	12.041	0.815	12.114
1.067	0.161270	12.509613	2.290100	12.718529	-0.741	12.294	1.291	12.414
1.092	0.775406	11.926422	2.232971	12.158411	-0.305	12.364	1.732	12.531
1.114	1.194351	10.824310	1.944946	11.062323	0.313	11.991	2.023	12.194
1.129	1.606155	9.365143	1.318909	9.592974	0.934	11.156	1.947	11.383
1.147	1.841812	8.251129	0.733337	8.485940	1.354	10.092	1.558	10.325
1.172	1.820389	7.710785	0.192993	7.925104	1.616	9.038	1.048	9.267
1.187	1.325272	7.620331	0.007324	7.734717	1.648	8.237	0.563	8.435
1.224	0.682571	8.060699	0.093018	8.090082	1.418	7.911	0.257	8.059
1.228	0.463577	8.774811	0.247742	8.790540	1.073	8.042	0.135	8.135
1.248	0.308853	9.648407	0.485779	9.665564	0.695	8.526	0.208	8.570
1.269	0.413589	10.450592	0.661926	10.479699	0.467	9.234	0.372	9.256
1.289	0.623062	10.862396	0.880920	10.915855	0.452	9.934	0.569	9.963
1.309	0.801590	10.700531	0.473877	10.740972	0.537	10.415	0.626	10.451
1.332	0.454056	10.229218	0.133484	10.240160	0.573	10.561	0.538	10.594
1.350	0.251724	9.103302	-0.221191	9.109468	0.533	10.224	0.317	10.252
1.371	0.335037	8.170197	-0.380676	8.185919	0.461	9.551	0.001	9.569
1.389	0.620682	7.479889	-0.087891	7.506111	0.415	8.746	-0.139	8.760
1.410	0.596878	7.256134	-0.035522	7.280728	0.451	8.002	-0.181	8.021
1.431	0.530228	7.570343	0.114441	7.589752	0.521	7.619	-0.097	7.641
1.451	0.470718	7.834564	0.045410	7.848824	0.555	7.535	0.009	7.556
1.469	0.330276	8.248749	0.140625	8.256556	0.482	7.727	0.066	7.744
1.494	0.287430	8.800995	0.214417	8.808298	0.405	8.114	0.129	8.126
1.510	0.465958	9.050934	0.362000	9.070147	0.389	8.484	0.191	8.496
1.532	0.673050	9.343719	0.257263	9.371461	0.439	8.861	0.244	8.877
1.552	0.830154	9.760284	0.014465	9.795535	0.564	9.239	0.212	9.261
1.573	0.737320	10.136383	-0.468750	10.173968	0.677	9.573	0.041	9.603
1.590	0.296951	11.314667	-0.654419	11.337466	0.634	10.139	-0.213	10.170
1.611	0.592117	11.712189	0.100159	11.727574	0.614	10.731	-0.252	10.759
1.630	0.623062	12.004974	0.721436	12.042760	0.562	11.292	-0.075	11.320
1.651	0.468338	12.252533	1.223694	12.322391	0.495	11.821	0.348	11.858
1.683	0.387405	12.559601	2.116333	12.742548	0.518	12.132	1.040	12.209
1.815	0.166031	12.711945	3.266052	13.125860	0.411	12.382	1.832	12.558
1.818	-0.602829	12.316803	3.623108	12.852779	0.105	12.460	2.557	12.761
1.822	-0.881332	10.448212	2.801880	10.853221	-0.233	12.009	2.952	12.394
1.825	-1.124130	8.372528	1.383179	8.560145	-0.611	10.962	2.769	11.348
1.828	-1.400253	7.944061	0.138245	8.067709	-1.002	9.770	1.987	10.083
1.831	-1.047958	8.515350	0.366760	8.587428	-1.113	8.820	1.173	9.017
1.835	-0.471909	9.281830	1.159424	9.365859	-1.011	8.528	0.762	8.645
1.838	-0.236252	9.941193	1.659302	10.081488	-0.789	8.921	0.831	9.026
1.857	-0.486191	10.395844	1.402222	10.501246	-0.561	9.534	1.147	9.634
1.872	-0.809921	10.445831	1.102295	10.535010	-0.501	10.016	1.331	10.121
1.892	-0.983688	10.034027	0.802368	10.114007	-0.629	10.204	1.242	10.308
1.913	-0.700424	9.429413	0.633362	9.476580	-0.745	10.076	0.985	10.157
1.933	-0.333847	8.858124	0.595276	8.884377	-0.707	9.692	0.783	9.752
1.954	-0.324326	8.453461	0.333435	8.466248	-0.586	9.194	0.591	9.235
1.975	-0.574265	8.234467	0.045410	8.254592	-0.483	8.744	0.402	8.770
1.993	-0.676620	7.963104	-0.197388	7.994236	-0.477	8.377	0.194	8.400
2.013	-0.524277	7.846466	-0.009338	7.863967	-0.525	8.124	0.043	8.145
2.034	-0.345749	7.734589	0.331055	7.749387	-0.530	7.945	0.042	7.966
2.053	-0.133896	7.763153	0.766663	7.802067	-0.420	7.827	0.223	7.852
2.073	-0.060104	7.908356	0.869019	7.956186	-0.266	7.813	0.489	7.843
2.093	-0.160080	8.105927	0.666687	8.134872	-0.175	7.878	0.658	7.911
2.115	-0.191025	8.446320	0.426270	8.459227	-0.136	8.056	0.682	8.088
2.134	-0.186264	8.903351	0.592896	8.925014	-0.149	8.341	0.639	8.369
2.154	-0.271957	9.462738	0.966614	9.515866	-0.202	8.730	0.663	8.759
2.179	-0.531418	10.084015	0.690491	10.121587	-0.295	9.224	0.669	9.255
2.203	-0.600449	10.710052	0.266785	10.730188	-0.398	9.790	0.629	9.823
2.215	-0.360031	11.257538	0.371521	11.269419	-0.441	10.379	0.574	10.409
2.235	-0.088669	11.759796	0.281067	11.763488	-0.395	10.953	0.402	10.971
2.276	-0.448105	12.178741	0.454834	12.195467	-0.374	11.477	0.344	11.490
2.279	-1.326462	13.147552	0.469116	13.222622	-0.556	12.086	0.394	12.113
2.296	-1.764450	13.664093	0.995178	13.813440	-0.907	12.688	0.550	12.749
2.317	-0.997971	12.876190	1.909241	13.055168	-1.134	12.967	0.957	13.072
2.339	0.423111	11.431305	2.604309	11.731844	-0.916	12.780	1.494	12.956
2.363	1.710892	9.888824	2.825684	10.425952	-0.157	11.965	2.084	12.257
2.387	1.987015	9.022369	2.316284	9.524524	0.781	10.805	2.414	11.184
2.396	2.072708	8.251129	1.587891	8.654401	1.548	9.648	2.334	10.084
2.442	1.844193	8.070221	0.664307	8.304867	1.904	8.808	1.849	9.227
2.455	1.253860	8.415375	0.188232	8.510354	1.789	8.440	1.189	8.749
2.463	0.937271	8.784332	0.207275	8.836624	1.527	8.380	0.662	8.577
2.487	0.751602	9.048553	0.288208	9.084288	1.197	8.580	0.337	8.684
2.522	0.761124	9.005707	0.181091	9.039627	0.926	8.813	0.216	8.868
2.525	0.582596	8.953339	0.012085	8.972281	0.758	8.948	0.172	8.983
2.536	0.311234	8.770050	0.040649	8.775665	0.602	8.944	0.131	8.968
2.557	0.439774	8.458221	0.040649	8.469744	0.524	8.797	0.069	8.814
2.582	0.482620	7.982147	-0.016479	7.996741	0.454	8.541	0.019	8.554
2.613	0.356461	7.587006	-0.168823	7.597251	0.398	8.199	-0.026	8.210
2.617	0.058914	7.334686	-0.302124	7.341142	0.334	7.841	-0.112	7.851
2.639	-0.081528	7.651276	-0.325928	7.658648	0.204	7.639	-0.203	7.648
2.666	-0.271957	8.160675	-0.185486	8.167312	0.015	7.683	-0.246	7.691
2.691	-0.114853	8.741486	-0.083130	8.742636	-0.102	7.972	-0.224	7.977
2.697	0.104141	9.324677	0.304871	9.330241	-0.091	8.470	-0.072	8.475
2.718	0.515945	9.715057	0.552429	9.744420	0.058	8.985	0.147	8.996
2.743	0.808731	10.176849	0.719055	10.234224	0.328	9.490	0.373	9.513
2.764	0.877762	10.624359	0.728577	10.685425	0.577	9.960	0.576	9.999
2.782	1.013443	11.033783	0.528625	11.092830	0.804	10.388	0.632	10.439
2.813	1.044388	11.509857	0.045410	11.557232	0.936	10.836	0.505	10.892
2.819	0.868240	11.871674	-0.423523	11.910913	0.951	11.260	0.220	11.312
2.841	0.465958	12.490570	-0.473511	12.508224	0.848	11.726	-0.081	11.767
2.866	0.630203	13.088043	0.492920	13.112475	0.752	12.240	-0.090	12.272
2.890	1.039627	13.266571	1.647400	13.408828	0.751	12.679	0.311	12.735
2.899	0.963455	12.999969	2.780457	13.328856	0.775	12.961	1.112	13.090
2.920	0.118423	11.790741	3.280334	12.239125	0.688	12.786	2.050	13.022
2.940	-1.028915	10.038788	2.149658	10.317798	0.273	12.024	2.464	12.324
2.969	-2.042953	8.572479	0.799988	8.848788	-0.497	10.850	2.253	11.184
2.987	-2.280991	8.305878	0.026367	8.613432	-1.309	9.677	1.564	10.005
3.012	-1.678757	8.748627	0.642883	8.931405	-1.758	8.916	0.905	9.178
3.020	-0.881332	9.165192	1.173706	9.281976	-1.721	8.698	0.661	8.919
3.041	-0.512375	9.500824	1.366516	9.612260	-1.338	8.930	0.802	9.110
3.067	-0.621872	9.691254	1.135620	9.777359	-0.924	9.276	1.080	9.401
3.088	-0.993210	9.798370	0.459595	9.859298	-0.752	9.539	1.034	9.633
3.101	-0.978928	9.457977	0.116821	9.509221	-0.777	9.612	0.770	9.690
3.122	-0.638535	9.008087	-0.068848	9.030953	-0.808	9.489	0.411	9.544
3.142	-0.271957	8.508209	-0.068848	8.512833	-0.721	9.193	0.110	9.228
3.163	-0.231491	8.094025	-0.106934	8.098041	-0.530	8.767	-0.032	8.788
3.187	-0.433823	7.801239	-0.333069	7.820388	-0.394	8.353	-0.144	8.366
3.211	-0.681381	7.408478	-0.392578	7.450097	-0.405	7.953	-0.225	7.970
3.222	-0.331467	7.475128	-0.211670	7.485467	-0.420	7.695	-0.261	7.713
3.242	-0.074387	7.529877	0.147766	7.531694	-0.380	7.554	-0.197	7.572
3.271	-0.112473	7.744110	0.126343	7.745957	-0.300	7.539	-0.083	7.553
3.298	-0.202927	7.822662	-0.223572	7.828487	-0.180	7.643	-0.040	7.648
3.302	-0.274338	8.215424	-0.540161	8.237732	-0.166	7.828	-0.122	7.836
3.322	-0.345749	8.891449	-0.378296	8.906206	-0.234	8.168	-0.254	8.180
3.345	-0.388596	9.534149	-0.033142	9.542123	-0.303	8.616	-0.294	8.629
3.370	-0.455246	10.050690	-0.054565	10.061143	-0.366	9.173	-0.252	9.187
3.416	-0.695663	10.581512	-0.375916	10.611016	-0.471	9.764	-0.210	9.780
3.419	-0.824203	11.148041	-0.787720	11.206187	-0.591	10.329	-0.313	10.355
3.423	-1.038437	11.866913	-0.728210	11.934499	-0.753	10.912	-0.487	10.953
3.443	-0.398117	12.473907	-0.673462	12.498417	-0.739	11.518	-0.641	11.563
3.472	0.054153	12.466766	0.128723	12.467548	-0.552	11.989	-0.515	12.027
3.493	-0.086288	12.628632	0.054932	12.629046	-0.367	12.359	-0.305	12.382
3.509	-0.402878	12.907135	-0.028381	12.913452	-0.208	12.619	-0.130	12.627
3.534	-0.559982	12.633392	0.390564	12.651827	-0.249	12.659	0.136	12.665
3.554	0.406448	11.671722	1.095154	11.730033	-0.161	12.460	0.378	12.481
3.576	1.698990	10.438690	1.695007	10.711016	0.286	11.913	0.788	12.002
3.592	2.560684	9.298492	2.197266	9.891767	1.027	11.011	1.344	11.246
3.623	2.034622	8.855743	1.618835	9.229545	1.675	10.066	1.652	10.391
3.626	1.391922	8.558197	0.783325	8.705963	1.922	9.288	1.574	9.635
3.653	0.820633	8.746246	-0.016479	8.784676	1.702	8.865	1.146	9.153
3.674	0.413589	9.029510	-0.268799	9.042973	1.165	8.797	0.529	8.941
3.697	0.675430	9.477020	-0.142639	9.502130	0.825	8.953	0.089	9.009
3.704	0.958694	9.686493	0.262024	9.737346	0.717	9.235	-0.041	9.267
3.725	0.949173	9.734100	0.143005	9.781313	0.749	9.482	-0.002	9.516
3.746	0.922989	9.467499	-0.261658	9.515981	0.877	9.591	0.000	9.634
3.766	0.665909	8.979523	-0.330688	9.010251	0.874	9.467	-0.047	9.511
3.789	0.589737	8.317780	-0.478271	8.352364	0.782	9.125	-0.232	9.165
3.832	0.732559	7.729828	-0.575867	7.785789	0.728	8.624	-0.412	8.666
3.834	0.623062	7.313263	-0.552063	7.360489	0.653	8.085	-0.484	8.127
3.855	0.442154	7.384674	-0.433044	7.410563	0.597	7.686	-0.510	7.727
3.877	0.413589	7.763153	-0.325928	7.780991	0.553	7.548	-0.472	7.584
3.903	0.518326	7.936920	-0.247375	7.957673	0.499	7.600	-0.390	7.627
3.906	0.546890	8.210663	-0.185486	8.230947	0.480	7.824	-0.298	7.845
3.927	0.780167	8.862885	0.026367	8.897195	0.565	8.193	-0.183	8.217
3.947	0.749222	9.481781	0.035889	9.511404	0.649	8.623	-0.093	8.649
3.966	0.846817	9.891205	-0.026001	9.927422	0.731	9.112	-0.037	9.142
3.991	0.968216	10.426788	-0.183105	10.473246	0.836	9.666	-0.037	9.702
4.019	0.877762	10.964752	-0.304504	11.004044	0.861	10.191	-0.119	10.229
4.027	0.856339	11.755035	-0.468750	11.795504	0.887	10.759	-0.246	10.800
4.047	0.439774	12.254913	-0.128357	12.263474	0.786	11.350	-0.271	11.384
4.073	0.035110	12.435822	-1.313782	12.505076	0.552	11.853	-0.554	11.892
4.094	0.380264	12.945221	-1.977905	13.100972	0.428	12.348	-0.972	12.416
4.111	1.137222	13.168976	-0.337830	13.222304	0.498	12.701	-0.939	12.773
4.131	1.737076	12.842865	1.406982	13.035958	0.822	12.848	-0.556	12.966
4.158	1.056290	11.728851	2.252014	11.989715	1.078	12.671	0.336	12.837
4.180	-0.640915	10.383942	1.752136	10.550213	0.822	12.031	1.268	12.200
4.196	-2.047714	8.950958	0.630981	9.203854	0.026	10.977	1.511	11.195
4.220	-2.845139	8.108307	-0.328308	8.599258	-1.119	9.793	1.077	10.086
4.229	-2.476181	8.120209	-0.580627	8.509194	-2.002	8.891	0.369	9.216
4.249	-1.985825	8.705780	0.338196	8.935798	-2.339	8.471	0.015	8.812
4.275	-1.457382	9.348480	0.642883	9.483214	-2.191	8.571	0.018	8.882
4.297	-1.390732	9.679352	0.354858	9.785188	-1.828	8.963	0.189	9.178
4.317	-1.493088	9.665070	-0.687744	9.803870	-1.582	9.350	0.162	9.502
4.338	-1.162216	9.286591	-1.080505	9.421200	-1.376	9.495	-0.193	9.623
4.359	-0.817062	8.784332	-1.113831	8.892283	-1.216	9.354	-0.632	9.476
4.383	-0.512375	8.205902	-0.992432	8.281563	-0.996	8.985	-0.969	9.100
4.402	-0.212448	7.717926	-0.880554	7.770900	-0.676	8.499	-1.017	8.591
4.410	-0.326706	7.546539	-0.942444	7.612174	-0.467	8.064	-0.982	8.139
4.433	-0.490952	7.451324	-0.925781	7.524649	-0.386	7.730	-0.935	7.797
4.451	-0.536179	7.296600	-0.830566	7.363267	-0.392	7.503	-0.895	7.568
4.477	-0.507614	7.239471	-0.644897	7.285843	-0.465	7.383	-0.836	7.446
4.499	-0.643295	7.379913	-0.813904	7.452475	-0.545	7.342	-0.804	7.407
4.521	-0.714706	7.756012	-0.802002	7.830053	-0.600	7.418	-0.773	7.483
4.531	-0.700424	8.334442	-0.844849	8.406384	-0.642	7.677	-0.776	7.744
4.551	-0.617111	8.800995	-0.635376	8.845453	-0.669	8.068	-0.774	8.134
4.571	-0.502853	9.196136	-0.804382	9.244935	-0.634	8.522	-0.772	8.582
4.594	-0.557602	9.484161	-0.787720	9.533139	-0.594	8.954	-0.768	9.007
4.624	-0.890854	9.703156	-0.673462	9.767210	-0.642	9.296	-0.725	9.348
4.634	-1.076523	10.105438	-1.604187	10.288450	-0.757	9.622	-0.967	9.708
4.653	-1.055099	10.981415	-1.773193	11.173581	-0.895	10.069	-1.210	10.191
4.681	-0.947983	11.926422	-1.554199	12.064566	-0.993	10.679	-1.401	10.823
4.703	-0.814682	12.507233	-1.147156	12.586125	-0.974	11.380	-1.520	11.528
4.711	-0.519516	12.628632	-1.059082	12.683607	-0.834	12.011	-1.383	12.127
4.735	-0.617111	12.652435	-0.925781	12.701261	-0.725	12.429	-1.172	12.509
4.755	-1.316940	13.173737	-1.135254	13.287982	-0.817	12.741	-1.067	12.815
4.776	-1.585922	13.568878	-0.732971	13.680894	-1.010	13.006	-0.963	13.088
4.795	-0.574265	13.245148	0.269165	13.260323	-1.024	13.160	-0.631	13.233
4.820	0.961075	11.488434	1.095154	11.580463	-0.629	12.869	-0.126	12.952
4.837	1.698990	8.543915	1.673584	8.870509	0.125	11.712	0.576	11.848
4.909	0.796829	8.091644	0.842834	8.174351	0.721	10.342	0.970	10.471
4.921	0.246964	8.096405	-0.016479	8.100187	0.926	9.055	0.899	9.181
4.924	-0.100571	8.679596	-0.359253	8.687610	0.661	8.353	0.535	8.458
4.927	-0.167221	9.381805	-0.190247	9.385224	0.194	8.562	0.069	8.587
4.955	0.099380	9.667450	-0.095032	9.668428	0.020	8.956	-0.165	8.960
4.958	0.492142	9.403229	-0.316406	9.421413	0.081	9.283	-0.240	9.291
4.986	0.651627	8.984283	-0.828186	9.045875	0.269	9.359	-0.357	9.380
4.996	0.618301	8.653412	-1.197144	8.757681	0.465	9.177	-0.609	9.223
5.032	0.654007	8.353485	-1.209045	8.465827	0.604	8.849	-0.888	8.923
5.040	0.668289	8.167816	-0.768677	8.231081	0.648	8.540	-1.001	8.625
5.064	0.613541	7.798859	-0.754395	7.859245	0.639	8.243	-0.982	8.328
5.082	0.465958	7.601288	-0.778198	7.655213	0.600	7.980	-0.878	8.053
5.107	0.301712	7.522736	-0.766296	7.567681	0.512	7.773	-0.767	7.828
5.114	-0.105331	7.491791	-0.597290	7.516301	0.319	7.604	-0.724	7.650
5.135	-0.376694	7.770294	-0.771057	7.817538	0.071	7.597	-0.728	7.639
5.165	-0.338608	7.972626	-0.754395	8.015393	-0.130	7.689	-0.722	7.729
5.191	0.280289	8.108307	-1.037659	8.179238	-0.135	7.836	-0.790	7.882
5.195	0.803970	8.129730	-1.044800	8.235927	0.092	7.995	-0.902	8.062
5.215	0.892044	8.470123	-0.921021	8.566622	0.409	8.170	-0.939	8.249
5.236	0.656387	9.115204	-1.051941	9.199151	0.658	8.456	-1.014	8.545
5.257	0.549271	9.984039	-1.547058	10.118109	0.725	8.925	-1.141	9.030
5.280	0.646866	10.836212	-1.913635	11.022882	0.686	9.601	-1.358	9.727
5.304	0.958694	11.400360	-1.925537	11.601509	0.703	10.334	-1.610	10.485
5.316	1.249100	11.424164	-1.837463	11.638215	0.851	10.911	-1.806	11.095
5.338	1.187210	11.152802	-2.101685	11.411027	1.010	11.203	-1.945	11.418
5.368	1.015823	11.200409	-2.025513	11.427325	1.103	11.294	-1.973	11.520
5.391	0.913467	11.557465	-1.989807	11.763024	1.091	11.334	-1.989	11.560
5.396	1.015823	12.250153	-1.597046	12.395511	1.033	11.540	-1.929	11.749
5.417	0.789688	12.978546	-0.628235	13.017717	0.934	11.997	-1.560	12.151
5.439	0.751602	13.118988	0.364380	13.145552	0.868	12.476	-0.963	12.580
5.468	-0.014877	13.035675	1.264160	13.096837	0.636	12.846	-0.149	12.914
5.483	-0.548080	12.362030	1.216553	12.433832	0.245	12.874	0.554	12.923
5.506	-0.583786	10.924286	1.340332	11.021675	-0.099	12.360	1.046	12.424
5.517	-0.714706	9.569855	1.621216	9.732485	-0.465	11.473	1.361	11.571
5.541	-1.300278	8.931915	1.309387	9.120544	-0.787	10.447	1.372	10.577
5.570	-2.078659	8.958099	1.014221	9.251866	-1.169	9.596	1.321	9.782
5.595	-2.335739	9.576996	0.966614	9.904992	-1.607	9.259	1.228	9.502
5.598	-1.850143	9.986420	1.273682	10.235911	-1.891	9.363	1.141	9.628
5.624	-1.000351	10.231598	1.356995	10.369558	-1.816	9.688	1.153	9.941
5.640	-0.102951	9.991180	1.178467	10.060968	-1.322	9.947	1.194	10.143
5.659	0.068436	9.398468	0.719055	9.426183	-0.721	9.902	1.132	10.023
5.690	0.056534	8.681976	-0.092651	8.682654	-0.245	9.576	0.790	9.635
5.700	-0.421921	8.124969	-0.899597	8.185501	-0.100	9.049	0.226	9.089
5.720	-0.500473	7.767914	-1.068604	7.857027	-0.199	8.493	-0.335	8.538
5.746	-0.400497	7.529877	-0.756775	7.578400	-0.317	8.026	-0.704	8.076
5.780	-0.469528	7.322784	-0.247375	7.341990	-0.448	7.686	-0.743	7.741
5.788	-0.398117	7.208527	-0.259277	7.224166	-0.442	7.457	-0.583	7.500
5.865	-0.438583	7.315643	-0.159302	7.330510	-0.427	7.344	-0.356	7.369
5.868	-0.712326	7.591766	-0.149780	7.626582	-0.505	7.360	-0.204	7.381
5.886	-0.924179	7.775055	-0.333069	7.836869	-0.618	7.473	-0.225	7.505
5.889	-0.607590	7.846466	-0.242615	7.873694	-0.671	7.632	-0.221	7.667
5.892	-0.398117	7.896454	-0.433044	7.918334	-0.661	7.777	-0.290	7.814
5.912	-0.509995	8.013092	-0.606812	8.052202	-0.610	7.883	-0.404	7.920
5.920	-0.905136	8.482025	-1.085266	8.598943	-0.605	8.060	-0.592	8.111
5.942	-1.097946	9.122345	-1.318542	9.282307	-0.728	8.378	-0.861	8.463
5.968	-0.938461	9.355621	-1.030518	9.458875	-0.863	8.743	-1.010	8.848
5.988	-0.555222	9.591278	-0.740112	9.635801	-0.874	9.138	-1.044	9.244
6.003	-0.645676	10.022125	-0.842468	10.078177	-0.809	9.523	-0.983	9.614
6.023	-0.693283	10.383942	-1.144775	10.469833	-0.708	9.838	-0.939	9.911
6.042	-0.900375	10.700531	-1.520874	10.845511	-0.699	10.174	-1.062	10.257
6.062	-0.964645	11.095673	-1.644653	11.258303	-0.801	10.551	-1.288	10.663
6.086	-1.159836	11.778839	-1.708923	11.958541	-0.930	10.990	-1.505	11.133
6.107	-1.307419	12.266815	-1.661316	12.447653	-1.083	11.460	-1.634	11.628
6.122	-1.214584	13.076141	-1.877930	13.266021	-1.162	12.054	-1.723	12.233
6.143	-1.126511	13.845001	-1.901733	14.020331	-1.202	12.742	-1.787	12.923
6.170	-0.445724	13.925934	-1.097168	13.976197	-1.024	13.278	-1.635	13.428
6.190	-0.731369	13.661713	-0.287842	13.684303	-0.880	13.627	-1.291	13.737
6.204	-0.738510	12.592926	0.423889	12.621683	-0.761	13.506	-0.716	13.576
6.227	0.273148	10.952850	1.237976	11.025975	-0.411	12.783	0.069	12.827
6.243	1.237198	9.236603	1.718811	9.476276	0.010	11.611	0.773	11.702
6.263	1.587112	8.403473	1.804504	8.740338	0.590	10.296	1.296	10.466
6.289	0.868240	8.401093	1.547424	8.586426	0.991	9.249	1.577	9.457
6.311	0.008926	8.653412	1.654541	8.810171	0.925	8.674	1.681	8.903
6.323	-0.574265	8.836700	1.247498	8.942779	0.473	8.574	1.563	8.770
6.344	-0.583786	9.422272	1.185608	9.514498	-0.070	8.828	1.409	8.963
6.371	0.047012	9.646027	1.568848	9.772887	-0.276	9.140	1.414	9.260
6.395	0.494522	9.462738	1.361755	9.573001	-0.154	9.342	1.341	9.451
6.421	0.496902	9.017609	0.464355	9.043219	0.114	9.387	1.145	9.476
6.427	0.399307	8.760529	-0.316406	8.775330	0.359	9.222	0.770	9.291
6.445	0.254105	8.424896	-0.373535	8.437000	0.411	8.916	0.284	8.957
6.478	0.311234	8.353485	-0.604431	8.381104	0.365	8.639	-0.208	8.659
6.484	0.282669	8.484406	-0.921021	8.538930	0.312	8.506	-0.554	8.533
6.517	0.325516	8.498688	-0.737732	8.536855	0.293	8.440	-0.659	8.473
6.524	0.168411	8.286835	-0.590149	8.309529	0.272	8.406	-0.713	8.442
6.547	0.173172	8.332062	-0.456848	8.346374	0.237	8.400	-0.676	8.433
6.572	0.123184	8.484406	-0.623474	8.508174	0.198	8.400	-0.602	8.425
6.635	-0.045822	8.779572	-0.561584	8.797633	0.105	8.471	-0.558	8.490
6.638	-0.100571	8.848602	-0.540161	8.865644	0.037	8.611	-0.546	8.629
6.640	-0.022018	8.800995	-0.868652	8.843786	-0.011	8.728	-0.648	8.754
6.662	-0.000595	8.812897	-0.956726	8.864676	-0.042	8.811	-0.732	8.843
6.666	0.168411	8.684357	-1.130493	8.759248	0.011	8.787	-0.874	8.833
6.691	0.468338	8.772430	-1.087646	8.851997	0.154	8.768	-1.011	8.830
6.715	0.665909	8.958099	-1.066223	9.045873	0.326	8.807	-1.060	8.880
6.725	0.573074	9.265167	-0.987671	9.335268	0.469	8.920	-1.068	8.998
6.749	0.177933	9.788849	-1.289978	9.875083	0.471	9.196	-1.108	9.277
6.784	-0.169601	10.307770	-1.627991	10.436917	0.312	9.580	-1.243	9.673
6.787	-0.041061	10.679108	-1.692261	10.812436	0.135	10.010	-1.399	10.115
6.808	-0.131516	11.119476	-1.473267	11.217422	-0.041	10.474	-1.521	10.585
6.831	0.192215	11.336090	-1.532776	11.440860	-0.037	10.861	-1.582	10.977
6.858	0.061295	11.981171	-1.635132	12.092389	0.020	11.279	-1.583	11.391
6.879	-0.531418	12.761932	-1.144775	12.824190	-0.102	11.800	-1.446	11.894
6.904	-0.769455	13.145172	-0.735352	13.188190	-0.262	12.306	-1.262	12.386
6.907	-0.362411	13.171356	-0.518738	13.186548	-0.400	12.765	-1.008	12.823
6.932	-0.398117	12.864288	0.054932	12.870564	-0.515	12.986	-0.586	13.017
6.954	-1.028915	11.728851	0.564331	11.787412	-0.640	12.727	-0.159	12.758
6.984	-1.485947	10.514862	0.968994	10.663457	-0.819	12.070	0.267	12.127
6.988	-1.471664	9.129486	0.873779	9.288531	-1.096	11.059	0.616	11.152
7.009	-1.690659	8.305878	0.788086	8.512756	-1.419	9.920	0.799	10.063
7.032	-2.095322	8.091644	0.611938	8.380904	-1.686	9.010	0.811	9.211
7.057	-2.473801	8.284454	0.707153	8.674788	-1.933	8.453	0.745	8.714
7.078	-1.976303	8.755768	0.985657	9.029992	-2.059	8.359	0.773	8.650
7.104	-1.293137	9.222321	1.492676	9.431409	-1.960	8.589	0.949	8.879
7.108	-0.990829	9.722198	1.014221	9.825046	-1.684	8.996	1.050	9.240
7.130	-0.814682	9.810272	0.364380	9.850783	-1.269	9.378	0.964	9.534
7.150	-0.681381	9.305634	-0.130737	9.331462	-0.945	9.515	0.685	9.610
7.175	-0.671860	8.634369	-0.680603	8.687171	-0.790	9.368	0.142	9.424
7.199	-0.448105	8.063080	-1.120972	8.152952	-0.654	8.953	-0.392	9.006
7.209	-0.317184	7.910736	-1.123352	7.996391	-0.530	8.478	-0.764	8.542
7.229	-0.512375	8.089264	-0.851990	8.150129	-0.487	8.174	-0.944	8.247
7.252	-0.738510	8.365387	-0.554443	8.416205	-0.504	8.107	-0.913	8.179
7.270	-1.000351	8.360626	-0.768677	8.455273	-0.642	8.182	-0.825	8.254
7.302	-1.109848	8.284454	-0.768677	8.393737	-0.840	8.275	-0.736	8.354
7.317	-1.038437	8.079742	-0.763916	8.181941	-0.972	8.273	-0.714	8.362
7.345	-0.702805	7.870270	-0.966248	7.960447	-0.963	8.149	-0.817	8.248
7.352	-0.602829	7.998810	-0.873413	8.068904	-0.863	8.058	-0.843	8.151
7.373	-0.781357	8.436798	-1.028137	8.535054	-0.781	8.096	-0.908	8.187
7.403	-0.838486	8.784332	-1.335205	8.924703	-0.731	8.273	-1.051	8.372
7.411	-0.705185	8.720062	-1.523254	8.880150	-0.732	8.485	-1.190	8.602
7.434	-0.540939	8.615326	-1.520874	8.765245	-0.716	8.639	-1.352	8.776
7.461	-0.581406	8.643890	-1.325684	8.764264	-0.667	8.691	-1.426	8.834
7.475	-1.102707	8.936676	-1.204285	9.084627	-0.733	8.729	-1.394	8.874
7.500	-1.685898	9.386566	-1.520874	9.657274	-0.978	8.896	-1.393	9.068
7.528	-1.764450	9.762665	-2.125488	10.145965	-1.284	9.182	-1.544	9.413
7.532	-1.888229	10.072113	-2.142151	10.469082	-1.610	9.540	-1.748	9.839
7.561	-2.081039	10.452972	-2.223083	10.887491	-1.855	9.919	-2.003	10.290
7.572	-2.295273	10.948090	-1.670837	11.310201	-2.007	10.309	-2.040	10.703
7.614	-2.202438	11.750275	-2.206421	12.156808	-2.117	10.806	-2.061	11.206
7.619	-2.242905	12.528656	-2.018372	12.886880	-2.205	11.420	-2.030	11.810
7.638	-1.440720	13.154694	-1.720825	13.344769	-2.045	12.095	-1.904	12.425
7.659	-0.574265	13.297516	-1.458984	13.389635	-1.615	12.683	-1.851	12.945
7.673	0.166031	13.023773	-0.856750	13.052979	-1.023	13.001	-1.514	13.169
7.693	-0.110092	12.733368	-0.342590	12.738451	-0.490	13.052	-1.095	13.131
7.713	-0.936081	12.254913	-0.549683	12.302899	-0.364	12.827	-0.802	12.871
7.733	-0.267197	11.400360	-0.344971	11.408708	-0.287	12.353	-0.523	12.376
7.754	0.958694	10.260162	0.750000	10.332112	-0.089	11.662	-0.122	11.696
7.778	1.791824	9.150909	1.504578	9.445291	0.387	10.767	0.340	10.872
7.800	1.591873	8.417755	1.354614	8.673387	1.019	9.807	0.816	9.965
7.818	0.870621	8.048798	0.876160	8.143020	1.303	8.969	1.121	9.148
7.837	-0.105331	7.875031	0.278687	7.880664	1.037	8.373	1.004	8.536
7.863	-0.543320	8.386810	0.157288	8.405862	0.453	8.182	0.667	8.276
7.886	-0.555222	9.331818	0.590515	9.366953	-0.083	8.411	0.476	8.449
7.894	0.223160	10.014984	1.002319	10.067490	-0.245	8.902	0.507	8.930
7.915	0.915848	10.026886	0.866638	10.105854	0.010	9.440	0.654	9.487
7.937	1.156265	9.648407	0.283447	9.721577	0.435	9.756	0.686	9.815
7.956	0.839676	9.160431	-0.566345	9.216252	0.784	9.713	0.397	9.778
7.975	0.675430	8.905731	-1.166199	9.007123	0.897	9.435	-0.146	9.513
7.995	0.363602	8.920013	-1.299500	9.021505	0.759	9.159	-0.687	9.242
8.016	0.158890	8.762909	-1.104309	8.833647	0.509	8.937	-1.034	9.020
8.037	0.108902	8.577240	-0.825806	8.617590	0.327	8.791	-1.099	8.870
8.056	-0.088669	8.467743	-0.404480	8.477862	0.136	8.682	-0.909	8.738
8.076	-0.314804	8.382050	-0.352112	8.395346	-0.034	8.547	-0.672	8.581
8.098	-0.241013	8.108307	-0.380676	8.120816	-0.134	8.384	-0.491	8.403
8.125	0.308853	7.920258	-0.249756	7.930211	-0.084	8.220	-0.347	8.231
8.136	0.377884	8.503448	-0.187866	8.513914	0.033	8.229	-0.293	8.240
8.158	0.385025	8.701019	-0.095032	8.710052	0.208	8.308	-0.228	8.319
8.188	0.399307	9.110443	-0.606812	9.139357	0.368	8.559	-0.285	8.573
8.208	0.568314	9.855499	-0.911499	9.913863	0.433	9.043	-0.450	9.069
8.216	0.689713	10.929047	-0.861511	10.984624	0.511	9.649	-0.619	9.687
8.239	0.385025	12.459625	-0.159302	12.466590	0.511	10.589	-0.635	10.626
8.264	0.311234	13.373688	-0.547302	13.388500	0.489	11.654	-0.620	11.688
8.290	0.008926	13.635529	-1.551819	13.723551	0.349	12.599	-0.780	12.641
8.297	-0.195786	13.956879	-2.118347	14.118080	0.127	13.356	-1.094	13.424
8.319	0.301712	13.609344	-0.994812	13.648991	0.107	13.644	-1.303	13.720
8.353	0.708755	12.421539	0.604797	12.456434	0.206	13.406	-1.015	13.487
8.358	0.594498	10.771942	2.094910	10.989850	0.352	12.690	-0.103	12.803
8.378	-0.402878	8.865265	1.994934	9.095877	0.301	11.417	0.925	11.548
8.402	-1.985825	7.746490	0.395325	8.006741	-0.271	9.951	1.272	10.137
8.417	-2.366684	7.775055	-1.375671	8.242884	-1.040	8.790	0.777	9.084
8.440	-2.416672	8.522491	-1.549438	8.992993	-1.793	8.227	-0.134	8.585
8.460	-1.683517	9.286591	0.269165	9.441792	-2.113	8.333	-0.565	8.671
8.484	-0.907516	9.850739	0.807129	9.925326	-1.844	8.859	-0.462	9.151
8.500	-0.888474	9.924530	-0.202148	9.966270	-1.474	9.396	-0.169	9.582
8.530	-0.967026	9.857880	-1.044800	9.960147	-1.112	9.730	-0.043	9.823
8.539	-0.878952	9.741241	-1.649414	9.918917	-0.910	9.844	-0.522	9.943
8.561	-0.524277	9.474640	-1.625610	9.627371	-0.815	9.750	-1.130	9.868
8.584	-0.095810	9.089020	-0.868652	9.130937	-0.617	9.541	-1.297	9.659
8.611	0.111282	8.396332	-0.452087	8.409230	-0.347	9.175	-1.149	9.272
8.619	0.058914	7.660797	-0.856750	7.708781	-0.112	8.655	-0.951	8.719
8.640	-0.181503	7.075226	-1.151917	7.170682	-0.027	8.055	-0.832	8.105
8.670	-0.300522	6.794342	-1.037659	6.879690	-0.078	7.482	-0.875	7.542
8.694	-0.505234	6.784821	-0.790100	6.849329	-0.232	7.079	-0.959	7.152
8.699	-0.507614	7.044281	-0.659180	7.093242	-0.374	6.925	-0.910	6.998
8.721	-0.740891	7.560822	-0.544922	7.616553	-0.514	7.046	-0.758	7.110
8.743	-0.850388	8.255890	-0.828186	8.340790	-0.651	7.411	-0.706	7.475
8.762	-0.748032	9.041412	-0.518738	9.087122	-0.712	7.976	-0.638	8.034
8.781	-0.331467	9.569855	-0.311646	9.580664	-0.668	8.607	-0.551	8.656
8.801	-0.374313	10.074493	-0.349731	10.087509	-0.576	9.235	-0.502	9.274
8.822	-0.474289	10.538666	-0.935303	10.590714	-0.482	9.806	-0.529	9.836
8.844	-0.688522	11.071869	-1.206665	11.158691	-0.467	10.314	-0.701	10.354
8.877	-0.676620	11.519379	-1.368530	11.620102	-0.553	10.801	-0.965	10.864
8.898	-0.455246	11.900238	-1.620850	12.018738	-0.574	11.258	-1.283	11.347
8.901	0.070816	12.264435	-1.404236	12.344767	-0.437	11.689	-1.400	11.786
8.955	-0.214828	13.080902	-1.125732	13.131010	-0.319	12.191	-1.380	12.279
8.958	-0.693283	13.614105	-0.399719	13.637605	-0.323	12.715	-1.138	12.783
8.968	-0.817062	14.044952	0.143005	14.069425	-0.414	13.251	-0.697	13.296
8.994	0.194595	13.599823	0.659546	13.617197	-0.383	13.585	-0.181	13.614
9.002	1.541885	11.516998	1.252258	11.687036	0.057	13.194	0.414	13.253
9.029	2.494034	9.096161	1.335571	9.525970	0.853	12.064	0.848	12.225
9.042	2.470230	7.298981	0.997559	7.769960	1.675	10.378	1.061	10.650
9.063	1.608536	7.106171	-0.011719	7.285958	2.029	8.755	0.893	9.067
9.083	0.873001	7.360870	-0.854370	7.461534	1.861	7.716	0.367	8.011
9.105	0.749222	8.220184	-0.721069	8.285693	1.425	7.497	-0.147	7.701
9.129	1.056290	8.865265	0.331055	8.934107	1.072	7.888	-0.314	7.992
9.144	1.256241	9.177094	0.200134	9.264839	0.984	8.406	-0.261	8.487
9.166	1.225296	8.967621	-0.475891	9.063445	1.072	8.808	-0.166	8.887
9.192	0.834915	8.798615	-0.928162	8.886742	1.093	8.952	-0.218	9.037
9.204	0.715897	8.646271	-1.085266	8.743472	1.008	8.897	-0.572	8.990
9.224	0.656387	8.486786	-1.025757	8.573713	0.858	8.725	-0.879	8.817
9.248	0.773026	8.267792	-0.871033	8.349409	0.745	8.550	-0.978	8.638
9.273	0.454056	8.236847	-0.471130	8.262795	0.650	8.409	-0.863	8.482
9.297	0.301712	7.853607	-0.511597	7.876034	0.546	8.211	-0.720	8.265
9.304	0.361221	7.589386	-0.671082	7.627556	0.473	7.987	-0.631	8.029
9.335	0.415970	7.563202	-0.644897	7.602036	0.383	7.811	-0.575	7.842
9.344	0.404068	7.965485	-0.947205	8.031775	0.371	7.743	-0.694	7.784
9.374	0.268387	8.622467	-0.811523	8.664730	0.362	7.935	-0.769	7.982
9.385	0.537369	9.377045	-0.773438	9.424221	0.406	8.382	-0.794	8.431
9.408	0.734940	9.988800	-0.444946	10.025679	0.486	8.988	-0.744	9.037
9.434	0.796829	10.469635	-0.435425	10.508939	0.584	9.614	-0.616	9.656
9.454	0.801590	10.762421	-0.499695	10.803793	0.718	10.149	-0.538	10.191
9.471	0.980118	11.098053	-0.778198	11.168393	0.828	10.580	-0.540	10.627
9.493	1.201492	11.566986	-1.070984	11.678431	0.945	10.974	-0.696	11.040
9.509	0.999161	12.212067	-1.675598	12.366912	0.996	11.410	-1.006	11.504
9.533	0.537369	13.378448	-1.230469	13.445657	0.930	12.064	-1.189	12.165
9.561	0.744461	14.252045	0.202515	14.272912	0.871	12.852	-0.944	12.941
9.567	1.470474	14.073517	0.940430	14.181346	0.938	13.479	-0.441	13.567
9.588	1.222916	13.061859	1.840210	13.247417	0.994	13.691	0.438	13.787
9.612	0.408829	10.938568	1.821167	11.096669	0.962	13.081	1.201	13.200
9.630	-0.681381	8.767670	0.752380	8.826233	0.605	11.710	1.339	11.838
9.649	-1.369308	7.648895	-0.575867	7.791805	-0.105	10.104	0.959	10.241
9.673	-1.007492	7.803619	-0.656799	7.895752	-0.662	8.790	0.335	8.903
9.700	-0.564743	8.655792	0.400085	8.683417	-0.906	8.219	-0.020	8.299
9.707	-0.536179	9.541290	0.890442	9.597739	-0.869	8.412	0.014	8.492
9.731	-0.812302	10.145905	0.571472	10.194400	-0.730	9.037	0.301	9.093
9.756	-1.007492	9.888824	-0.475891	9.951400	-0.730	9.558	0.347	9.607
9.783	-0.693283	9.215179	-0.632996	9.262875	-0.762	9.698	0.088	9.752
9.787	-0.483810	8.627228	-0.799622	8.677703	-0.749	9.469	-0.334	9.522
9.808	-0.319565	8.153534	-0.909119	8.210282	-0.626	8.971	-0.704	9.026
9.835	-0.357651	7.784576	-0.973389	7.853345	-0.464	8.445	-0.829	8.501
9.851	-0.390976	7.632233	-0.778198	7.681760	-0.388	8.049	-0.865	8.106
9.869	-0.433823	7.448944	-0.704407	7.494742	-0.376	7.755	-0.841	7.810
9.889	-0.405258	7.206146	-0.756775	7.257099	-0.397	7.518	-0.803	7.572
9.909	-0.407639	6.937164	-0.775818	6.992304	-0.409	7.306	-0.754	7.356
9.934	-0.410019	6.856232	-0.878174	6.924393	-0.414	7.112	-0.779	7.167
9.962	-0.440964	7.146637	-0.823425	7.207420	-0.416	7.037	-0.809	7.095
9.987	-0.217209	7.820282	-0.675842	7.852436	-0.369	7.190	-0.788	7.244
9.989	-0.167221	8.551056	-0.383057	8.561265	-0.309	7.594	-0.690	7.636
10.011	-0.433823	9.484161	-0.471130	9.505760	-0.315	8.251	-0.588	8.282
10.036	-0.705185	10.562469	-0.628235	10.604609	-0.381	9.104	-0.540	9.131
10.051	-0.505234	11.547943	-0.509216	11.570202	-0.453	10.036	-0.498	10.060
10.070	-0.212448	11.995453	-0.475891	12.006769	-0.464	10.898	-0.521	10.922
10.090	-0.093430	11.766937	-0.918640	11.803112	-0.379	11.468	-0.633	11.496
10.122	-0.212448	11.390839	-1.699402	11.518868	-0.256	11.675	-0.901	11.725
10.130	0.130325	11.143280	-1.861267	11.298407	-0.097	11.574	-1.239	11.657
10.151	0.823013	11.609833	-2.373047	11.878423	0.162	11.478	-1.713	11.625
10.172	0.327896	12.321564	-1.654175	12.436428	0.267	11.616	-1.897	11.783
10.204	-0.400497	13.642670	-0.775818	13.670579	0.220	12.179	-1.666	12.321
10.211	-0.631393	14.242523	0.057312	14.256627	0.030	12.954	-1.186	13.061
10.232	0.242203	13.226105	0.573853	13.240763	-0.115	13.358	-0.450	13.401
10.252	1.139603	11.355133	1.080872	11.463247	0.087	13.117	0.234	13.158
10.279	2.465469	8.927155	1.916382	9.457544	0.804	11.938	0.907	12.105
10.301	2.801102	7.275177	1.909241	8.026180	1.662	10.196	1.370	10.547
10.312	2.486893	6.772919	0.785706	7.257713	2.223	8.583	1.423	9.051
10.333	1.513321	7.298981	-0.209290	7.457148	2.317	7.569	1.101	8.050
10.356	0.773026	8.241608	-0.632996	8.301948	1.894	7.397	0.463	7.761
10.386	0.863480	9.229462	0.326294	9.275507	1.409	7.886	0.067	8.073
10.392	1.042007	9.855499	0.797607	9.942476	1.048	8.656	0.070	8.744
10.417	1.408585	9.591278	0.173950	9.695720	1.022	9.229	0.166	9.304
10.432	1.420486	9.222321	-0.554443	9.347534	1.184	9.475	0.186	9.565
10.452	1.256241	9.122345	-0.885315	9.250897	1.282	9.448	-0.117	9.559
10.479	1.082474	8.601044	-0.716309	8.698437	1.292	9.134	-0.496	9.248
10.503	0.896805	8.227325	-0.666321	8.302838	1.164	8.793	-0.706	8.900
10.512	0.901566	7.882172	-0.556824	7.953081	1.034	8.458	-0.706	8.551
10.535	0.599258	7.767914	-0.480652	7.805807	0.870	8.120	-0.605	8.190
10.554	0.406448	8.089264	-0.292603	8.104752	0.701	7.992	-0.499	8.042
10.579	0.439774	8.582001	-0.521118	8.609047	0.587	8.080	-0.463	8.118
10.635	0.482620	9.177094	-0.042664	9.189875	0.482	8.404	-0.334	8.427
10.646	0.744461	9.422272	0.188232	9.453510	0.518	8.818	-0.167	8.839
10.649	0.632584	9.353241	0.162048	9.376009	0.575	9.134	-0.053	9.157
10.654	0.646866	9.424652	-0.275940	9.450854	0.627	9.344	0.008	9.368
10.696	0.701614	9.505585	-0.583008	9.549257	0.681	9.426	-0.127	9.457
10.699	0.768265	9.769806	-0.835327	9.835502	0.687	9.513	-0.383	9.553
10.724	1.053909	10.072113	-0.978149	10.174231	0.793	9.693	-0.668	9.752
10.736	1.275284	10.588654	-1.209045	10.733486	0.950	9.984	-0.901	10.073
10.755	0.942032	11.357513	-1.370911	11.478673	1.010	10.447	-1.098	10.555
10.775	0.756363	12.366791	-1.030518	12.432681	1.007	11.096	-1.147	11.205
10.798	0.649246	13.935455	0.062073	13.950710	0.906	12.062	-0.887	12.149
10.820	0.794449	14.870941	0.878540	14.918039	0.786	13.133	-0.365	13.195
10.837	0.154129	14.537689	1.680725	14.635334	0.589	13.928	0.398	13.984
10.857	0.056534	12.204926	1.947327	12.359429	0.414	13.887	1.142	13.966
10.881	-0.295761	9.298492	1.825928	9.480688	0.177	12.728	1.583	12.848
10.902	-0.679001	7.265656	0.826172	7.343933	-0.191	10.827	1.570	10.955
10.916	-1.385971	7.184723	-0.121216	7.318187	-0.576	8.988	1.120	9.126
10.942	-1.712082	8.165436	0.000183	8.342995	-1.018	7.979	0.633	8.121
10.965	-1.788254	9.734100	0.433411	9.906483	-1.391	8.087	0.285	8.228
10.985	-1.397873	10.581512	0.716675	10.697480	-1.571	8.916	0.257	9.066
11.000	-0.962265	10.400604	0.726196	10.470238	-1.465	9.720	0.469	9.854
11.027	-0.771835	9.665070	0.266785	9.699509	-1.230	10.095	0.536	10.193
11.036	-0.988449	8.953339	-0.447327	9.018836	-1.030	9.900	0.316	9.972
11.057	-1.012253	8.503448	-1.080505	8.631384	-0.934	9.381	-0.134	9.455
11.082	-0.864670	8.279694	-0.990051	8.383387	-0.909	8.850	-0.563	8.933
11.108	-0.631393	8.129730	-0.775818	8.191036	-0.874	8.467	-0.823	8.556
11.116	-0.486191	7.877411	-0.649658	7.919093	-0.749	8.198	-0.874	8.281
11.138	-0.540939	7.717926	-0.575867	7.758261	-0.631	8.001	-0.748	8.063
11.158	-0.712326	7.727448	-0.523499	7.777847	-0.593	7.863	-0.631	7.912
11.178	-0.821823	7.753632	-0.344971	7.804691	-0.640	7.769	-0.523	7.815
11.200	-0.776596	7.727448	-0.478271	7.781085	-0.713	7.732	-0.481	7.780
11.221	-0.552841	7.727448	-0.325928	7.754051	-0.716	7.734	-0.418	7.779
11.246	-0.533798	7.827423	-0.480652	7.860313	-0.671	7.759	-0.407	7.800
11.270	-0.481430	7.963104	-0.699646	8.008265	-0.586	7.811	-0.496	7.851
11.297	-0.514755	8.355865	-0.821045	8.411872	-0.521	7.968	-0.582	8.009
11.301	-0.652817	8.822418	-0.978149	8.900450	-0.546	8.242	-0.745	8.295
11.326	-0.728989	9.231842	-1.040039	9.318799	-0.594	8.593	-0.885	8.660
11.338	-0.769455	9.853119	-0.825806	9.917559	-0.667	9.066	-0.916	9.137
11.360	-0.890854	10.388702	-0.654419	10.447345	-0.761	9.574	-0.875	9.646
11.379	-1.138412	11.000458	-0.744873	11.084263	-0.882	10.119	-0.816	10.192
11.405	-1.416916	11.985931	-1.125732	12.121777	-1.054	10.807	-0.838	10.893
11.429	-0.969406	12.830963	-1.075745	12.912420	-1.104	11.552	-0.900	11.641
11.441	-1.231247	13.423676	-0.573486	13.492217	-1.189	12.310	-0.880	12.403
11.460	-1.526413	14.335358	-0.702026	14.433477	-1.286	13.144	-0.869	13.240
11.487	-1.385971	14.699554	0.062073	14.764880	-1.278	13.822	-0.572	13.901
11.514	-0.488571	13.345123	0.697632	13.372274	-1.158	13.951	-0.129	14.016
11.519	0.818253	10.855255	1.302246	10.963665	-0.646	13.309	0.340	13.384
11.541	1.779922	8.598663	1.456970	8.901005	0.181	11.875	0.880	12.000
11.562	1.360977	7.851227	1.030884	8.034721	0.868	10.163	1.122	10.318
11.585	0.544510	7.825043	0.497681	7.859737	1.126	8.783	1.072	8.940
11.604	0.051773	8.153534	-0.102173	8.154338	0.934	8.107	0.721	8.237
11.630	-0.024399	8.424896	0.383423	8.433652	0.483	8.064	0.452	8.121
11.642	0.006546	8.646271	0.880920	8.691034	0.145	8.262	0.415	8.285
11.662	0.180313	8.729584	0.578613	8.750597	0.054	8.489	0.435	8.507
11.689	0.394547	8.672455	-0.030762	8.681480	0.139	8.618	0.453	8.639
11.725	0.454056	8.712921	-0.435425	8.735603	0.259	8.690	0.248	8.715
11.728	0.580215	8.620087	-0.787720	8.675427	0.402	8.684	-0.169	8.711
11.741	0.504044	8.541534	-0.985291	8.612936	0.483	8.637	-0.560	8.676
11.761	0.573074	8.155914	-1.106689	8.250583	0.528	8.508	-0.829	8.569
11.782	0.708755	7.855988	-1.485168	8.026494	0.592	8.293	-1.091	8.391
11.805	0.485001	7.846466	-1.504211	8.004055	0.568	8.100	-1.270	8.224
11.832	0.380264	7.936920	-1.080505	8.019152	0.537	7.949	-1.294	8.075
11.847	0.161270	8.029755	-0.835327	8.074697	0.434	7.917	-1.226	8.031
11.862	-0.412399	8.348724	-0.754395	8.392877	0.154	8.040	-1.044	8.123
11.890	-0.698044	8.551056	-1.073364	8.646383	-0.142	8.217	-0.936	8.283
11.914	-0.574265	8.784332	-1.030518	8.863196	-0.381	8.428	-0.923	8.494
11.922	-0.248154	9.039032	-0.694885	9.069098	-0.483	8.681	-0.888	8.743
11.944	0.099380	9.291351	-0.561584	9.308838	-0.355	8.916	-0.840	8.972
11.973	0.389786	9.465118	-0.654419	9.495718	-0.083	9.145	-0.735	9.184
11.996	0.561172	9.831696	-0.880554	9.886988	0.201	9.407	-0.698	9.440
12.003	0.568314	10.305389	-0.842468	10.355375	0.405	9.723	-0.735	9.762
12.024	0.356461	10.795746	-0.978149	10.845827	0.469	10.099	-0.839	10.146
12.049	0.363602	11.364655	-1.408997	11.457437	0.462	10.574	-1.028	10.636
12.074	0.204117	12.012115	-1.397095	12.094811	0.373	11.119	-1.157	11.188
12.101	0.463577	12.452484	-1.380432	12.537339	0.347	11.656	-1.291	11.734
12.104	0.658768	12.773834	-1.313782	12.858104	0.423	12.151	-1.375	12.237
12.133	0.501663	13.268951	-0.314026	13.282144	0.457	12.627	-1.101	12.693
12.147	-0.055344	13.530792	0.390564	13.536541	0.392	13.007	-0.654	13.054
12.165	-1.226486	13.314178	0.531006	13.381091	-0.030	13.222	-0.177	13.264
12.185	-1.743027	11.983551	0.885681	12.141996	-0.631	13.024	0.373	13.085
12.211	-1.852524	10.314911	1.611694	10.603150	-1.219	12.286	0.855	12.416
12.235	-1.745407	8.839081	1.592651	9.149444	-1.642	11.113	1.155	11.319
12.245	-1.693039	7.901215	1.161804	8.163661	-1.758	9.760	1.313	10.015
12.266	-1.812057	7.532257	1.061829	7.819586	-1.776	8.647	1.357	8.934
12.293	-2.081039	7.717926	0.478638	8.007884	-1.833	7.998	1.074	8.285
12.317	-2.040573	8.213043	0.276306	8.467253	-1.907	7.841	0.745	8.115
12.325	-1.509750	8.717682	0.278687	8.851835	-1.861	8.045	0.524	8.287
12.349	-0.802780	9.367523	0.511963	9.415787	-1.609	8.504	0.386	8.686
12.375	-0.374313	9.693634	0.395325	9.708910	-1.182	8.998	0.366	9.111
12.398	-0.464767	9.653168	0.040649	9.664436	-0.788	9.358	0.307	9.410
12.405	-0.855148	9.248505	-0.773438	9.320103	-0.624	9.491	0.044	9.527
12.426	-1.150314	8.622467	-1.354248	8.803644	-0.711	9.304	-0.423	9.374
12.453	-1.169357	8.082123	-1.387573	8.283324	-0.910	8.902	-0.869	9.018
12.478	-0.969406	7.782196	-1.011475	7.907301	-1.036	8.434	-1.132	8.579
12.505	-0.955124	7.746490	-0.692505	7.835811	-1.061	8.058	-1.111	8.208
12.508	-0.881332	7.882172	-0.537781	7.949502	-0.994	7.873	-0.907	7.994
12.533	-0.893234	8.222565	-0.466370	8.284077	-0.925	7.908	-0.677	7.994
12.549	-0.893234	8.343964	-0.456848	8.404065	-0.906	8.049	-0.538	8.118
12.567	-0.912277	8.448700	-0.706787	8.527153	-0.895	8.224	-0.542	8.291
12.588	-0.848007	8.270172	-0.978149	8.370880	-0.887	8.321	-0.652	8.397
12.616	-0.648056	8.465363	-1.225708	8.578152	-0.825	8.382	-0.842	8.470
12.627	-0.574265	8.748627	-1.135254	8.840648	-0.746	8.483	-1.011	8.579
12.647	-0.467148	8.803375	-1.206665	8.897959	-0.634	8.572	-1.136	8.672
12.668	-0.576645	8.584381	-1.318542	8.704176	-0.567	8.650	-1.222	8.755
12.693	-0.778976	8.636749	-1.618469	8.821547	-0.599	8.693	-1.320	8.816
12.719	-0.828964	8.884308	-1.520874	9.051583	-0.663	8.727	-1.416	8.869
12.728	-0.831345	9.196136	-1.547058	9.362342	-0.754	8.825	-1.501	8.985
12.751	-1.009872	9.760284	-1.744629	9.966280	-0.862	9.119	-1.608	9.300
12.778	-1.100327	11.014740	-1.770813	11.210307	-0.943	9.714	-1.646	9.898
12.801	-0.912277	12.028778	-1.313782	12.134652	-0.963	10.500	-1.594	10.668
12.809	-0.676620	12.728607	-1.109070	12.794737	-0.925	11.383	-1.485	11.526
12.829	-0.526657	13.080902	-0.928162	13.124361	-0.804	12.213	-1.280	12.316
12.853	-0.624252	13.245148	-1.330444	13.326429	-0.685	12.771	-1.170	12.845
12.878	-0.814682	13.740265	-1.499451	13.845828	-0.661	13.199	-1.217	13.273
12.896	-0.786118	13.909271	-0.197388	13.932866	-0.688	13.494	-0.989	13.557
12.917	-0.283859	13.587921	1.066589	13.632674	-0.627	13.621	-0.490	13.684
12.932	1.339554	12.466766	1.973511	12.692888	-0.136	13.426	0.336	13.526
12.955	2.132217	11.026642	2.559082	11.518771	0.600	12.748	1.350	12.944
12.979	2.482132	9.241364	2.625732	9.922613	1.418	11.581	2.056	11.942
13.008	2.389297	8.141632	2.037781	8.726251	2.086	10.219	2.299	10.715
13.012	1.701370	7.732208	1.207031	8.008659	2.176	9.035	2.107	9.544
13.031	0.261246	8.572479	0.714294	8.606153	1.709	8.422	1.646	8.816
13.052	0.123184	9.131866	1.161804	9.206300	1.119	8.395	1.280	8.637
13.076	0.451675	9.505585	1.702148	9.667340	0.634	8.736	1.196	8.872
13.108	0.703995	9.162811	1.695007	9.344825	0.385	9.093	1.318	9.206
13.113	1.006302	8.727203	0.819031	8.823125	0.571	9.132	1.344	9.260
13.136	1.034866	8.603424	0.064453	8.665680	0.799	9.000	1.070	9.125
13.158	1.149124	8.603424	-0.104553	8.680457	0.974	8.774	0.618	8.879
13.189	0.882523	8.760529	-0.635376	8.827764	1.018	8.674	0.036	8.749
13.193	1.075333	8.641510	-0.644897	8.732006	1.035	8.652	-0.330	8.726
13.223	0.944412	8.815277	-1.261414	8.955009	1.013	8.705	-0.662	8.799
13.236	1.430008	8.003571	-0.563965	8.149854	1.083	8.555	-0.776	8.666
13.262	0.749222	7.953583	-0.630615	8.013644	1.050	8.353	-0.775	8.463
13.282	0.677811	8.277313	-0.599670	8.326641	0.950	8.262	-0.764	8.361
13.311	0.527847	8.189240	-0.759155	8.241273	0.846	8.106	-0.638	8.183
13.314	0.396927	8.360626	-0.661560	8.396147	0.588	8.195	-0.663	8.244
13.333	0.101761	8.582001	-0.552063	8.600341	0.426	8.352	-0.643	8.391
13.354	0.094620	8.653412	-0.494934	8.668070	0.280	8.446	-0.617	8.476
13.378	0.444534	8.910492	-0.661560	8.946068	0.259	8.627	-0.593	8.653
13.398	0.565933	8.950958	-0.485413	8.981957	0.302	8.774	-0.548	8.799
13.415	0.623062	9.098541	-0.840088	9.158461	0.432	8.903	-0.620	8.939
13.437	0.680191	9.372284	-0.828186	9.433359	0.578	9.083	-0.704	9.130
13.463	0.970596	9.572235	-1.368530	9.718159	0.710	9.249	-0.881	9.323
13.483	1.196732	9.831696	-1.606567	10.033717	0.868	9.469	-1.161	9.586
13.498	1.184830	10.117340	-1.875549	10.357706	1.008	9.723	-1.420	9.886
13.523	0.920609	10.495819	-2.046936	10.733112	1.068	10.004	-1.724	10.211
13.534	0.799210	11.050446	-2.287354	11.312960	1.025	10.374	-1.954	10.609
13.556	0.768265	11.643158	-1.575623	11.774376	0.918	10.827	-1.946	11.045
13.582	0.651627	12.104950	-0.890076	12.155109	0.785	11.324	-1.700	11.494
13.608	0.637344	12.688141	-0.516357	12.714628	0.714	11.872	-1.317	11.989
13.614	0.239822	12.919037	-0.647278	12.937465	0.574	12.339	-0.907	12.395
13.636	-0.476669	12.492950	-0.430664	12.509456	0.263	12.551	-0.621	12.579
13.657	-1.145554	11.752655	-0.121216	11.808974	-0.186	12.463	-0.429	12.493
13.680	-1.162216	10.531525	-0.049805	10.595576	-0.636	11.924	-0.312	11.963
13.697	-0.607590	9.322296	0.057312	9.342251	-0.848	11.025	-0.136	11.064
13.724	-0.286240	8.865265	0.535767	8.886051	-0.800	10.118	0.106	10.158
13.735	-0.221970	9.081879	1.102295	9.151221	-0.570	9.450	0.411	9.494
13.758	-0.586166	9.826935	1.202271	9.917545	-0.425	9.274	0.724	9.324
13.785	-1.012253	10.310150	1.014221	10.409251	-0.527	9.521	0.964	9.591
13.814	-0.921799	10.119720	0.721436	10.187194	-0.686	9.835	1.010	9.916
13.817	-0.997971	9.641266	0.792847	9.725151	-0.880	9.975	0.933	10.060
13.841	-0.971786	9.319916	1.052307	9.429345	-0.976	9.848	0.895	9.938
13.866	-0.788498	8.841461	0.654785	8.900669	-0.920	9.481	0.805	9.561
13.893	-0.707565	8.560577	0.278687	8.594289	-0.866	9.091	0.695	9.162
13.897	-0.702805	8.382050	-0.211670	8.414125	-0.793	8.776	0.444	8.835
13.918	-0.988449	8.486786	-0.430664	8.555001	-0.797	8.568	0.073	8.616
13.950	-0.952744	8.382050	-0.616333	8.458507	-0.838	8.453	-0.245	8.505
13.979	-0.855148	8.317780	-0.411621	8.371748	-0.875	8.392	-0.418	8.450
13.982	-0.540939	8.227325	-0.494934	8.259931	-0.834	8.353	-0.488	8.411
14.009	-0.390976	8.739105	-0.613953	8.769365	-0.685	8.417	-0.534	8.465
14.033	-0.774216	9.115204	-0.652039	9.171233	-0.640	8.600	-0.543	8.643
14.042	-1.262192	9.498444	-0.383057	9.589593	-0.742	8.895	-0.536	8.948
14.061	-1.067001	9.629364	-0.411621	9.697039	-0.874	9.246	-0.515	9.307
14.085	-0.674240	9.538910	-0.111694	9.563361	-0.944	9.445	-0.390	9.505
14.101	-0.267197	9.110443	0.138245	9.115409	-0.818	9.444	-0.192	9.491
14.125	-0.390976	8.462982	-0.030762	8.472065	-0.600	9.185	-0.104	9.212
14.139	-0.474289	7.936920	-0.273560	7.955783	-0.452	8.762	-0.069	8.777
14.160	-0.438583	7.975006	-0.775818	8.024648	-0.393	8.371	-0.235	8.392
14.185	-0.505234	8.058319	-0.925781	8.127044	-0.452	8.108	-0.501	8.145
14.210	-0.400497	8.408234	-0.632996	8.441533	-0.455	8.095	-0.652	8.137
14.218	-0.474289	8.879547	-0.118835	8.892999	-0.455	8.330	-0.613	8.372
14.243	-0.117233	9.600800	0.116821	9.602226	-0.374	8.737	-0.390	8.766
14.260	-0.500473	9.691254	0.392944	9.712120	-0.373	9.145	-0.061	9.162
14.284	-0.745651	10.088776	0.545288	10.130979	-0.459	9.565	0.234	9.585
14.301	-0.740891	10.145905	-0.049805	10.173042	-0.526	9.882	0.251	9.905
14.326	-0.509995	9.979279	0.550049	10.007429	-0.624	9.976	0.360	10.006
14.341	-0.517136	9.755524	0.650024	9.790822	-0.628	9.992	0.424	10.026
14.363	-0.333847	9.850739	0.459595	9.867103	-0.525	9.933	0.402	9.960
14.387	-0.160080	10.264923	0.547668	10.280769	-0.380	9.963	0.552	9.987
14.411	0.097000	10.410126	0.680969	10.432826	-0.229	10.070	0.585	10.093
14.420	0.332657	10.517242	1.202271	10.590964	-0.016	10.261	0.723	10.293
14.442	-0.086288	10.010223	1.542664	10.128763	0.046	10.301	0.993	10.358
14.463	-0.072006	9.446075	1.695007	9.597217	0.068	10.096	1.280	10.187
14.486	-0.005356	9.146149	1.207031	9.225454	0.042	9.780	1.412	9.886
14.503	0.120804	9.429413	0.949951	9.477913	-0.011	9.508	1.349	9.607
14.528	-0.114853	9.724579	0.995178	9.776042	-0.018	9.437	1.212	9.519
14.543	-0.529037	9.498444	1.073730	9.573568	-0.132	9.450	1.056	9.513
14.563	-0.821823	9.448456	0.892822	9.526061	-0.336	9.525	0.978	9.588
14.588	-0.390976	9.457977	0.738098	9.494787	-0.464	9.532	0.925	9.593
14.613	0.144608	9.427032	1.185608	9.502395	-0.399	9.458	0.973	9.524
14.621	0.394547	9.462738	1.580750	9.601971	-0.168	9.449	1.099	9.531
14.643	0.551651	9.398468	1.799744	9.585124	0.175	9.437	1.326	9.546
14.667	0.515945	9.438934	1.371277	9.551967	0.402	9.432	1.484	9.560
14.691	0.230301	9.679352	0.866638	9.720800	0.423	9.495	1.405	9.615
14.711	0.011307	9.822174	0.961853	9.869164	0.327	9.585	1.250	9.682
14.722	-0.179123	9.841217	0.895203	9.883473	0.145	9.695	1.024	9.756
14.757	-0.131516	9.546051	0.723816	9.574356	-0.017	9.722	0.862	9.762
14.765	-0.019638	9.365143	0.547668	9.381164	-0.080	9.644	0.782	9.677
14.791	0.075577	9.531769	0.709534	9.558440	-0.064	9.571	0.719	9.599
14.827	0.089859	9.657928	0.954712	9.705418	0.004	9.525	0.734	9.555
14.829	-0.014877	9.679352	0.826172	9.714558	0.033	9.559	0.760	9.590
14.844	0.306473	9.555573	0.604797	9.579597	0.114	9.606	0.774	9.640
14.877	0.020828	9.465118	0.611938	9.484902	0.101	9.589	0.749	9.621
14.883	0.189835	9.398468	0.414368	9.409513	0.126	9.525	0.614	9.547
14.904	0.246964	9.631744	0.502441	9.648002	0.191	9.513	0.533	9.531
14.929	0.361221	9.565094	0.621460	9.592065	0.205	9.515	0.538	9.534
14.944	0.301712	9.531769	0.657166	9.559159	0.275	9.532	0.549	9.552
14.964	0.035110	9.767426	0.523865	9.781527	0.236	9.624	0.576	9.645
14.988	-0.064865	9.898346	0.683350	9.922118	0.158	9.691	0.621	9.714
