2016-03-03 21:22:27	Start
2016-03-03 21:22:46	End


Time (s)	X	Y	Z	|V|	MAx	MAy	MAz	MAv
0.000	-0.430956	9.490616	0.612916	9.520146	-0.431	9.491	0.613	9.520
0.019	-0.392649	9.500193	0.909797	9.551731	-0.421	9.493	0.687	9.528
0.041	-0.373495	9.490616	0.928950	9.543282	-0.407	9.493	0.766	9.534
0.059	-0.421380	9.538500	0.842759	9.584925	-0.405	9.505	0.824	9.550
0.078	-0.497994	9.605537	0.833182	9.654457	-0.421	9.534	0.879	9.584
0.098	-0.545878	9.615114	0.823605	9.665751	-0.460	9.562	0.857	9.612
0.118	-0.536301	9.605537	0.842759	9.657340	-0.500	9.591	0.836	9.641
0.139	-0.507571	9.538500	0.938527	9.597992	-0.522	9.591	0.860	9.644
0.162	-0.507571	9.528923	0.957681	9.590368	-0.524	9.572	0.891	9.628
0.178	-0.478840	9.538500	0.948104	9.597456	-0.508	9.553	0.922	9.611
0.198	-0.430956	9.500193	1.024718	9.565011	-0.481	9.527	0.967	9.588
0.215	-0.344765	9.414001	1.043872	9.477972	-0.441	9.495	0.994	9.558
0.234	-0.268151	9.356541	1.130063	9.428351	-0.381	9.452	1.037	9.517
0.254	-0.172383	9.289502	1.158794	9.363086	-0.304	9.390	1.089	9.459
0.276	-0.143652	9.232041	1.225831	9.314177	-0.232	9.323	1.140	9.396
0.295	-0.287304	9.279925	1.244985	9.367473	-0.218	9.290	1.190	9.368
0.314	-0.526724	9.423578	1.254562	9.521301	-0.283	9.306	1.221	9.392
0.333	-0.632069	9.557653	1.254562	9.660340	-0.397	9.373	1.245	9.466
0.352	-0.622492	9.662998	1.091756	9.744381	-0.517	9.481	1.211	9.573
0.372	-0.517148	9.557653	1.235408	9.651032	-0.575	9.550	1.209	9.644
0.392	-0.335188	9.366117	1.244985	9.454443	-0.527	9.536	1.207	9.628
0.411	-0.335188	9.260772	1.244985	9.350093	-0.453	9.462	1.204	9.550
0.432	-0.373495	9.203311	1.321599	9.305217	-0.390	9.347	1.262	9.440
0.452	-0.335188	9.251195	1.350330	9.355231	-0.345	9.270	1.290	9.366
0.482	-0.335188	9.404425	1.302446	9.500101	-0.345	9.280	1.305	9.378
0.491	-0.593762	9.509769	1.254562	9.610525	-0.409	9.342	1.307	9.443
0.508	-0.871489	9.672575	1.120486	9.776180	-0.534	9.459	1.257	9.561
0.527	-0.909797	9.662998	1.168370	9.775804	-0.678	9.562	1.211	9.666
0.547	-0.775721	9.490616	1.235408	9.602071	-0.788	9.584	1.195	9.691
0.566	-0.651223	9.270349	1.168370	9.366351	-0.802	9.524	1.173	9.630
0.586	-0.679953	8.992621	1.149217	9.091220	-0.754	9.354	1.180	9.459
0.606	-0.660800	8.762778	1.091756	8.855217	-0.692	9.129	1.161	9.229
0.625	-0.306458	8.542512	1.101333	8.618664	-0.575	8.892	1.128	8.983
0.646	-0.134075	8.590396	1.206678	8.675768	-0.445	8.722	1.137	8.810
0.665	0.948104	9.145850	1.110910	9.261728	-0.038	8.760	1.128	8.853
0.683	1.934515	9.806650	1.254562	10.074059	0.611	9.021	1.168	9.158
0.707	1.187524	9.988609	1.733402	10.207214	0.984	9.383	1.326	9.555
0.724	0.316035	10.160992	1.436521	10.266899	1.097	9.776	1.384	9.952
0.743	0.076614	10.074800	1.532289	10.190946	0.879	10.008	1.489	10.185
0.762	0.181959	9.873688	1.762132	10.031347	0.441	10.025	1.616	10.174
0.783	0.316035	9.586384	1.810017	9.760881	0.223	9.924	1.635	10.063
0.801	0.373495	9.251195	1.762132	9.424925	0.237	9.697	1.717	9.852
0.824	0.354342	8.963891	1.608904	9.114026	0.306	9.419	1.736	9.583
0.841	0.335188	8.877700	1.532289	9.015199	0.345	9.170	1.678	9.329
0.860	0.344765	8.916007	1.561020	9.058191	0.352	9.002	1.616	9.153
0.879	0.354342	8.983045	1.561020	9.124551	0.347	8.935	1.566	9.078
0.899	0.354342	9.059659	1.589750	9.204906	0.347	8.959	1.561	9.101
0.918	0.335188	9.145850	1.599327	9.290682	0.347	9.026	1.578	9.170
0.940	0.325611	9.222465	1.704672	9.384337	0.342	9.103	1.614	9.251
0.957	0.277727	9.232041	1.857901	9.421227	0.323	9.165	1.688	9.325
0.977	0.258574	9.193734	1.905785	9.392743	0.299	9.199	1.767	9.372
0.996	0.239420	9.155427	1.886631	9.350858	0.275	9.201	1.839	9.387
1.016	0.172383	9.059659	1.867477	9.251736	0.237	9.160	1.879	9.354
1.035	0.134075	8.916007	1.953669	9.128525	0.201	9.081	1.903	9.281
1.058	0.239420	8.887277	2.001553	9.113025	0.196	9.005	1.927	9.211
1.076	0.220267	8.868123	2.126051	9.122073	0.192	8.933	1.987	9.154
1.094	0.220267	8.954314	2.250550	9.235433	0.204	8.906	2.083	9.150
1.115	0.363919	9.251195	2.202666	9.516763	0.261	8.990	2.145	9.247
1.133	0.383072	9.299079	2.193089	9.561864	0.297	9.093	2.193	9.359
1.154	0.373495	9.375694	2.193089	9.636015	0.335	9.220	2.210	9.488
1.174	0.287304	9.346964	2.298434	9.629697	0.352	9.318	2.222	9.586
1.192	0.028730	9.452309	1.953669	9.652139	0.268	9.369	2.160	9.620
1.212	0.038307	10.448297	1.953669	10.629449	0.182	9.656	2.100	9.887
1.233	0.325611	11.233594	1.934515	11.403596	0.170	10.120	2.035	10.329
1.251	0.306458	11.779472	1.829170	11.924586	0.175	10.728	1.918	10.902
1.271	0.191536	11.702858	1.302446	11.776669	0.215	11.291	1.755	11.434
1.292	-0.153229	11.549629	0.804452	11.578625	0.168	11.566	1.468	11.671
1.309	-0.287304	11.722012	0.890643	11.759309	0.014	11.688	1.207	11.760
1.331	-0.306458	11.300632	0.545878	11.317959	-0.139	11.569	0.886	11.608
1.349	-0.708684	10.486604	-0.028730	10.510562	-0.364	11.265	0.553	11.292
1.367	-1.197101	9.672575	-0.325611	9.751809	-0.625	10.795	0.271	10.835
1.387	-1.426944	8.848969	-0.411803	8.972737	-0.910	10.077	-0.055	10.138
1.408	-1.551443	8.111555	-0.804452	8.297677	-1.221	9.280	-0.393	9.383
1.428	-1.685518	7.910442	-1.379060	8.204747	-1.465	8.636	-0.730	8.807
1.450	-1.695095	8.456321	-1.570596	8.766384	-1.590	8.332	-1.041	8.560
1.467	-1.580173	9.327810	-1.005565	9.513998	-1.628	8.452	-1.190	8.696
1.491	-1.407791	10.093954	-0.909797	10.232180	-1.592	8.947	-1.216	9.179
1.505	-1.244985	10.448297	-1.158794	10.585825	-1.482	9.582	-1.161	9.775
1.525	-1.177947	10.457873	-0.967257	10.568361	-1.353	10.082	-1.010	10.225
1.544	-1.082179	10.103531	-0.440533	10.170866	-1.228	10.276	-0.869	10.389
1.564	-1.082179	9.691729	-0.114922	9.752637	-1.147	10.175	-0.670	10.269
1.583	-0.909797	9.270349	-0.067038	9.315127	-1.063	9.881	-0.397	9.952
1.607	-1.168370	8.791509	-0.009577	8.868811	-1.061	9.464	-0.158	9.527
1.622	-1.063026	8.437167	0.124498	8.504782	-1.056	9.048	-0.017	9.110
1.645	-1.110910	8.446744	0.555455	8.537572	-1.063	8.736	0.151	8.807
1.662	-0.928950	8.676587	0.603339	8.747007	-1.068	8.588	0.318	8.665
1.680	-0.775721	8.839393	0.603339	8.893854	-0.970	8.600	0.472	8.671
1.700	-0.804452	8.916007	0.574608	8.970646	-0.905	8.720	0.584	8.787
1.723	-0.871489	8.839393	0.651223	8.906090	-0.845	8.818	0.608	8.879
1.740	-0.708684	8.820239	0.746991	8.880138	-0.790	8.854	0.644	8.913
1.758	-0.641646	8.839393	0.900220	8.908253	-0.757	8.854	0.718	8.916
1.779	-0.574608	8.848969	1.063026	8.931095	-0.699	8.837	0.840	8.906
1.797	-0.536301	8.906430	1.120486	8.992642	-0.615	8.854	0.958	8.928
1.818	-0.555455	8.916007	1.149217	9.006909	-0.577	8.878	1.058	8.960
1.839	-0.565032	8.925584	1.206678	9.024488	-0.558	8.899	1.135	8.989
1.856	-0.574608	8.944737	1.283292	9.054576	-0.558	8.923	1.190	9.020
1.876	-0.565032	8.906430	1.350330	9.025915	-0.565	8.923	1.247	9.028
1.896	-0.536301	8.839393	1.455675	8.974490	-0.560	8.904	1.324	9.020
1.915	-0.574608	8.801085	1.541866	8.953582	-0.563	8.873	1.408	9.002
1.934	-0.526724	8.935161	1.637634	9.099252	-0.551	8.871	1.496	9.013
1.956	-0.603339	9.040505	1.742979	9.226740	-0.560	8.904	1.595	9.064
1.972	-0.306458	9.203311	1.790863	9.380941	-0.503	8.995	1.678	9.165
1.993	-0.306458	9.289502	1.972822	9.501621	-0.436	9.117	1.786	9.302
2.012	-0.076614	9.442732	1.800440	9.613149	-0.323	9.244	1.827	9.431
2.032	-0.114922	9.576807	1.771709	9.739989	-0.201	9.378	1.834	9.559
2.051	-0.057461	9.768343	1.924938	9.956365	-0.139	9.519	1.867	9.703
2.072	0.019154	9.959879	1.991976	10.157141	-0.057	9.687	1.872	9.867
2.091	0.191536	10.074800	1.953669	10.264264	0.010	9.845	1.911	10.029
2.110	0.143652	10.103531	1.982399	10.297178	0.074	9.977	1.963	10.169
2.129	0.440533	10.783484	1.561020	10.904788	0.199	10.230	1.872	10.406
2.151	0.737414	11.405977	2.231396	11.645566	0.378	10.592	1.932	10.778
2.170	0.306458	11.434708	0.986411	11.481266	0.407	10.932	1.690	11.082
2.190	0.047884	11.865664	0.363919	11.871339	0.383	11.372	1.286	11.476
2.210	0.172383	11.913548	0.699107	11.935287	0.316	11.655	1.070	11.733
2.229	0.248997	11.856087	0.067038	11.858891	0.194	11.768	0.529	11.787
2.249	0.363919	10.879252	-0.277727	10.888880	0.208	11.629	0.213	11.639
2.272	0.459687	9.097966	-0.881066	9.152080	0.311	10.937	-0.098	10.959
2.291	0.383072	7.718906	-1.244985	7.828042	0.364	9.888	-0.584	9.932
2.311	0.478840	7.125144	-1.158794	7.234623	0.421	8.705	-0.891	8.776
2.329	1.273715	7.489063	-0.928950	7.653193	0.649	7.858	-1.053	7.967
2.347	2.135628	8.801085	-0.459687	9.068149	1.068	7.784	-0.948	7.946
2.362	1.675941	10.151415	-0.574608	10.304862	1.391	8.392	-0.781	8.565
2.383	1.024718	10.649409	-1.168370	10.762205	1.528	9.273	-0.783	9.447
2.403	0.239420	10.352529	-1.474828	10.459794	1.269	9.989	-0.919	10.149
2.423	0.038307	9.883265	-0.957681	9.929629	0.745	10.259	-1.044	10.364
2.441	0.134075	9.414001	-0.019154	9.414975	0.359	10.075	-0.905	10.142
2.463	0.316035	8.848969	0.411803	8.864182	0.182	9.625	-0.510	9.667
2.482	0.555455	8.437167	0.450110	8.467404	0.261	9.146	-0.029	9.169
2.504	0.622492	8.456321	0.248997	8.482857	0.407	8.789	0.273	8.807
2.523	0.555455	8.781932	0.316035	8.805154	0.512	8.631	0.357	8.655
2.544	0.565032	9.318233	0.488417	9.348117	0.575	8.748	0.376	8.776
2.561	0.555455	9.567230	0.737414	9.611670	0.575	9.031	0.448	9.062
2.580	0.584185	9.346964	0.689530	9.390551	0.565	9.254	0.558	9.289
2.598	0.584185	9.117120	0.708684	9.163262	0.572	9.337	0.656	9.378
2.621	0.651223	8.896853	0.967257	8.972941	0.594	9.232	0.776	9.285
2.640	0.660800	8.858546	1.101333	8.951169	0.620	9.055	0.867	9.119
2.661	0.718261	8.896853	1.149217	8.999478	0.654	8.942	0.982	9.022
2.679	0.679953	9.030929	1.254562	9.142972	0.678	8.921	1.118	9.017
2.694	0.555455	9.021352	1.321599	9.134547	0.654	8.952	1.207	9.057
2.714	0.545878	8.992621	1.312023	9.104209	0.625	8.985	1.259	9.095
2.737	0.517148	8.906430	1.312023	9.017391	0.575	8.988	1.300	9.100
2.755	0.603339	8.762778	1.359907	8.888175	0.555	8.921	1.326	9.036
2.777	0.622492	8.628703	1.407791	8.764924	0.572	8.823	1.348	8.944
2.795	0.632069	8.561666	1.398214	8.698082	0.594	8.715	1.369	8.842
2.812	0.708684	8.590396	1.350330	8.724708	0.642	8.636	1.379	8.769
2.832	0.756568	8.714894	1.350330	8.851280	0.680	8.624	1.377	8.760
2.853	0.699107	8.963891	1.417367	9.102144	0.699	8.708	1.379	8.844
2.872	0.584185	9.193734	1.465251	9.328075	0.687	8.866	1.396	9.002
2.893	0.497994	9.318233	1.503559	9.451887	0.634	9.048	1.434	9.183
2.911	0.459687	9.318233	1.551443	9.457683	0.560	9.199	1.484	9.335
2.930	0.450110	9.251195	1.618480	9.402483	0.498	9.270	1.535	9.410
2.949	0.459687	9.222465	1.608904	9.373032	0.467	9.278	1.571	9.421
2.970	0.469264	9.327810	1.484405	9.456834	0.460	9.280	1.566	9.423
2.989	0.517148	9.672575	1.417367	9.789539	0.474	9.369	1.532	9.505
3.009	0.469264	10.371682	0.900220	10.421247	0.479	9.649	1.353	9.760
3.028	0.641646	11.405977	0.967257	11.464886	0.524	10.195	1.192	10.283
3.053	0.632069	11.722012	0.651223	11.757089	0.565	10.793	0.984	10.858
3.072	0.478840	12.210428	0.114922	12.220355	0.555	11.428	0.658	11.466
3.093	0.181959	12.191275	-0.306458	12.196484	0.484	11.882	0.357	11.910
3.111	-0.306458	12.114660	-1.206678	12.178464	0.247	12.060	-0.187	12.088
3.129	-0.526724	11.913548	-1.369483	12.003564	-0.043	12.107	-0.692	12.150
3.144	-0.852336	10.754754	-1.742979	10.928366	-0.376	11.744	-1.156	11.827
3.165	-1.292869	9.442732	-2.681506	9.900867	-0.745	11.056	-1.750	11.253
3.185	-1.733402	8.705317	-3.533842	9.553810	-1.101	10.204	-2.332	10.597
3.206	-2.097321	8.609550	-3.438074	9.504917	-1.494	9.378	-2.849	9.972
3.235	-1.934515	9.634268	-1.896208	10.007850	-1.765	9.098	-2.887	9.742
3.241	-1.714248	10.055647	-1.666364	10.335930	-1.870	9.251	-2.634	9.851
3.262	-1.283292	10.409989	-1.877054	10.655423	-1.757	9.677	-2.219	10.126
3.288	-1.082179	10.122684	-2.336741	10.445105	-1.504	10.056	-1.944	10.361
3.305	-0.967257	9.557653	-2.212242	9.857908	-1.262	10.037	-2.023	10.324
3.326	-0.766145	9.145850	-1.350330	9.276688	-1.025	9.809	-1.944	10.059
3.344	-0.555455	8.801085	-0.746991	8.850177	-0.843	9.407	-1.662	9.607
3.363	-0.651223	8.542512	-0.689530	8.595001	-0.735	9.012	-1.250	9.145
3.381	-0.919373	8.370130	-0.986411	8.478049	-0.723	8.715	-0.943	8.800
3.402	-0.995988	8.283937	-0.727837	8.375282	-0.781	8.499	-0.788	8.575
3.420	-0.957681	8.408437	-0.536301	8.479775	-0.881	8.401	-0.735	8.482
3.439	-0.737414	8.542512	-0.306458	8.579756	-0.903	8.401	-0.639	8.478
3.458	-0.565032	8.705317	-0.277727	8.728055	-0.814	8.485	-0.462	8.541
3.478	-0.526724	8.676587	-0.057461	8.692750	-0.697	8.583	-0.294	8.620
3.498	-0.651223	8.705317	0.000000	8.729642	-0.620	8.657	-0.160	8.683
3.516	-0.727837	8.753201	0.124498	8.784292	-0.618	8.710	-0.053	8.734
3.535	-0.727837	8.868123	0.373495	8.905776	-0.658	8.751	0.110	8.778
3.554	-0.746991	9.040505	0.517148	9.086043	-0.713	8.842	0.254	8.876
3.575	-0.651223	9.088389	0.699107	9.138471	-0.713	8.938	0.429	8.979
3.593	-0.584185	9.050082	0.804452	9.104526	-0.678	9.012	0.599	9.059
3.614	-0.536301	8.896853	0.938527	8.962280	-0.630	9.019	0.740	9.073
3.635	-0.440533	8.810662	1.139640	8.894977	-0.553	8.962	0.895	9.025
3.654	-0.383072	8.705317	1.273715	8.806342	-0.486	8.866	1.039	8.942
3.675	-0.363919	8.676587	1.331176	8.785650	-0.431	8.772	1.171	8.862
3.692	-0.316035	8.734048	1.359907	8.844931	-0.376	8.732	1.276	8.833
3.715	-0.248997	8.877700	1.455675	8.999697	-0.328	8.748	1.355	8.859
3.736	-0.153229	9.107543	1.465251	9.225930	-0.271	8.849	1.403	8.964
3.759	-0.162806	9.394848	1.484405	9.512788	-0.220	9.029	1.441	9.146
3.776	-0.201113	9.777920	1.474828	9.890565	-0.192	9.290	1.470	9.407
3.796	-0.258574	9.988609	1.474828	10.100213	-0.194	9.567	1.475	9.682
3.809	-0.316035	10.275913	1.551443	10.397175	-0.235	9.859	1.496	9.975
3.828	-0.277727	10.371682	1.675941	10.509886	-0.263	10.104	1.544	10.224
3.848	-0.153229	10.314221	1.695095	10.453707	-0.251	10.238	1.599	10.365
3.868	0.162806	10.879252	1.091756	10.935107	-0.146	10.460	1.504	10.574
3.888	0.411803	11.597513	1.838747	11.749592	0.036	10.791	1.575	10.912
3.908	0.181959	11.549629	1.005565	11.594749	0.151	11.085	1.408	11.183
3.927	-0.181959	12.095507	0.124498	12.097516	0.144	11.530	1.015	11.594
3.952	-0.392649	11.932701	0.172383	11.940404	0.005	11.794	0.785	11.846
3.973	-0.469264	11.358093	-0.383072	11.374236	-0.215	11.734	0.230	11.752
3.992	-0.507571	10.180145	-0.737414	10.219431	-0.388	11.392	-0.206	11.408
4.009	-0.239420	8.705317	-1.340753	8.811214	-0.402	10.544	-0.572	10.586
4.024	0.316035	7.881712	-1.675941	8.064120	-0.225	9.531	-1.034	9.617
4.044	1.110910	7.872135	-1.101333	8.026055	0.170	8.660	-1.214	8.780
4.067	1.359907	8.781932	-0.737414	8.917144	0.637	8.310	-1.214	8.455
4.086	1.101333	9.864111	-0.995988	9.975250	0.972	8.600	-1.128	8.746
4.113	0.229843	10.314221	-1.379060	10.408545	0.950	9.208	-1.053	9.332
4.121	0.038307	10.170568	-1.398214	10.266301	0.682	9.783	-1.128	9.892
4.141	0.105345	9.777920	-1.072602	9.837138	0.369	10.032	-1.211	10.122
4.160	0.143652	9.452309	-0.392649	9.461551	0.129	9.929	-1.061	9.993
4.183	0.153229	9.212888	-0.019154	9.214182	0.110	9.653	-0.721	9.695
4.202	0.153229	8.992621	0.095768	8.994436	0.139	9.359	-0.347	9.377
4.222	0.124498	8.810662	-0.076614	8.811875	0.144	9.117	-0.098	9.121
4.240	0.086191	8.753201	-0.019154	8.753647	0.129	8.942	-0.005	8.944
4.260	0.067038	8.963891	0.076614	8.964469	0.108	8.880	0.019	8.881
4.278	0.095768	8.944737	0.354342	8.952266	0.093	8.868	0.084	8.871
4.299	0.143652	8.829816	0.478840	8.843957	0.098	8.873	0.223	8.879
4.317	0.268151	8.762778	0.603339	8.787617	0.144	8.875	0.378	8.887
4.337	0.363919	8.714894	0.612916	8.743997	0.218	8.813	0.512	8.832
4.357	0.373495	8.781932	0.651223	8.813961	0.287	8.772	0.587	8.797
4.377	0.383072	8.983045	0.794875	9.026276	0.347	8.811	0.666	8.843
4.396	0.316035	9.107543	0.976834	9.165229	0.359	8.897	0.759	8.937
4.416	0.220267	9.126697	1.024718	9.186684	0.323	9.000	0.862	9.048
4.434	0.114922	9.088389	1.034295	9.147775	0.259	9.076	0.958	9.131
4.455	0.114922	8.954314	1.120486	9.024879	0.192	9.069	1.039	9.131
4.474	0.210690	8.868123	1.177947	8.948495	0.165	9.009	1.089	9.077
4.493	0.268151	8.839393	1.302446	8.938855	0.177	8.938	1.159	9.015
4.512	0.258574	8.820239	1.331176	8.923873	0.213	8.871	1.233	8.959
4.533	0.287304	8.906430	1.359907	9.014232	0.256	8.859	1.293	8.956
4.551	0.354342	8.935161	1.407791	9.052322	0.292	8.875	1.350	8.982
4.572	0.411803	9.011775	1.455675	9.137869	0.328	8.918	1.389	9.032
4.591	0.363919	9.040505	1.551443	9.179877	0.354	8.973	1.444	9.096
4.615	0.287304	9.117120	1.608904	9.262450	0.354	9.026	1.506	9.158
4.634	0.268151	9.260772	1.637634	9.408276	0.333	9.108	1.563	9.247
4.655	0.239420	9.471462	1.714248	9.628321	0.290	9.222	1.628	9.370
4.673	0.201113	9.730036	1.790863	9.895516	0.249	9.395	1.688	9.549
4.693	0.143652	10.084377	1.934515	10.269257	0.213	9.637	1.769	9.800
4.708	0.076614	10.697293	1.589750	10.815048	0.165	9.996	1.757	10.152
4.730	0.114922	11.176133	1.484405	11.274867	0.134	10.422	1.700	10.564
4.749	0.095768	11.635820	1.130063	11.690959	0.108	10.898	1.535	11.013
4.774	0.038307	11.875240	0.670376	11.894209	0.081	11.346	1.219	11.419
4.790	-0.181959	11.884817	0.229843	11.888432	0.017	11.643	0.879	11.687
4.804	-0.679953	12.095507	-0.402226	12.121279	-0.182	11.873	0.407	11.899
4.825	-1.158794	12.018892	-0.785298	12.100135	-0.496	11.969	-0.072	12.001
4.849	-1.800440	11.051635	-1.436521	11.289101	-0.955	11.763	-0.599	11.850
4.866	-2.365471	9.490616	-2.020706	9.987517	-1.501	11.164	-1.161	11.375
4.890	-2.394202	8.226477	-2.403779	8.898611	-1.930	10.197	-1.662	10.569
4.905	-2.403779	7.632715	-2.183512	8.294831	-2.241	9.100	-2.011	9.618
4.925	-2.240973	7.929596	-1.379060	8.354775	-2.351	8.320	-1.997	8.884
4.943	-1.589750	8.906430	-1.082179	9.111691	-2.157	8.174	-1.762	8.665
4.964	-1.110910	9.691729	-1.225831	9.831907	-1.836	8.540	-1.468	8.898
4.983	-0.737414	10.007763	-1.350330	10.125339	-1.420	9.134	-1.259	9.356
5.003	-0.612916	9.864111	-1.158794	9.950837	-1.013	9.618	-1.204	9.755
5.021	-0.584185	9.730036	-0.612916	9.766808	-0.761	9.823	-1.087	9.919
5.040	-0.536301	9.519346	-0.229843	9.537211	-0.618	9.780	-0.838	9.845
5.058	-0.679953	9.136273	-0.258574	9.165189	-0.603	9.562	-0.565	9.605
5.081	-0.756568	8.628703	-0.134075	8.662845	-0.639	9.254	-0.309	9.283
5.103	-0.689530	8.427590	0.201113	8.458142	-0.666	8.928	-0.105	8.956
5.124	-0.603339	8.599973	0.306458	8.626556	-0.682	8.698	0.029	8.728
5.136	-0.603339	8.848969	0.210690	8.872016	-0.663	8.626	0.146	8.655
5.156	-0.622492	8.963891	0.344765	8.992091	-0.630	8.710	0.266	8.737
5.176	-0.689530	8.963891	0.459687	9.002116	-0.630	8.844	0.330	8.873
5.198	-0.699107	9.030929	0.430956	9.068194	-0.654	8.952	0.362	8.984
5.215	-0.708684	9.097966	0.584185	9.144205	-0.680	9.014	0.455	9.052
5.236	-0.632069	9.155427	0.689530	9.203087	-0.682	9.062	0.541	9.104
5.255	-0.517148	9.165004	0.794875	9.213933	-0.639	9.112	0.625	9.157
5.274	-0.402226	9.117120	0.861913	9.166600	-0.565	9.134	0.733	9.182
5.293	-0.335188	9.030929	0.957681	9.087749	-0.472	9.117	0.826	9.168
5.314	-0.325611	8.906430	1.024718	8.971097	-0.395	9.055	0.910	9.110
5.334	-0.363919	8.810662	1.130063	8.890290	-0.357	8.966	0.994	9.029
5.354	-0.354342	8.762778	1.206678	8.852565	-0.345	8.878	1.080	8.950
5.371	-0.354342	8.791509	1.283292	8.891739	-0.350	8.818	1.161	8.901
5.397	-0.325611	8.848969	1.283292	8.947465	-0.350	8.803	1.226	8.896
5.414	-0.287304	8.983045	1.350330	9.088510	-0.330	8.847	1.281	8.945
5.434	-0.287304	9.117120	1.340753	9.219655	-0.314	8.935	1.314	9.037
5.453	-0.277727	9.222465	1.474828	9.343774	-0.294	9.043	1.362	9.150
5.475	-0.287304	9.327810	1.474828	9.448053	-0.285	9.163	1.410	9.275
5.487	-0.383072	9.366117	1.340753	9.469346	-0.309	9.258	1.408	9.370
5.508	-0.411803	9.385271	1.225831	9.473941	-0.340	9.325	1.379	9.434
5.528	-0.277727	9.433155	1.340753	9.532007	-0.340	9.378	1.346	9.481
5.547	-0.057461	9.586384	1.436521	9.693588	-0.283	9.443	1.336	9.542
5.567	0.086191	9.854534	1.551443	9.976285	-0.165	9.565	1.389	9.669
5.586	0.181959	10.362105	1.350330	10.451303	-0.017	9.809	1.420	9.913
5.605	0.507571	11.291056	1.551443	11.408442	0.180	10.274	1.472	10.382
5.628	0.172383	11.846510	1.139640	11.902449	0.237	10.839	1.398	10.935
5.646	-0.258574	12.248735	-0.086191	12.251768	0.151	11.437	0.989	11.503
5.664	-0.191536	12.220005	0.181959	12.222860	0.057	11.902	0.697	11.946
5.685	-0.124498	11.951855	-0.248997	11.955096	-0.101	12.067	0.247	12.083
5.704	-0.248997	11.769896	-1.091756	11.823044	-0.206	12.048	-0.311	12.063
5.724	-0.162806	10.898406	-1.493982	11.001533	-0.182	11.710	-0.663	11.751
5.747	0.248997	9.672575	-1.819593	9.845386	-0.072	11.073	-1.164	11.156
5.766	0.746991	8.695741	-1.158794	8.804357	0.146	10.259	-1.391	10.369
5.788	1.005565	7.987057	-0.976834	8.109158	0.460	9.313	-1.362	9.440
5.802	1.063026	7.900866	-1.158794	8.055836	0.766	8.564	-1.279	8.704
5.821	0.852336	8.427590	-1.053449	8.535837	0.917	8.253	-1.087	8.376
5.839	0.373495	8.963891	-0.881066	9.014827	0.824	8.320	-1.018	8.429
5.861	0.191536	9.356541	-0.794875	9.392197	0.620	8.662	-0.972	8.750
5.881	0.287304	9.500193	-0.603339	9.523667	0.426	9.062	-0.833	9.117
5.903	0.344765	9.452309	-0.344765	9.464876	0.299	9.318	-0.656	9.349
5.921	0.373495	9.394848	-0.191536	9.404220	0.299	9.426	-0.484	9.446
5.939	0.411803	9.318233	0.009577	9.327333	0.354	9.416	-0.283	9.430
5.959	0.450110	9.299079	0.210690	9.312350	0.395	9.366	-0.079	9.377
5.986	0.536301	9.299079	0.383072	9.322405	0.443	9.328	0.103	9.342
6.004	0.603339	9.289502	0.392649	9.317352	0.500	9.301	0.249	9.320
6.016	0.622492	9.184157	0.507571	9.219212	0.553	9.268	0.373	9.293
6.036	0.632069	9.021352	0.632069	9.065529	0.599	9.199	0.479	9.231
6.055	0.689530	8.820239	0.689530	8.873980	0.637	9.079	0.555	9.119
6.075	0.794875	8.657434	0.766145	8.727540	0.685	8.921	0.649	8.972
6.097	0.909797	8.619126	0.804452	8.704264	0.757	8.780	0.723	8.843
6.118	0.976834	8.657434	0.794875	8.748554	0.843	8.689	0.764	8.764
6.138	0.948104	8.743625	0.794875	8.830725	0.907	8.669	0.790	8.753
6.151	0.842759	8.848969	0.871489	8.931629	0.919	8.717	0.816	8.804
6.172	0.689530	8.983045	0.890643	9.053385	0.864	8.808	0.838	8.891
6.192	0.651223	9.050082	0.938527	9.121892	0.783	8.906	0.874	8.984
6.211	0.641646	9.078813	0.967257	9.152712	0.706	8.990	0.917	9.065
6.231	0.632069	9.050082	0.995988	9.126637	0.654	9.041	0.948	9.114
6.250	0.612916	8.983045	1.082179	9.068730	0.634	9.041	0.996	9.117
6.269	0.574608	8.944737	1.110910	9.031757	0.615	9.014	1.039	9.095
6.293	0.574608	8.963891	1.149217	9.055508	0.599	8.985	1.085	9.071
6.309	0.641646	8.963891	1.244985	9.072654	0.601	8.964	1.147	9.057
6.328	0.699107	9.021352	1.225831	9.131057	0.622	8.973	1.183	9.073
6.347	0.670376	9.069236	1.273715	9.182744	0.646	9.005	1.223	9.110
6.367	0.565032	9.184157	1.369483	9.302876	0.644	9.060	1.279	9.172
6.388	0.469264	9.318233	1.446098	9.441445	0.601	9.148	1.329	9.265
6.411	0.392649	9.394848	1.446098	9.513598	0.524	9.242	1.384	9.360
6.429	0.373495	9.528923	1.312023	9.626073	0.450	9.357	1.393	9.471
6.451	0.268151	9.902418	1.225831	9.981606	0.376	9.536	1.358	9.641
6.468	0.268151	10.611102	1.244985	10.687253	0.326	9.859	1.307	9.952
6.486	0.268151	11.156980	1.455675	11.254736	0.294	10.300	1.310	10.387
6.506	0.210690	11.798626	1.158794	11.857267	0.254	10.867	1.271	10.945
6.527	-0.047884	12.028469	0.679953	12.047767	0.175	11.399	1.135	11.462
6.544	-0.363919	11.894394	0.047884	11.900056	0.017	11.720	0.836	11.765
6.563	-0.517148	11.980585	-0.402226	11.998485	-0.180	11.926	0.371	11.951
6.583	-0.584185	11.808203	-0.584185	11.837069	-0.378	11.928	-0.065	11.946
6.603	-0.881066	10.821792	-0.900220	10.894854	-0.587	11.626	-0.460	11.658
6.621	-1.292869	9.586384	-1.388637	9.772338	-0.819	11.049	-0.819	11.126
6.644	-1.465251	8.743625	-1.781286	9.042727	-1.056	10.240	-1.164	10.387
6.663	-1.493982	8.216900	-1.647211	8.512504	-1.283	9.342	-1.429	9.556
6.683	-1.398214	8.341399	-1.216254	8.544777	-1.413	8.722	-1.508	8.968
6.701	-1.024718	9.069236	-0.823605	9.164028	-1.346	8.593	-1.367	8.816
6.722	-0.842759	9.710882	-0.756568	9.776700	-1.190	8.835	-1.111	9.000
6.740	-0.737414	9.959879	-0.861913	10.024264	-1.001	9.270	-0.915	9.377
6.760	-0.689530	9.854534	-0.536301	9.893175	-0.824	9.649	-0.745	9.715
6.781	-0.526724	9.672575	-0.124498	9.687706	-0.699	9.799	-0.570	9.845
6.802	-0.392649	9.490616	0.191536	9.500666	-0.587	9.744	-0.333	9.776
6.816	-0.344765	9.002198	0.201113	9.011042	-0.488	9.505	-0.067	9.523
6.836	-0.335188	8.552089	0.268151	8.562855	-0.400	9.179	0.134	9.191
6.857	-0.306458	8.331821	0.497994	8.352315	-0.345	8.844	0.290	8.857
6.883	-0.373495	8.370130	0.622492	8.401551	-0.340	8.564	0.397	8.582
6.899	-0.459687	8.552089	0.718261	8.594500	-0.369	8.452	0.527	8.478
6.917	-0.526724	8.753201	0.718261	8.798402	-0.417	8.502	0.639	8.537
6.944	-0.670376	8.916007	0.718261	8.969977	-0.508	8.648	0.694	8.691
6.960	-0.699107	8.963891	0.708684	9.018998	-0.589	8.796	0.716	8.845
6.978	-0.737414	9.021352	0.794875	9.086275	-0.658	8.914	0.735	8.968
7.000	-0.727837	9.050082	0.890643	9.122882	-0.709	8.988	0.778	9.050
7.017	-0.622492	9.030929	0.976834	9.104909	-0.697	9.017	0.843	9.083
7.031	-0.478840	8.992621	1.053449	9.066768	-0.642	9.024	0.929	9.095
7.051	-0.373495	8.954314	1.149217	9.035482	-0.551	9.007	1.018	9.083
7.076	-0.268151	8.944737	1.216254	9.031031	-0.436	8.981	1.099	9.060
7.095	-0.134075	8.973468	1.264138	9.063065	-0.314	8.966	1.171	9.049
7.116	-0.076614	8.992621	1.331176	9.090937	-0.213	8.966	1.240	9.055
7.134	-0.086191	9.011775	1.350330	9.112788	-0.141	8.981	1.290	9.074
7.149	-0.134075	9.021352	1.379060	9.127134	-0.108	9.000	1.331	9.098
7.168	-0.172383	9.059659	1.321599	9.157170	-0.117	9.021	1.346	9.122
7.192	-0.220267	9.155427	1.321599	9.252945	-0.153	9.062	1.343	9.163
7.210	-0.229843	9.289502	1.369483	9.392719	-0.189	9.131	1.348	9.232
7.232	-0.134075	9.461885	1.369483	9.561419	-0.189	9.242	1.346	9.341
7.251	-0.019154	9.634268	1.340753	9.727132	-0.151	9.385	1.350	9.484
7.266	0.047884	9.902418	1.388637	9.999425	-0.084	9.572	1.367	9.670
7.285	0.124498	10.237606	1.465251	10.342681	0.005	9.809	1.391	9.908
7.309	0.181959	10.572795	1.589750	10.693194	0.084	10.087	1.446	10.191
7.327	0.383072	11.176133	1.637634	11.301971	0.184	10.472	1.520	10.584
7.349	0.450110	11.444284	2.173935	11.657626	0.285	10.858	1.717	10.999
7.367	0.172383	11.329363	1.340753	11.409724	0.297	11.131	1.686	11.266
7.382	-0.114922	11.166556	0.785298	11.194725	0.223	11.279	1.484	11.391
7.403	-0.134075	10.927136	0.785298	10.956139	0.093	11.217	1.271	11.305
7.425	-0.143652	10.879252	0.181959	10.881722	-0.055	11.076	0.773	11.111
7.448	-0.028730	11.070788	-0.057461	11.070975	-0.105	11.011	0.424	11.026
7.466	0.172383	10.773908	-0.114922	10.775900	-0.034	10.913	0.199	10.921
7.484	0.603339	9.902418	-0.699107	9.945383	0.151	10.657	-0.172	10.668
7.499	0.909797	9.222465	-0.938527	9.314635	0.414	10.242	-0.453	10.277
7.520	0.986411	8.398860	-0.641646	8.480894	0.668	9.574	-0.599	9.629
7.542	1.225831	7.738060	-0.804452	7.875746	0.931	8.815	-0.771	8.904
7.562	1.493982	7.766790	-0.708684	7.940859	1.154	8.282	-0.773	8.403
7.582	1.493982	8.322245	-0.459687	8.467765	1.300	8.056	-0.654	8.191
7.601	1.130063	8.954314	-0.363919	9.032675	1.336	8.195	-0.584	8.329
7.625	0.756568	9.452309	-0.316035	9.487803	1.219	8.624	-0.462	8.732
7.645	0.440533	9.653421	-0.210690	9.665764	0.955	9.096	-0.338	9.164
7.670	0.287304	9.615114	-0.047884	9.619525	0.654	9.419	-0.235	9.451
7.677	0.296881	9.442732	0.210690	9.449746	0.445	9.541	-0.091	9.556
7.696	0.450110	9.232041	0.258574	9.246624	0.369	9.486	0.053	9.495
7.715	0.565032	9.145850	0.363919	9.170511	0.400	9.359	0.196	9.372
7.735	0.651223	9.260772	0.459687	9.295014	0.491	9.270	0.323	9.290
7.755	0.670376	9.318233	0.622492	9.363032	0.584	9.239	0.426	9.269
7.775	0.689530	9.346964	0.699107	9.398400	0.644	9.268	0.536	9.307
7.797	0.718261	9.260772	0.641646	9.310720	0.682	9.297	0.606	9.342
7.816	0.823605	9.078813	0.814029	9.152366	0.725	9.251	0.694	9.306
7.831	0.919373	8.963891	0.986411	9.064745	0.788	9.163	0.785	9.232
7.852	0.948104	8.877700	0.995988	8.983565	0.852	9.045	0.860	9.128
7.871	0.861913	8.925584	0.948104	9.017086	0.888	8.962	0.936	9.054
7.891	0.794875	9.011775	1.015141	9.103539	0.881	8.945	0.986	9.042
7.910	0.651223	9.117120	1.130063	9.209941	0.814	8.983	1.022	9.079
7.932	0.440533	9.145850	1.235408	9.239420	0.687	9.050	1.082	9.143
7.951	0.316035	9.097966	1.283292	9.193460	0.551	9.093	1.166	9.187
7.974	0.287304	9.040505	1.350330	9.145308	0.424	9.100	1.250	9.197
7.992	0.306458	8.906430	1.446098	9.028268	0.338	9.048	1.329	9.152
8.013	0.325611	8.801085	1.532289	8.939409	0.309	8.962	1.403	9.077
8.030	0.344765	8.820239	1.561020	8.963942	0.316	8.892	1.472	9.019
8.048	0.363919	8.925584	1.618480	9.078434	0.335	8.863	1.539	9.003
8.067	0.402226	8.925584	1.675941	9.090468	0.359	8.868	1.597	9.018
8.090	0.469264	8.935161	1.647211	9.097835	0.395	8.902	1.626	9.058
8.107	0.517148	9.011775	1.647211	9.175665	0.438	8.950	1.647	9.111
8.125	0.593762	9.270349	1.723825	9.447936	0.496	9.036	1.674	9.203
8.146	0.593762	9.500193	1.771709	9.682209	0.543	9.179	1.697	9.351
8.166	0.574608	9.720459	1.771709	9.897295	0.570	9.376	1.729	9.551
8.185	0.430956	9.911995	1.752556	10.074960	0.548	9.601	1.755	9.776
8.207	0.191536	10.486604	1.503559	10.595576	0.448	9.905	1.700	10.063
8.227	0.306458	11.156980	1.762132	11.299435	0.376	10.319	1.697	10.467
8.247	0.277727	11.741165	1.580173	11.850276	0.302	10.824	1.650	10.955
8.265	0.162806	11.894394	1.369483	11.974080	0.235	11.320	1.554	11.430
8.281	0.076614	11.722012	0.852336	11.753208	0.206	11.629	1.391	11.719
8.301	-0.162806	11.702858	0.229843	11.706247	0.089	11.765	1.008	11.821
8.323	-0.373495	11.166556	-0.124498	11.173494	-0.074	11.621	0.582	11.652
8.340	-0.900220	9.998186	-0.852336	10.074750	-0.340	11.147	0.026	11.177
8.360	-1.541866	8.705317	-1.350330	8.943338	-0.745	10.393	-0.524	10.474
8.380	-1.800440	7.776367	-1.541866	8.129626	-1.154	9.412	-0.967	9.580
8.398	-1.762132	7.623138	-1.273715	7.927149	-1.501	8.526	-1.255	8.769
8.418	-1.532289	8.465898	-0.555455	8.621361	-1.659	8.143	-1.180	8.405
8.438	-1.168370	9.509769	-0.622492	9.601474	-1.566	8.344	-0.998	8.570
8.457	-0.871489	10.141838	-0.823605	10.212478	-1.334	8.935	-0.819	9.091
8.476	-0.670376	10.256760	-0.756568	10.306450	-1.061	9.594	-0.690	9.685
8.496	-0.440533	10.180145	-0.526724	10.203277	-0.788	10.022	-0.682	10.081
8.516	-0.143652	10.113108	0.028730	10.114169	-0.532	10.173	-0.520	10.209
8.536	-0.047884	9.758766	0.210690	9.761158	-0.326	10.077	-0.261	10.096
8.556	-0.095768	9.241618	-0.038307	9.242194	-0.182	9.823	-0.081	9.830
8.575	-0.220267	8.705317	-0.076614	8.708441	-0.127	9.455	0.031	9.456
8.597	-0.220267	8.360553	0.105345	8.364117	-0.146	9.017	0.050	9.019
8.615	-0.220267	8.360553	0.229843	8.366611	-0.189	8.667	0.055	8.670
8.643	-0.239420	8.485051	0.191536	8.490589	-0.225	8.478	0.113	8.482
8.661	-0.258574	8.561666	0.067038	8.565832	-0.235	8.442	0.148	8.447
8.680	-0.258574	8.743625	0.229843	8.750466	-0.244	8.538	0.180	8.543
8.698	-0.239420	9.040505	0.191536	9.045703	-0.249	8.708	0.170	8.713
8.711	-0.210690	9.270349	0.277727	9.276900	-0.242	8.904	0.192	8.910
8.731	-0.201113	9.337387	0.421380	9.349053	-0.227	9.098	0.280	9.106
8.754	-0.162806	9.270349	0.497994	9.285142	-0.204	9.230	0.347	9.239
8.769	-0.105345	9.174581	0.574608	9.193161	-0.170	9.263	0.443	9.276
8.790	-0.009577	9.030929	0.689530	9.057219	-0.120	9.203	0.546	9.221
8.810	0.038307	9.011775	0.814029	9.048547	-0.060	9.122	0.644	9.146
8.828	0.038307	9.040505	0.900220	9.085296	-0.010	9.064	0.745	9.096
8.848	0.057461	9.078813	0.852336	9.118915	0.031	9.041	0.814	9.078
8.871	0.057461	9.212888	0.861913	9.253297	0.048	9.086	0.857	9.127
8.887	0.086191	9.375694	0.938527	9.422946	0.060	9.177	0.888	9.220
8.906	0.038307	9.452309	1.034295	9.508805	0.060	9.280	0.922	9.326
8.927	-0.057461	9.442732	0.928950	9.488490	0.031	9.371	0.941	9.418
8.945	-0.172383	9.538500	0.928950	9.585178	-0.026	9.452	0.958	9.501
8.964	-0.143652	9.701305	0.995988	9.753356	-0.084	9.534	0.972	9.584
8.987	-0.067038	9.959879	1.072602	10.017692	-0.110	9.661	0.982	9.711
9.004	0.000000	10.247183	1.264138	10.324863	-0.096	9.862	1.065	9.920
9.023	0.038307	10.409989	1.417367	10.506107	-0.043	10.080	1.188	10.151
9.044	0.248997	10.591949	1.254562	10.668894	0.055	10.302	1.252	10.379
9.062	0.440533	10.984597	1.474828	11.091914	0.182	10.558	1.353	10.648
9.082	0.210690	11.070788	0.948104	11.113309	0.235	10.764	1.274	10.845
9.104	0.124498	11.425131	0.229843	11.428121	0.256	11.018	0.977	11.076
9.122	0.210690	11.559206	0.344765	11.566266	0.247	11.260	0.749	11.300
9.141	0.172383	11.731588	-0.220267	11.734922	0.180	11.447	0.326	11.461
9.161	0.277727	11.693281	-0.536301	11.708867	0.196	11.602	-0.045	11.610
9.181	0.430956	10.668563	-0.928950	10.717598	0.273	11.413	-0.335	11.432
9.198	0.622492	9.366117	-1.388637	9.488939	0.376	10.865	-0.769	10.913
9.221	0.785298	8.121132	-1.225831	8.250584	0.529	9.962	-1.020	10.042
9.238	1.043872	7.182605	-1.063026	7.335497	0.721	8.835	-1.152	8.948
9.258	1.216254	7.058106	-1.149217	7.253747	0.917	7.932	-1.207	8.082
9.278	1.158794	7.852982	-0.976834	7.997895	1.051	7.554	-1.104	7.709
9.297	0.881066	8.887277	-0.785298	8.965303	1.075	7.745	-0.994	7.888
9.317	0.679953	9.768343	-0.938527	9.836854	0.984	8.392	-0.962	8.513
9.338	0.373495	10.208876	-0.871489	10.252811	0.773	9.179	-0.893	9.263
9.357	0.076614	10.103531	-0.651223	10.124786	0.503	9.742	-0.812	9.795
9.378	0.124498	9.777920	-0.411803	9.787379	0.314	9.965	-0.718	10.000
9.395	0.469264	9.394848	-0.095768	9.407048	0.261	9.871	-0.508	9.893
9.420	0.699107	9.126697	0.162806	9.154881	0.342	9.601	-0.249	9.619
9.438	0.727837	9.097966	0.229843	9.129927	0.505	9.349	-0.029	9.370
9.457	0.612916	9.193734	0.268151	9.218043	0.627	9.203	0.141	9.227
9.477	0.545878	9.232041	0.392649	9.256498	0.646	9.163	0.263	9.190
9.495	0.565032	9.088389	0.469264	9.118020	0.613	9.153	0.340	9.181
9.512	0.651223	8.935161	0.488417	8.972164	0.594	9.112	0.405	9.141
9.536	0.727837	8.801085	0.641646	8.854409	0.622	9.014	0.498	9.050
9.554	0.766145	8.791509	0.718261	8.854010	0.678	8.904	0.579	8.950
9.575	0.689530	8.868123	0.804452	8.931192	0.709	8.849	0.663	8.903
9.593	0.622492	8.963891	0.967257	9.037390	0.702	8.856	0.783	8.919
9.611	0.517148	9.088389	0.976834	9.155352	0.649	8.928	0.867	8.994
9.630	0.459687	9.174581	1.130063	9.255338	0.572	9.024	0.970	9.095
9.653	0.363919	9.155427	1.206678	9.241772	0.491	9.096	1.070	9.172
9.672	0.258574	9.040505	1.244985	9.129490	0.400	9.115	1.140	9.195
9.692	0.229843	8.935161	1.379060	9.043878	0.328	9.076	1.240	9.168
9.712	0.248997	8.906430	1.541866	9.042336	0.275	9.009	1.343	9.114
9.732	0.220267	8.858546	1.465251	8.981610	0.239	8.935	1.408	9.049
9.750	0.220267	8.791509	1.446098	8.912370	0.230	8.873	1.458	8.995
9.769	0.287304	8.781932	1.417367	8.900214	0.244	8.835	1.468	8.959
9.789	0.268151	8.896853	1.455675	9.019140	0.249	8.832	1.446	8.953
9.810	0.248997	9.050082	1.436521	9.166765	0.256	8.880	1.439	9.000
9.827	0.316035	9.337387	1.350330	9.439813	0.280	9.017	1.415	9.131
9.845	0.354342	9.730036	1.532289	9.856321	0.297	9.254	1.444	9.371
9.864	0.277727	10.055647	1.666364	10.196565	0.299	9.543	1.496	9.665
9.885	0.095768	10.630256	1.436521	10.727306	0.261	9.938	1.496	10.055
9.904	0.191536	11.109096	1.513135	11.213308	0.230	10.381	1.537	10.498
9.923	0.258574	11.836933	1.455675	11.928908	0.206	10.908	1.518	11.017
9.942	0.239420	12.085930	1.149217	12.142805	0.196	11.416	1.389	11.503
9.961	0.028730	11.951855	0.325611	11.956324	0.180	11.746	1.111	11.810
9.981	-0.306458	11.884817	-0.517148	11.900010	0.055	11.940	0.603	11.982
10.001	-0.517148	11.578360	-0.612916	11.606099	-0.139	11.875	0.086	11.901
10.019	-0.995988	10.572795	-0.928950	10.660156	-0.448	11.497	-0.433	11.531
10.039	-1.618480	9.327810	-1.637634	9.607776	-0.860	10.841	-0.924	10.944
10.059	-1.857901	8.322245	-2.135628	8.790476	-1.247	9.950	-1.329	10.166
10.078	-1.934515	8.015787	-1.790863	8.438151	-1.602	9.060	-1.623	9.374
10.097	-1.752556	8.523358	-1.015141	8.760685	-1.791	8.547	-1.645	8.899
10.117	-1.177947	9.289502	-0.871489	9.404355	-1.681	8.538	-1.453	8.848
10.136	-0.890643	9.892841	-1.082179	9.991630	-1.439	8.930	-1.190	9.149
10.157	-0.632069	10.122684	-0.689530	10.165811	-1.113	9.457	-0.915	9.581
10.175	-0.459687	10.122684	-0.497994	10.145346	-0.790	9.857	-0.785	9.927
10.199	-0.402226	9.749189	-0.067038	9.757714	-0.596	9.972	-0.584	10.015
10.216	-0.306458	9.107543	0.191536	9.114711	-0.450	9.776	-0.266	9.796
10.234	-0.306458	8.638280	0.172383	8.645433	-0.369	9.404	-0.050	9.416
10.253	-0.287304	8.312668	0.239420	8.321076	-0.326	8.952	0.134	8.960
10.274	-0.258574	8.312668	0.536301	8.333963	-0.290	8.593	0.285	8.604
10.293	-0.296881	8.494628	0.641646	8.523999	-0.287	8.440	0.397	8.456
10.318	-0.363919	8.619126	0.555455	8.644669	-0.302	8.435	0.493	8.456
10.335	-0.507571	8.705317	0.574608	8.739014	-0.357	8.533	0.577	8.560
10.356	-0.545878	8.781932	0.718261	8.828149	-0.429	8.650	0.622	8.684
10.374	-0.565032	8.858546	0.718261	8.905560	-0.496	8.741	0.642	8.779
10.391	-0.507571	8.944737	0.756568	8.991015	-0.532	8.823	0.692	8.866
10.410	-0.402226	9.040505	0.919373	9.096030	-0.505	8.906	0.778	8.955
10.432	-0.316035	9.078813	0.957681	9.134652	-0.448	8.981	0.838	9.032
10.449	-0.306458	9.069236	1.024718	9.132087	-0.383	9.033	0.915	9.088
10.467	-0.296881	9.011775	1.091756	9.082519	-0.330	9.050	0.998	9.111
10.489	-0.268151	8.906430	1.130063	8.981840	-0.297	9.017	1.051	9.083
10.507	-0.229843	8.820239	1.340753	8.924520	-0.275	8.952	1.147	9.030
10.527	-0.229843	8.887277	1.312023	8.986541	-0.256	8.906	1.219	8.994
10.548	-0.258574	9.011775	1.388637	9.121802	-0.247	8.906	1.293	9.004
10.567	-0.316035	9.126697	1.446098	9.245954	-0.259	8.962	1.372	9.070
10.586	-0.392649	9.212888	1.340753	9.318213	-0.299	9.060	1.372	9.168
10.608	-0.402226	9.318233	1.312023	9.418740	-0.342	9.167	1.372	9.276
10.624	-0.325611	9.490616	1.359907	9.593079	-0.359	9.287	1.365	9.394
10.645	-0.191536	9.739613	1.398214	9.841328	-0.328	9.440	1.353	9.543
10.665	-0.076614	10.036493	1.474828	10.144564	-0.249	9.646	1.386	9.749
10.684	0.000000	10.342952	1.685518	10.479391	-0.148	9.902	1.480	10.015
10.703	0.057461	10.668563	1.599327	10.787928	-0.053	10.197	1.539	10.313
10.724	0.258574	11.338940	1.819593	11.486920	0.060	10.597	1.645	10.725
10.746	0.057461	11.520899	1.522712	11.621233	0.093	10.968	1.657	11.094
10.763	-0.076614	11.626244	0.574608	11.640687	0.074	11.289	1.379	11.384
10.783	-0.210690	11.540052	0.497994	11.552714	0.007	11.507	1.104	11.575
10.803	-0.134075	11.559206	0.258574	11.562875	-0.091	11.562	0.713	11.594
10.822	0.076614	11.741165	-0.028730	11.741451	-0.086	11.617	0.326	11.624
10.841	0.287304	11.473015	-0.287304	11.480208	0.005	11.578	0.110	11.584
10.860	0.411803	10.295067	-0.928950	10.345092	0.160	11.267	-0.247	11.282
10.879	0.622492	8.983045	-1.369483	9.108132	0.350	10.623	-0.654	10.669
10.898	0.766145	7.900866	-1.197101	8.027684	0.522	9.663	-0.946	9.740
10.919	1.082179	7.201759	-1.091756	7.363992	0.721	8.595	-1.147	8.711
10.941	1.426944	7.489063	-0.928950	7.680181	0.974	7.894	-1.147	8.045
10.957	1.302446	8.465898	-0.670376	8.591693	1.144	7.764	-0.972	7.916
10.981	0.833182	9.318233	-0.766145	9.386727	1.161	8.119	-0.864	8.256
10.996	0.440533	9.844957	-0.708684	9.880258	1.001	8.780	-0.769	8.885
11.015	0.134075	9.854534	-0.507571	9.868508	0.678	9.371	-0.663	9.432
11.035	-0.028730	9.615114	-0.306458	9.620040	0.345	9.658	-0.572	9.689
11.055	0.009577	9.212888	-0.047884	9.213018	0.139	9.632	-0.393	9.645
11.074	0.239420	8.753201	-0.028730	8.756522	0.089	9.359	-0.223	9.365
11.097	0.392649	8.628703	0.047884	8.637765	0.153	9.052	-0.084	9.057
11.113	0.421380	8.781932	0.354342	8.799173	0.266	8.844	0.081	8.852
11.135	0.507571	9.050082	0.536301	9.080156	0.390	8.803	0.227	8.818
11.154	0.622492	9.299079	0.517148	9.334228	0.486	8.940	0.364	8.963
11.172	0.699107	9.299079	0.622492	9.346075	0.563	9.108	0.508	9.140
11.191	0.814029	9.203311	0.766145	9.270952	0.661	9.213	0.611	9.258
11.213	0.890643	9.069236	0.881066	9.155357	0.757	9.218	0.697	9.277
11.231	0.842759	8.992621	0.928950	9.079671	0.812	9.141	0.800	9.213
11.250	0.718261	9.040505	0.948104	9.118418	0.816	9.076	0.881	9.156
11.271	0.593762	9.136273	1.110910	9.222698	0.761	9.060	0.967	9.144
11.288	0.421380	9.107543	1.187524	9.194298	0.644	9.069	1.044	9.154
11.307	0.268151	9.040505	1.273715	9.133728	0.500	9.081	1.130	9.167
11.330	0.162806	8.896853	1.407791	9.009016	0.362	9.045	1.245	9.140
11.347	0.124498	8.772355	1.302446	8.869390	0.244	8.954	1.293	9.052
11.366	0.162806	8.743625	1.350330	8.848778	0.180	8.863	1.334	8.965
11.387	0.306458	8.743625	1.312023	8.846824	0.189	8.789	1.343	8.894
11.407	0.497994	8.743625	1.407791	8.870222	0.273	8.751	1.343	8.859
11.426	0.660800	8.772355	1.436521	8.913723	0.407	8.751	1.377	8.870
11.448	0.660800	8.887277	1.331176	9.010681	0.532	8.787	1.372	8.910
11.466	0.641646	9.212888	1.350330	9.333403	0.615	8.904	1.381	9.032
11.488	0.593762	9.710882	1.446098	9.835903	0.639	9.146	1.391	9.273
11.506	0.507571	10.046070	1.503559	10.170636	0.601	9.464	1.408	9.588
11.531	0.373495	10.247183	1.561020	10.372128	0.529	9.804	1.465	9.928
11.547	0.172383	10.869676	1.312023	10.949930	0.412	10.218	1.456	10.332
11.567	0.248997	11.434708	1.350330	11.516854	0.326	10.649	1.432	10.752
11.588	0.344765	12.258312	1.197101	12.321450	0.285	11.202	1.355	11.290
11.607	0.344765	12.526464	0.938527	12.566304	0.278	11.772	1.199	11.839
11.622	0.105345	12.469003	0.162806	12.470510	0.261	12.172	0.912	12.219
11.641	-0.162806	12.009315	-0.593762	12.025087	0.158	12.316	0.426	12.346
11.661	-0.306458	11.042058	-0.804452	11.075563	-0.005	12.012	-0.074	12.034
11.681	-0.794875	9.538500	-0.986411	9.622256	-0.290	11.265	-0.555	11.298
11.700	-1.407791	7.967903	-1.455675	8.221213	-0.668	10.139	-0.960	10.236
11.721	-1.915361	7.201759	-2.020706	7.721217	-1.106	8.938	-1.317	9.160
11.740	-2.193089	7.699753	-1.426944	8.132159	-1.578	8.102	-1.472	8.424
11.763	-1.762132	9.299079	-0.268151	9.468362	-1.820	8.042	-1.293	8.386
11.783	-1.312023	10.438720	-0.450110	10.530474	-1.796	8.660	-1.041	8.963
11.802	-1.091756	10.515334	-0.938527	10.613436	-1.590	9.488	-0.771	9.686
11.821	-0.995988	10.151415	-0.727837	10.226092	-1.290	10.101	-0.596	10.210
11.839	-0.708684	9.854534	-0.038307	9.880058	-1.027	10.240	-0.539	10.313
11.854	-0.478840	9.471462	0.526724	9.498174	-0.819	9.998	-0.294	10.054
11.874	-0.459687	9.030929	0.555455	9.059664	-0.661	9.627	0.079	9.666
11.895	-0.430956	8.532935	0.383072	8.552394	-0.520	9.222	0.357	9.248
11.915	-0.277727	8.159439	0.421380	8.175031	-0.412	8.799	0.472	8.821
11.934	-0.086191	8.092402	0.584185	8.113918	-0.314	8.454	0.486	8.475
11.954	-0.076614	8.303091	0.679953	8.331238	-0.218	8.272	0.517	8.293
11.973	-0.162806	8.485051	0.708684	8.516151	-0.151	8.260	0.599	8.284
11.997	-0.239420	8.590396	0.517148	8.609278	-0.141	8.368	0.622	8.393
12.019	-0.373495	8.743625	0.699107	8.779477	-0.213	8.531	0.651	8.559
12.038	-0.469264	8.848969	0.823605	8.899595	-0.311	8.667	0.687	8.701
12.050	-0.488417	8.992621	0.794875	9.040886	-0.393	8.794	0.709	8.832
12.071	-0.383072	9.002198	0.842759	9.049672	-0.429	8.897	0.790	8.942
12.090	-0.220267	9.145850	0.430956	9.158647	-0.390	8.997	0.723	9.037
12.113	0.124498	9.327810	0.229843	9.331472	-0.242	9.117	0.575	9.145
12.131	0.277727	9.059659	0.746991	9.094644	-0.050	9.134	0.563	9.159
12.150	0.086191	8.868123	0.909797	8.915087	0.067	9.100	0.579	9.125
12.169	0.067038	9.078813	0.861913	9.119881	0.139	9.084	0.687	9.115
12.188	0.220267	9.232041	0.545878	9.250788	0.163	9.060	0.766	9.095
12.207	0.143652	9.346964	1.091756	9.411605	0.129	9.131	0.852	9.174
12.229	-0.277727	9.557653	1.120486	9.627116	0.038	9.304	0.905	9.352
12.248	-0.459687	9.797073	0.995988	9.858293	-0.093	9.483	0.939	9.537
12.269	-0.603339	9.969456	1.350330	10.078564	-0.299	9.668	1.140	9.744
12.287	-0.737414	10.026917	1.436521	10.156103	-0.520	9.838	1.226	9.930
12.312	-0.746991	10.103531	1.388637	10.225832	-0.637	9.974	1.293	10.080
12.330	-0.699107	10.266336	1.896208	10.463365	-0.697	10.092	1.518	10.231
12.351	-0.641646	10.601525	2.030283	10.813237	-0.706	10.250	1.688	10.415
12.368	-0.373495	11.176133	1.944092	11.350107	-0.615	10.537	1.815	10.713
12.386	-0.191536	11.425131	2.011129	11.602368	-0.476	10.867	1.970	11.057
12.403	-0.335188	11.587936	1.350330	11.671162	-0.385	11.198	1.834	11.359
12.422	-0.469264	11.396400	1.302446	11.480180	-0.342	11.396	1.652	11.526
12.442	-0.239420	11.156980	0.928950	11.198145	-0.309	11.392	1.398	11.488
12.461	0.114922	11.377247	0.718261	11.400476	-0.232	11.380	1.075	11.437
12.481	0.708684	10.678140	0.756568	10.728341	0.029	11.152	0.927	11.202
12.501	0.948104	9.356541	0.028730	9.404498	0.383	10.642	0.608	10.683
12.521	1.043872	8.015787	-0.325611	8.090027	0.704	9.857	0.294	9.906
12.544	1.455675	7.163452	-0.497994	7.326802	1.039	8.803	-0.010	8.887
12.565	2.547431	7.153875	-0.248997	7.597982	1.499	7.922	-0.261	8.105
12.584	2.432509	8.418014	-0.019154	8.762444	1.870	7.688	-0.273	7.944
12.601	1.742979	9.337387	0.000000	9.498672	2.045	8.018	-0.192	8.296
12.621	1.072602	9.825804	0.038307	9.884248	1.949	8.684	-0.057	8.936
12.637	0.392649	9.931149	0.076614	9.939203	1.410	9.378	0.024	9.521
12.656	0.210690	9.720459	0.373495	9.729913	0.855	9.704	0.122	9.763
12.676	0.316035	9.356541	0.651223	9.384499	0.498	9.708	0.285	9.734
12.696	0.574608	8.925584	0.641646	8.967047	0.373	9.483	0.436	9.505
12.715	0.928950	8.686164	0.641646	8.759229	0.508	9.172	0.577	9.210
12.736	1.082179	8.734048	0.794875	8.836658	0.725	8.926	0.682	8.987
12.754	1.091756	8.954314	0.986411	9.074397	0.919	8.825	0.766	8.909
12.776	0.986411	9.117120	1.053449	9.230636	1.022	8.873	0.869	8.975
12.795	0.871489	9.107543	1.015141	9.205289	1.008	8.978	0.962	9.087
12.816	0.823605	9.030929	1.225831	9.150883	0.943	9.052	1.070	9.165
12.834	0.833182	8.868123	1.331176	9.006100	0.879	9.031	1.156	9.148
12.853	0.833182	8.734048	1.331176	8.874109	0.840	8.935	1.226	9.059
12.872	0.814029	8.762778	1.436521	8.916979	0.826	8.849	1.331	8.987
12.894	0.746991	8.839393	1.398214	8.980416	0.807	8.801	1.374	8.944
12.912	0.526724	8.992621	1.455675	9.124893	0.730	8.832	1.405	8.974
12.932	0.287304	8.954314	1.733402	9.125074	0.594	8.887	1.506	9.037
12.950	0.258574	8.916007	1.877054	9.115118	0.455	8.926	1.616	9.086
12.968	0.239420	8.877700	1.810017	9.063500	0.328	8.935	1.719	9.107
12.988	0.210690	8.657434	1.838747	8.853052	0.249	8.851	1.815	9.039
13.009	0.392649	8.552089	1.838747	8.756334	0.275	8.751	1.841	8.947
13.026	0.565032	8.628703	1.896208	8.852648	0.352	8.679	1.846	8.881
13.046	0.718261	8.580819	1.867477	8.811006	0.472	8.605	1.860	8.818
13.067	0.708684	8.638280	1.848324	8.862190	0.596	8.600	1.863	8.821
13.085	0.612916	8.868123	1.896208	9.089273	0.651	8.679	1.877	8.904
13.105	0.517148	9.030929	1.915361	9.246281	0.639	8.780	1.882	9.002
13.125	0.392649	9.318233	2.039860	9.546972	0.558	8.964	1.925	9.186
13.144	0.210690	9.528923	2.164358	9.773905	0.433	9.187	2.004	9.414
13.165	0.047884	9.844957	2.059013	10.058082	0.292	9.431	2.045	9.656
13.184	0.095768	10.927136	2.039860	11.116317	0.187	9.905	2.076	10.124
13.203	0.191536	12.028469	2.231396	12.235190	0.136	10.582	2.124	10.796
13.225	0.181959	12.603078	2.011129	12.763829	0.129	11.351	2.085	11.543
13.245	0.134075	12.401965	1.599327	12.505382	0.151	11.990	1.970	12.155
13.262	-0.009577	12.152967	0.670376	12.171446	0.124	12.297	1.628	12.419
13.282	-0.047884	12.114660	0.383072	12.120810	0.065	12.318	1.166	12.390
13.301	-0.402226	11.463438	0.105345	11.470976	-0.081	12.033	0.690	12.067
13.325	-1.158794	10.093954	-0.325611	10.165468	-0.405	11.456	0.208	11.482
13.343	-1.742979	8.647857	-0.995988	8.877803	-0.838	10.580	-0.208	10.659
13.363	-1.905785	7.728483	-1.695095	8.138478	-1.302	9.483	-0.728	9.663
13.381	-1.905785	7.536947	-1.369483	7.893862	-1.678	8.502	-1.097	8.769
13.399	-1.742979	8.264784	-0.574608	8.466097	-1.824	8.045	-1.159	8.344
13.418	-1.474828	9.385271	-0.411803	9.509364	-1.757	8.229	-1.013	8.502
13.442	-1.063026	10.218452	-0.641646	10.293615	-1.547	8.851	-0.749	9.041
13.458	-1.139640	10.333375	-0.612916	10.414081	-1.355	9.550	-0.560	9.671
13.477	-0.574608	9.854534	-0.296881	9.875736	-1.063	9.948	-0.491	10.023
13.496	-0.335188	9.318233	0.086191	9.324659	-0.778	9.931	-0.366	9.977
13.516	-0.641646	9.030929	0.114922	9.054424	-0.673	9.634	-0.177	9.667
13.535	-0.622492	8.609550	0.114922	8.632789	-0.543	9.203	0.005	9.222
13.559	-0.507571	8.437167	0.287304	8.457302	-0.527	8.849	0.151	8.867
13.576	-0.354342	8.504205	0.316035	8.517448	-0.532	8.645	0.208	8.665
13.596	-0.229843	8.667010	0.191536	8.672173	-0.429	8.554	0.227	8.570
13.615	-0.335188	8.858546	0.114922	8.865630	-0.357	8.617	0.227	8.628
13.638	-0.478840	9.069236	0.210690	9.084311	-0.350	8.775	0.208	8.785
13.656	-0.622492	9.155427	0.296881	9.181366	-0.417	8.938	0.204	8.951
13.676	-0.766145	9.126697	0.258574	9.162447	-0.551	9.052	0.220	9.073
13.694	-0.833182	9.040505	0.239420	9.081974	-0.675	9.098	0.251	9.128
13.714	-0.756568	9.021352	0.459687	9.064684	-0.745	9.086	0.314	9.123
13.733	-0.612916	9.002198	0.632069	9.045151	-0.742	9.048	0.397	9.089
13.752	-0.392649	8.896853	0.775721	8.939235	-0.649	8.990	0.527	9.033
13.770	-0.507571	8.724471	0.746991	8.771090	-0.567	8.911	0.654	8.955
13.792	-0.555455	8.638280	0.689530	8.683540	-0.517	8.815	0.711	8.860
13.810	-0.632069	8.705317	0.890643	8.773558	-0.522	8.741	0.776	8.792
13.828	-0.574608	8.695741	1.149217	8.790153	-0.567	8.691	0.869	8.755
13.847	-0.469264	9.021352	1.283292	9.124244	-0.558	8.765	1.003	8.843
13.867	-0.220267	9.490616	1.340753	9.587384	-0.474	8.978	1.166	9.069
13.888	-0.325611	9.787497	1.503559	9.907664	-0.397	9.249	1.319	9.352
13.907	-0.497994	9.701305	1.446098	9.821127	-0.378	9.500	1.393	9.610
13.925	-0.344765	9.835381	1.388637	9.938908	-0.347	9.704	1.420	9.814
13.946	-0.430956	9.787497	1.484405	9.908798	-0.400	9.778	1.456	9.894
13.965	-0.411803	9.959879	1.522712	10.084018	-0.421	9.821	1.460	9.938
13.984	-0.325611	10.266336	1.608904	10.396743	-0.378	9.962	1.501	10.082
14.004	-0.344765	10.314221	1.829170	10.480835	-0.378	10.082	1.611	10.218
14.024	-0.248997	10.534488	1.608904	10.659550	-0.333	10.269	1.642	10.405
14.043	0.067038	11.271901	2.327164	11.509819	-0.213	10.597	1.844	10.762
14.063	-0.268151	11.463438	1.043872	11.513991	-0.199	10.896	1.702	11.041
14.082	-0.459687	11.377247	0.469264	11.396196	-0.227	11.162	1.362	11.270
14.109	-0.478840	11.281479	0.383072	11.298132	-0.285	11.349	1.056	11.430
14.126	-0.277727	11.204864	-0.201113	11.210109	-0.371	11.332	0.424	11.355
14.148	0.114922	11.176133	-0.325611	11.181466	-0.275	11.260	0.081	11.271
14.166	0.402226	10.352529	-0.890643	10.398552	-0.060	11.004	-0.259	11.022
14.180	0.756568	9.366117	-1.474828	9.511660	0.249	10.525	-0.723	10.575
14.199	1.063026	8.561666	-0.948104	8.679346	0.584	9.864	-0.910	9.943
14.224	1.436521	8.111555	-0.967257	8.294366	0.915	9.098	-1.070	9.221
14.242	1.675941	8.341399	-0.785298	8.544262	1.233	8.595	-1.044	8.757
14.263	1.561020	9.011775	-0.517148	9.160585	1.434	8.507	-0.804	8.670
14.281	0.823605	9.471462	-0.584185	9.525135	1.374	8.734	-0.713	8.881
14.300	0.488417	9.950302	-0.392649	9.970017	1.137	9.194	-0.570	9.300
14.318	0.268151	9.988609	-0.019154	9.992226	0.785	9.606	-0.378	9.662
14.341	0.047884	9.682152	0.114922	9.682952	0.407	9.773	-0.220	9.793
14.359	0.047884	9.212888	0.057461	9.213192	0.213	9.708	-0.060	9.715
14.380	0.134075	8.762778	0.143652	8.764981	0.124	9.412	0.074	9.413
14.397	0.325611	8.542512	0.325611	8.554914	0.139	9.050	0.160	9.054
14.416	0.488417	8.657434	0.459687	8.683376	0.249	8.794	0.247	8.804
14.435	0.632069	8.848969	0.593762	8.891363	0.395	8.703	0.381	8.724
14.456	0.651223	8.829816	0.584185	8.873049	0.524	8.720	0.491	8.751
14.475	0.737414	8.781932	0.584185	8.832179	0.627	8.780	0.555	8.820
14.495	0.823605	8.734048	0.679953	8.799105	0.711	8.799	0.611	8.849
14.515	0.900220	8.686164	0.794875	8.768789	0.778	8.758	0.661	8.818
14.534	0.948104	8.724471	0.928950	8.824865	0.852	8.732	0.747	8.806
14.553	0.814029	8.839393	0.938527	8.926273	0.871	8.746	0.836	8.830
14.573	0.670376	9.069236	1.024718	9.151529	0.833	8.830	0.922	8.918
14.592	0.574608	9.318233	1.063026	9.396258	0.752	8.988	0.989	9.075
14.613	0.440533	9.394848	1.187524	9.479844	0.625	9.155	1.053	9.238
14.629	0.306458	9.241618	1.331176	9.342027	0.498	9.256	1.152	9.342
14.648	0.277727	8.944737	1.379060	9.054682	0.400	9.225	1.240	9.318
14.668	0.306458	8.781932	1.292869	8.881878	0.333	9.091	1.298	9.190
14.688	0.478840	8.772355	1.398214	8.895982	0.342	8.935	1.350	9.044
14.706	0.622492	8.887277	1.187524	8.987847	0.421	8.847	1.314	8.955
14.726	0.632069	8.963891	1.254562	9.073301	0.510	8.851	1.283	8.960
14.747	0.632069	9.069236	1.350330	9.190970	0.591	8.923	1.298	9.037
14.771	0.603339	9.423578	1.350330	9.538933	0.622	9.086	1.286	9.198
14.788	0.488417	9.777920	1.484405	9.902006	0.589	9.309	1.360	9.426
14.808	0.440533	9.998186	1.599327	10.134872	0.541	9.567	1.446	9.692
14.825	0.306458	10.046070	1.589750	10.175694	0.460	9.811	1.506	9.938
14.845	0.114922	10.160992	1.819593	10.323269	0.338	9.996	1.623	10.134
14.863	-0.248997	10.735600	1.704672	10.872949	0.153	10.235	1.678	10.377
14.887	-0.181959	11.444284	1.972822	11.614508	-0.002	10.597	1.772	10.747
14.904	-0.067038	11.635820	1.254562	11.703450	-0.096	10.994	1.688	11.129
14.922	-0.124498	11.750742	1.015141	11.795167	-0.156	11.392	1.487	11.497
14.941	0.019154	11.654974	0.823605	11.684054	-0.089	11.621	1.267	11.699
14.961	-0.277727	11.540052	0.038307	11.543457	-0.113	11.645	0.783	11.682
14.980	-0.603339	10.917560	-0.047884	10.934323	-0.247	11.466	0.457	11.489
15.003	-1.043872	9.576807	-0.421380	9.642741	-0.476	10.922	0.098	10.951
15.019	-1.465251	8.130709	-1.244985	8.354961	-0.848	10.041	-0.419	10.119
15.040	-1.819593	7.383718	-1.628057	7.776939	-1.233	9.002	-0.836	9.177
15.060	-1.752556	7.757214	-0.890643	8.002441	-1.520	8.212	-1.046	8.444
15.078	-1.254562	9.078813	-0.335188	9.171211	-1.573	8.088	-1.025	8.326
15.097	-0.852336	9.883265	-0.651223	9.941302	-1.420	8.526	-0.876	8.723
15.119	-0.756568	10.228029	-0.938527	10.298826	-1.154	9.237	-0.704	9.353
15.137	-0.612916	10.228029	-0.478840	10.257560	-0.869	9.855	-0.601	9.917
15.156	-0.430956	9.998186	0.000000	10.007469	-0.663	10.084	-0.517	10.126
15.176	-0.248997	9.509769	0.411803	9.521937	-0.512	9.991	-0.251	10.021
15.194	-0.296881	8.963891	0.402226	8.977821	-0.397	9.675	0.084	9.691
15.215	-0.373495	8.322245	0.162806	8.332212	-0.338	9.199	0.244	9.210
15.240	-0.411803	8.006210	0.296881	8.022289	-0.333	8.701	0.318	8.714
15.260	-0.354342	8.140285	0.565032	8.167561	-0.359	8.358	0.357	8.375
15.280	-0.354342	8.446744	0.565032	8.473034	-0.373	8.229	0.397	8.249
15.292	-0.507571	8.734048	0.622492	8.770902	-0.407	8.332	0.512	8.358
15.312	-0.689530	9.050082	0.632069	9.098294	-0.476	8.593	0.596	8.627
15.332	-0.852336	9.299079	0.632069	9.359426	-0.601	8.882	0.613	8.925
15.354	-0.938527	9.385271	0.660800	9.455200	-0.747	9.117	0.637	9.171
15.372	-0.852336	9.385271	0.785298	9.456558	-0.833	9.280	0.678	9.342
15.393	-0.689530	9.279925	0.890643	9.348032	-0.833	9.337	0.742	9.405
15.410	-0.565032	9.059659	0.995988	9.131740	-0.761	9.278	0.833	9.348
15.430	-0.430956	8.868123	1.063026	8.941999	-0.634	9.148	0.934	9.220
15.448	-0.277727	8.801085	1.101333	8.874073	-0.491	9.002	1.013	9.074
15.470	-0.229843	8.820239	1.168370	8.900255	-0.376	8.887	1.082	8.962
15.488	-0.287304	8.848969	1.177947	8.931649	-0.306	8.835	1.128	8.912
15.509	-0.335188	8.983045	1.149217	9.062458	-0.283	8.863	1.149	8.942
15.529	-0.383072	9.174581	1.130063	9.251849	-0.309	8.957	1.156	9.037
15.552	-0.450110	9.394848	1.139640	9.474416	-0.364	9.100	1.149	9.180
15.571	-0.421380	9.662998	1.158794	9.741350	-0.397	9.304	1.144	9.383
15.593	-0.287304	9.911995	1.283292	9.998851	-0.385	9.536	1.178	9.617
15.610	-0.258574	10.141838	1.168370	10.212190	-0.354	9.778	1.188	9.857
15.629	-0.316035	10.228029	1.379060	10.325418	-0.321	9.986	1.247	10.069
15.644	-0.229843	10.285490	1.532289	10.401540	-0.273	10.142	1.341	10.235
15.664	0.038307	10.649409	1.446098	10.747213	-0.192	10.326	1.381	10.422
15.684	0.248997	11.367670	1.924938	11.532186	-0.065	10.633	1.571	10.752
15.705	0.229843	11.511322	1.082179	11.564362	0.072	10.953	1.496	11.061
15.725	0.038307	11.654974	0.316035	11.659321	0.139	11.296	1.192	11.376
15.751	0.047884	11.702858	0.440533	11.711244	0.141	11.559	0.941	11.617
15.770	0.086191	11.683704	-0.009577	11.684026	0.101	11.638	0.457	11.655
15.788	0.335188	11.511322	-0.162806	11.517351	0.127	11.638	0.146	11.643
15.807	0.526724	10.515334	-0.421380	10.536947	0.249	11.353	-0.038	11.362
15.827	0.593762	9.155427	-0.957681	9.224508	0.385	10.716	-0.388	10.741
15.843	0.660800	7.939173	-1.216254	8.058933	0.529	9.780	-0.690	9.834
15.862	1.005565	7.268796	-1.043872	7.411898	0.697	8.720	-0.910	8.808
15.881	1.426944	7.441179	-0.842759	7.623487	0.922	7.951	-1.015	8.080
15.901	1.762132	8.360553	-0.794875	8.581129	1.214	7.752	-0.974	7.919
15.918	1.532289	9.260772	-0.861913	9.426171	1.432	8.083	-0.886	8.261
15.937	1.005565	9.730036	-0.833182	9.817278	1.432	8.698	-0.833	8.862
15.957	0.555455	9.959879	-0.679953	9.998503	1.214	9.328	-0.792	9.456
15.977	0.402226	9.816227	-0.239420	9.827381	0.874	9.692	-0.654	9.767
15.996	0.402226	9.452309	0.019154	9.460882	0.591	9.740	-0.433	9.776
16.019	0.497994	9.050082	0.067038	9.064022	0.464	9.570	-0.208	9.588
16.037	0.574608	8.762778	0.162806	8.783107	0.469	9.270	0.002	9.284
16.059	0.622492	8.829816	0.162806	8.853228	0.524	9.024	0.103	9.040
16.077	0.526724	9.078813	0.325611	9.099906	0.555	8.930	0.180	8.950
16.092	0.440533	9.260772	0.497994	9.284609	0.541	8.983	0.287	9.005
16.113	0.450110	9.251195	0.526724	9.277103	0.510	9.105	0.378	9.129
16.135	0.536301	9.145850	0.603339	9.181406	0.488	9.184	0.488	9.211
16.156	0.603339	9.011775	0.756568	9.063581	0.508	9.167	0.596	9.202
16.178	0.632069	8.944737	0.861913	9.008371	0.555	9.088	0.687	9.133
16.191	0.584185	9.011775	0.900220	9.075448	0.589	9.029	0.781	9.082
16.211	0.526724	9.126697	0.871489	9.183328	0.587	9.024	0.848	9.083
16.231	0.402226	9.232041	0.890643	9.283621	0.536	9.079	0.881	9.138
16.250	0.258574	9.279925	0.928950	9.329889	0.443	9.163	0.898	9.218
16.269	0.181959	9.184157	1.005565	9.240834	0.342	9.206	0.924	9.259
16.290	0.143652	9.021352	1.034295	9.081585	0.247	9.179	0.965	9.234
16.308	0.153229	8.829816	0.995988	8.887132	0.184	9.079	0.991	9.135
16.333	0.153229	8.801085	0.976834	8.856455	0.158	8.959	1.003	9.017
16.351	0.316035	8.820239	1.005565	8.882998	0.192	8.868	1.003	8.927
16.372	0.478840	8.916007	0.967257	8.981094	0.275	8.842	0.986	8.902
16.390	0.526724	9.136273	0.909797	9.196557	0.369	8.918	0.965	8.979
16.409	0.450110	9.366117	1.015141	9.431716	0.443	9.060	0.974	9.123
16.426	0.354342	9.576807	1.110910	9.647534	0.453	9.249	1.001	9.314
16.450	0.268151	9.701305	1.187524	9.777394	0.400	9.445	1.056	9.513
16.467	0.220267	9.777920	1.225831	9.856921	0.323	9.606	1.135	9.678
16.485	0.258574	9.835381	1.331176	9.928424	0.275	9.723	1.214	9.803
16.505	0.019154	10.228029	1.235408	10.302387	0.192	9.886	1.245	9.966
16.525	-0.229843	10.994174	1.082179	11.049697	0.067	10.209	1.219	10.284
16.543	-0.095768	11.501745	1.302446	11.575650	-0.012	10.640	1.238	10.714
16.566	0.038307	12.076353	0.871489	12.107818	-0.067	11.200	1.123	11.259
16.584	0.057461	11.980585	0.871489	12.012377	-0.057	11.638	1.032	11.686
16.608	-0.038307	11.540052	0.239420	11.542599	-0.010	11.775	0.821	11.810
16.622	-0.258574	11.348516	-0.325611	11.356131	-0.050	11.736	0.414	11.755
16.641	-0.497994	10.879252	-0.172383	10.892008	-0.184	11.437	0.153	11.451
16.661	-0.881066	9.864111	-0.517148	9.916874	-0.419	10.908	-0.194	10.927
16.682	-1.177947	8.475474	-0.967257	8.611435	-0.704	10.142	-0.496	10.194
16.701	-1.292869	7.249643	-1.484405	7.512143	-0.962	9.117	-0.785	9.233
16.723	-1.561020	6.847417	-1.848324	7.262245	-1.228	8.109	-1.204	8.326
16.743	-1.532289	7.776367	-1.063026	7.996863	-1.391	7.587	-1.341	7.846
16.757	-1.091756	9.327810	-0.325611	9.397127	-1.369	7.800	-1.180	8.042
16.777	-0.861913	10.457873	-0.900220	10.531876	-1.262	8.602	-1.034	8.797
16.798	-0.622492	10.639832	-1.063026	10.710908	-1.027	9.550	-0.838	9.659
16.817	-0.603339	10.180145	-0.660800	10.219395	-0.795	10.151	-0.737	10.215
16.836	-0.593762	9.691729	-0.009577	9.709905	-0.670	10.242	-0.658	10.293
16.856	-0.622492	9.136273	0.162806	9.158902	-0.611	9.912	-0.393	9.950
16.876	-0.660800	8.542512	-0.019154	8.568053	-0.620	9.388	-0.132	9.414
16.895	-0.775721	8.303091	-0.047884	8.339386	-0.663	8.918	0.022	8.944
16.916	-0.746991	8.820239	0.258574	8.855590	-0.702	8.701	0.089	8.730
16.935	-0.565032	9.385271	0.526724	9.417006	-0.687	8.763	0.180	8.795
16.956	-0.488417	9.624691	0.430956	9.646706	-0.644	9.033	0.292	9.065
16.974	-0.517148	9.576807	0.392649	9.598794	-0.579	9.352	0.402	9.380
17.000	-0.651223	9.356541	0.536301	9.394496	-0.555	9.486	0.472	9.514
17.019	-0.641646	9.165004	0.622492	9.208502	-0.575	9.431	0.496	9.462
17.041	-0.517148	9.088389	0.679953	9.128450	-0.582	9.297	0.558	9.333
17.050	-0.440533	9.117120	0.737414	9.157495	-0.563	9.182	0.644	9.222
17.071	-0.363919	9.107543	0.775721	9.147761	-0.491	9.120	0.704	9.161
17.090	-0.306458	9.021352	0.746991	9.057412	-0.407	9.084	0.735	9.123
17.115	-0.258574	8.983045	0.746991	9.017758	-0.342	9.057	0.752	9.095
17.133	-0.239420	8.925584	0.852336	8.969384	-0.292	9.009	0.781	9.048
17.155	-0.268151	8.877700	0.842759	8.921642	-0.268	8.952	0.797	8.992
17.171	-0.258574	8.877700	0.794875	8.916964	-0.256	8.916	0.809	8.956
17.192	-0.258574	8.906430	0.871489	8.952701	-0.256	8.897	0.840	8.940
17.206	-0.316035	9.011775	0.948104	9.067021	-0.275	8.918	0.864	8.965
17.226	-0.392649	9.203311	0.948104	9.260346	-0.306	9.000	0.891	9.049
17.246	-0.440533	9.385271	1.034295	9.452362	-0.352	9.127	0.950	9.183
17.266	-0.411803	9.519346	1.216254	9.605561	-0.390	9.280	1.037	9.346
17.285	-0.402226	9.490616	1.225831	9.577904	-0.412	9.400	1.106	9.474
17.305	-0.383072	9.414001	1.216254	9.499971	-0.409	9.452	1.173	9.534
17.324	-0.287304	9.452309	1.292869	9.544642	-0.371	9.469	1.238	9.557
17.347	-0.220267	9.586384	1.292869	9.675680	-0.323	9.486	1.257	9.575
17.364	0.124498	10.457873	1.446098	10.558116	-0.192	9.728	1.312	9.820
17.382	-0.019154	10.965444	1.877054	11.124956	-0.101	10.116	1.477	10.226
17.403	-0.124498	11.444284	1.254562	11.513517	-0.060	10.614	1.468	10.718
17.422	-0.354342	11.693281	0.976834	11.739361	-0.093	11.140	1.389	11.234
17.442	-0.746991	11.329363	0.440533	11.362506	-0.311	11.358	1.137	11.435
17.463	-0.383072	11.300632	0.450110	11.316079	-0.402	11.442	0.781	11.483
17.482	0.009577	10.955867	0.871489	10.990478	-0.369	11.320	0.685	11.352
17.501	0.325611	10.093954	0.210690	10.101402	-0.199	10.920	0.493	10.943
17.520	0.775721	9.500193	-0.881066	9.572444	0.182	10.463	0.163	10.495
17.539	0.909797	9.050082	-0.430956	9.105902	0.505	9.900	-0.057	9.943
17.558	0.852336	8.571242	-0.344765	8.620414	0.716	9.304	-0.362	9.350
17.580	1.570596	7.747637	-0.679953	7.934418	1.027	8.717	-0.584	8.808
17.597	1.503559	7.852982	-1.091756	8.069817	1.209	8.305	-0.637	8.433
17.616	1.474828	8.848969	-0.794875	9.006176	1.350	8.255	-0.728	8.408
17.636	1.130063	9.682152	-0.766145	9.777939	1.420	8.533	-0.833	8.697
17.655	0.794875	10.342952	-1.063026	10.427776	1.226	9.182	-0.929	9.320
17.675	0.555455	10.409989	-1.072602	10.479832	0.989	9.821	-0.924	9.923
17.695	0.421380	10.036493	-0.737414	10.072365	0.725	10.118	-0.910	10.189
17.714	0.469264	9.595961	-0.411803	9.616249	0.560	10.096	-0.821	10.149
17.736	0.574608	9.251195	-0.478840	9.281383	0.505	9.823	-0.675	9.862
17.753	0.679953	9.040505	-0.268151	9.070004	0.536	9.481	-0.474	9.510
17.773	0.775721	9.126697	-0.124498	9.160450	0.625	9.254	-0.321	9.282
17.793	0.775721	9.107543	-0.383072	9.148543	0.702	9.131	-0.314	9.165
17.813	0.708684	9.126697	-0.574608	9.172187	0.735	9.100	-0.338	9.138
17.833	0.718261	9.260772	-0.478840	9.300918	0.745	9.155	-0.390	9.196
17.853	0.689530	9.404425	-0.430956	9.439512	0.723	9.225	-0.467	9.265
17.872	0.593762	9.481039	-0.584185	9.517559	0.678	9.318	-0.517	9.358
17.896	0.478840	9.452309	-0.737414	9.493113	0.620	9.400	-0.558	9.438
17.913	0.469264	9.567230	-0.651223	9.600843	0.558	9.476	-0.601	9.513
17.932	0.411803	9.653421	-0.497994	9.675026	0.488	9.539	-0.618	9.572
17.951	0.430956	9.777920	-0.354342	9.793824	0.448	9.613	-0.560	9.641
17.971	0.459687	9.720459	-0.162806	9.732684	0.443	9.680	-0.417	9.701
17.988	0.469264	9.624691	0.019154	9.636143	0.443	9.694	-0.249	9.709
18.012	0.402226	9.481039	0.143652	9.490655	0.441	9.651	-0.089	9.663
18.029	0.229843	9.442732	0.038307	9.445606	0.390	9.567	0.010	9.576
18.048	0.047884	9.538500	0.009577	9.538625	0.287	9.522	0.053	9.528
18.066	-0.019154	9.662998	0.105345	9.663592	0.165	9.531	0.074	9.535
18.087	0.038307	9.739613	0.114922	9.740366	0.074	9.596	0.067	9.597
18.106	0.306458	9.576807	-0.095768	9.582188	0.093	9.629	0.034	9.631
18.129	0.172383	9.461885	0.181959	9.465205	0.124	9.610	0.077	9.613
18.147	-0.009577	9.232041	0.469264	9.243965	0.127	9.503	0.168	9.508
18.169	-0.095768	9.318233	0.076614	9.319040	0.093	9.397	0.158	9.403
18.186	-0.239420	9.461885	0.210690	9.467258	-0.043	9.369	0.235	9.374
18.205	-0.268151	9.557653	0.325611	9.566957	-0.153	9.392	0.271	9.399
18.223	-0.296881	9.605537	0.306458	9.615009	-0.225	9.486	0.230	9.492
18.246	-0.306458	9.557653	0.325611	9.568108	-0.278	9.546	0.292	9.554
18.265	-0.411803	9.481039	0.373495	9.497325	-0.321	9.550	0.333	9.562
18.285	-0.411803	9.433155	0.430956	9.451969	-0.357	9.519	0.359	9.533
18.305	-0.430956	9.423578	0.507571	9.447072	-0.390	9.474	0.409	9.491
18.319	-0.459687	9.481039	0.507571	9.505737	-0.429	9.455	0.455	9.476
18.340	-0.469264	9.481039	0.584185	9.510603	-0.443	9.455	0.508	9.479
18.365	-0.421380	9.471462	0.383072	9.488567	-0.445	9.464	0.496	9.488
18.384	-0.536301	9.270349	-0.641646	9.307991	-0.472	9.426	0.208	9.453
18.404	-0.517148	9.433155	0.948104	9.494775	-0.486	9.414	0.318	9.450
18.418	-0.459687	9.385271	0.976834	9.447160	-0.484	9.390	0.417	9.435
18.437	-0.306458	9.423578	0.900220	9.471438	-0.455	9.378	0.546	9.430
18.458	-0.277727	9.481039	0.823605	9.520796	-0.390	9.431	0.912	9.484
18.478	-0.248997	9.481039	0.881066	9.525144	-0.323	9.443	0.895	9.491
18.498	-0.210690	9.442732	0.861913	9.484328	-0.261	9.457	0.867	9.500
18.520	-0.383072	9.414001	0.000000	9.421792	-0.280	9.455	0.642	9.488
