2016-03-03 20:45:59	Start
2016-03-03 20:46:20	End


Time (s)	X	Y	Z	|V|	MAx	MAy	MAz	MAv
0.000	-0.067038	9.490616	0.469264	9.502447	-0.067	9.491	0.469	9.502
0.019	0.009577	9.461885	1.130063	9.529135	-0.048	9.483	0.634	9.509
0.037	0.009577	9.471462	0.957681	9.519760	-0.029	9.479	0.757	9.513
0.057	-0.105345	9.433155	0.986411	9.485174	-0.038	9.464	0.886	9.509
0.076	-0.076614	9.509769	0.919373	9.554414	-0.041	9.469	0.998	9.522
0.098	-0.229843	9.528923	1.024718	9.586618	-0.101	9.486	0.972	9.536
0.128	0.047884	9.509769	1.015141	9.563918	-0.091	9.495	0.986	9.548
0.134	-0.019154	9.423578	1.053449	9.482297	-0.069	9.493	1.003	9.547
0.154	-0.019154	9.423578	1.043872	9.481237	-0.055	9.471	1.034	9.529
0.174	-0.057461	9.433155	1.168370	9.505409	-0.012	9.448	1.070	9.508
0.195	-0.047884	9.461885	1.177947	9.535047	-0.036	9.436	1.111	9.501
0.214	0.038307	9.452309	1.177947	9.525501	-0.022	9.443	1.142	9.512
0.233	0.172383	9.366117	1.244985	9.450072	0.026	9.428	1.192	9.504
0.254	0.124498	9.366117	1.264138	9.451863	0.072	9.412	1.216	9.491
0.271	0.210690	9.251195	1.551443	9.382749	0.136	9.359	1.310	9.453
0.292	0.335188	9.011775	1.522712	9.145660	0.211	9.249	1.396	9.358
0.312	0.565032	8.877700	1.446098	9.012437	0.309	9.127	1.446	9.248
0.332	0.727837	9.050082	1.647211	9.227515	0.460	9.048	1.542	9.192
0.351	0.737414	9.346964	1.675941	9.524615	0.591	9.072	1.573	9.228
0.371	0.641646	9.519346	1.857901	9.720157	0.668	9.199	1.657	9.371
0.392	0.536301	9.528923	2.231396	9.801384	0.661	9.361	1.853	9.568
0.411	0.421380	9.538500	2.250550	9.809460	0.584	9.483	2.004	9.714
0.437	0.239420	9.538500	2.145205	9.779683	0.460	9.531	2.121	9.778
0.450	0.153229	9.452309	2.298434	9.728947	0.338	9.515	2.231	9.780
0.468	0.162806	9.289502	2.317587	9.575624	0.244	9.455	2.253	9.723
0.489	0.124498	9.059659	2.327164	9.354604	0.170	9.335	2.272	9.610
0.511	0.143652	8.896853	2.183512	9.162006	0.146	9.175	2.282	9.455
0.526	0.229843	8.714894	2.154782	8.980272	0.165	8.990	2.246	9.268
0.546	0.287304	8.714894	2.106898	8.970560	0.196	8.847	2.193	9.117
0.570	0.296881	8.829816	2.078167	9.075933	0.239	8.789	2.131	9.047
0.585	0.153229	9.040505	2.068590	9.275413	0.242	8.825	2.102	9.076
0.604	0.114922	9.203311	2.250550	9.475184	0.213	8.947	2.126	9.199
0.624	0.038307	9.203311	2.126051	9.445766	0.151	9.069	2.131	9.318
0.644	-0.124498	9.021352	2.240973	9.296357	0.045	9.117	2.172	9.373
0.671	-0.153229	8.992621	2.394202	9.307143	-0.031	9.105	2.253	9.381
0.685	-0.057461	8.973468	2.346318	9.275324	-0.074	9.048	2.277	9.331
0.702	0.038307	8.954314	2.145205	9.207775	-0.074	8.985	2.282	9.272
0.721	0.076614	8.935161	2.068590	9.171806	-0.024	8.964	2.239	9.241
0.741	-0.009577	9.050082	2.020706	9.272936	0.012	8.978	2.145	9.232
0.759	-0.095768	9.136273	2.087744	9.372264	0.002	9.019	2.081	9.256
0.782	-0.124498	9.097966	2.173935	9.354917	-0.038	9.055	2.088	9.293
0.800	0.000000	8.983045	2.135628	9.233417	-0.057	9.067	2.105	9.308
0.819	0.038307	8.954314	2.269703	9.237573	-0.045	9.043	2.167	9.300
0.839	0.124498	8.848969	2.298434	9.143444	0.010	8.971	2.219	9.242
0.857	0.143652	8.944737	2.346318	9.248469	0.077	8.933	2.263	9.216
0.878	0.229843	9.203311	2.375048	9.507608	0.134	8.988	2.322	9.284
0.898	0.268151	9.672575	2.173935	9.917490	0.192	9.167	2.298	9.454
0.918	0.172383	11.099519	2.327164	11.342166	0.204	9.730	2.306	10.004
0.939	0.402226	12.191275	2.183512	12.391800	0.268	10.542	2.265	10.790
0.956	0.430956	12.095507	1.838747	12.242059	0.318	11.265	2.131	11.473
0.975	0.545878	12.574347	1.398214	12.663617	0.388	11.990	1.937	12.160
0.996	0.047884	12.698846	1.168370	12.752571	0.357	12.390	1.647	12.513
1.016	-0.718261	11.693281	1.273715	11.784357	0.077	12.265	1.420	12.361
1.034	-1.235408	11.338940	0.804452	11.434374	-0.340	12.076	1.161	12.159
1.057	-1.704672	10.295067	0.258574	10.438447	-0.903	11.507	0.876	11.602
1.075	-1.685518	8.714894	-0.296881	8.881356	-1.336	10.511	0.510	10.635
1.094	-1.541866	7.603985	-1.244985	7.857985	-1.542	9.488	-0.120	9.653
1.116	-1.493982	7.584831	-1.647211	7.904109	-1.607	8.550	-0.733	8.770
1.136	-1.369483	8.801085	-0.660800	8.931475	-1.523	8.176	-0.962	8.394
1.152	-0.986411	9.998186	-0.105345	10.047280	-1.348	8.497	-0.915	8.685
1.172	-0.804452	10.429143	-0.507571	10.472430	-1.164	9.203	-0.730	9.339
1.192	-0.871489	10.199299	-0.220267	10.238833	-1.008	9.857	-0.373	9.923
1.217	-1.024718	9.557653	0.019154	9.612448	-0.922	10.046	-0.204	10.093
1.229	-1.264138	8.983045	0.248997	9.074973	-0.991	9.792	-0.115	9.850
1.249	-1.359907	8.504205	0.497994	8.626635	-1.130	9.311	0.136	9.388
1.269	-1.264138	8.274361	0.794875	8.408027	-1.228	8.830	0.390	8.931
1.289	-0.928950	8.216900	1.024718	8.332493	-1.204	8.495	0.642	8.611
1.307	-0.622492	8.159439	1.043872	8.249461	-1.044	8.289	0.840	8.404
1.332	-0.383072	8.159439	1.139640	8.247543	-0.800	8.203	1.001	8.309
1.347	-0.239420	8.178593	1.331176	8.289676	-0.543	8.179	1.135	8.280
1.366	-0.306458	8.379706	1.197101	8.470328	-0.388	8.219	1.178	8.314
1.386	-0.411803	8.331821	1.628057	8.499376	-0.335	8.262	1.324	8.377
1.406	-0.459687	8.226477	1.781286	8.429663	-0.354	8.279	1.484	8.422
1.425	-0.344765	8.092402	1.790863	8.295361	-0.381	8.258	1.599	8.424
1.448	-0.162806	7.958326	1.838747	8.169606	-0.345	8.152	1.760	8.349
1.465	-0.229843	7.872135	1.762132	8.070220	-0.299	8.037	1.793	8.241
1.484	-0.181959	7.967903	1.886631	8.190236	-0.230	7.973	1.820	8.181
1.504	-0.009577	8.322245	1.963245	8.550683	-0.146	8.030	1.863	8.245
1.523	0.162806	8.887277	2.202666	9.157616	-0.065	8.262	1.954	8.492
1.542	0.325611	9.710882	2.604892	10.059459	0.074	8.722	2.164	8.989
1.564	0.134075	10.314221	2.135628	10.533852	0.153	9.309	2.227	9.575
1.581	-0.248997	10.572795	2.020706	10.767044	0.093	9.871	2.241	10.129
1.601	-0.095768	10.802638	2.489970	11.086303	0.029	10.350	2.313	10.612
1.622	0.162806	11.233594	2.719813	11.559305	-0.012	10.731	2.342	10.987
1.640	0.670376	12.440272	2.308010	12.670307	0.122	11.262	2.385	11.521
1.660	0.220267	11.990162	2.039860	12.164437	0.239	11.617	2.389	11.870
1.682	-0.134075	12.679692	0.995988	12.719456	0.230	12.086	2.016	12.278
1.699	-0.124498	13.081918	0.679953	13.100168	0.158	12.548	1.506	12.664
1.719	0.134075	12.650962	0.000000	12.651672	0.024	12.601	0.929	12.659
1.739	0.402226	11.147403	-0.181959	11.156141	0.069	12.390	0.373	12.407
1.758	0.708684	9.193734	-0.986411	9.273618	0.280	11.519	-0.122	11.545
1.777	1.254562	7.776367	-2.001553	8.127240	0.625	10.192	-0.792	10.302
1.797	1.484405	7.699753	-1.149217	7.925298	0.962	8.954	-1.080	9.121
1.815	1.407791	8.944737	-0.057461	9.055027	1.214	8.404	-1.049	8.595
1.835	0.603339	10.103531	0.162806	10.122839	1.188	8.631	-0.761	8.808
1.855	-0.143652	10.256760	-0.354342	10.263884	0.838	9.251	-0.350	9.342
1.874	-0.344765	9.720459	-0.383072	9.734112	0.381	9.756	-0.158	9.794
1.894	-0.057461	9.184157	-0.086191	9.184742	0.014	9.816	-0.165	9.826
1.915	0.258574	8.485051	0.248997	8.492641	-0.072	9.412	-0.144	9.419
1.932	0.392649	7.967903	0.478840	7.991930	0.062	8.839	0.065	8.851
1.953	0.258574	7.613562	0.718261	7.651737	0.213	8.313	0.340	8.330
1.972	0.124498	7.594408	0.794875	7.636907	0.259	7.915	0.560	7.943
1.991	-0.028730	7.891289	0.718261	7.923961	0.187	7.767	0.678	7.801
2.010	-0.019154	8.408437	0.584185	8.428728	0.084	7.877	0.704	7.910
2.031	0.172383	8.868123	0.986411	8.924479	0.062	8.191	0.771	8.229
2.049	0.258574	8.437167	0.928950	8.492090	0.096	8.401	0.804	8.442
2.070	0.191536	8.169016	1.091756	8.243873	0.151	8.471	0.898	8.522
2.088	0.124498	8.015787	1.484405	8.153025	0.187	8.373	1.123	8.453
2.112	0.210690	8.092402	1.541866	8.240673	0.196	8.179	1.262	8.282
2.128	0.134075	8.389283	1.580173	8.537857	0.165	8.167	1.425	8.294
2.147	0.057461	8.590396	1.857901	8.789198	0.132	8.272	1.616	8.430
2.168	-0.028730	8.657434	2.030283	8.892358	0.093	8.432	1.753	8.615
2.187	-0.057461	8.686164	2.145205	8.947326	0.026	8.581	1.903	8.792
2.206	0.105345	8.973468	2.059013	9.207267	0.019	8.727	2.023	8.959
2.230	0.402226	9.758766	2.135628	9.997811	0.105	9.019	2.093	9.261
2.248	0.670376	10.735600	2.346318	11.009438	0.280	9.539	2.172	9.790
2.268	0.478840	10.793061	2.691083	11.133795	0.414	10.065	2.308	10.337
2.287	0.335188	10.706870	2.719813	11.052005	0.472	10.499	2.473	10.798
2.305	0.038307	10.591949	2.968810	11.000213	0.381	10.707	2.682	11.049
2.323	-0.363919	11.434708	1.714248	11.568215	0.122	10.882	2.523	11.189
2.346	-0.210690	12.200851	3.035848	12.574639	-0.050	11.234	2.610	11.549
2.363	-0.517148	12.334928	1.273715	12.411294	-0.263	11.641	2.248	11.889
2.381	-1.005565	12.641385	1.015141	12.721882	-0.524	12.153	1.760	12.319
2.403	-1.446098	12.536040	-0.009577	12.619176	-0.795	12.428	1.329	12.582
2.421	-2.604892	8.810662	-2.231396	9.454753	-1.393	11.581	0.012	11.802
2.441	-2.777274	8.379706	-2.863465	9.280742	-1.958	10.592	-1.022	11.019
2.462	-2.528277	9.452309	-0.057461	9.784765	-2.339	9.795	-1.290	10.285
2.481	-1.369483	10.821792	0.248997	10.910942	-2.320	9.366	-1.226	9.858
2.499	-0.833182	10.649409	-0.507571	10.694005	-1.877	9.826	-0.795	10.168
2.519	-0.746991	9.873688	-0.507571	9.914905	-1.369	10.199	-0.206	10.326
2.538	-0.756568	9.318233	0.067038	9.349137	-0.927	10.166	-0.175	10.217
2.557	-0.641646	9.002198	0.593762	9.044548	-0.745	9.711	-0.089	9.751
2.578	-0.603339	8.657434	0.785298	8.713889	-0.687	9.213	0.235	9.256
2.596	-0.478840	8.149862	0.794875	8.202522	-0.620	8.782	0.560	8.828
2.616	-0.402226	7.642292	0.852336	7.700188	-0.532	8.363	0.757	8.415
2.636	-0.363919	7.374141	0.727837	7.418905	-0.462	7.956	0.790	8.009
2.655	-0.402226	7.383718	0.679953	7.425861	-0.412	7.638	0.764	7.687
2.675	-0.354342	7.613562	0.775721	7.661176	-0.381	7.503	0.759	7.552
2.695	-0.296881	7.862558	0.928950	7.922810	-0.354	7.558	0.778	7.607
2.713	-0.076614	7.939173	1.110910	8.016886	-0.283	7.700	0.874	7.757
2.734	-0.220267	8.034941	0.919373	8.090367	-0.237	7.863	0.934	7.923
2.753	-0.268151	8.054094	1.302446	8.163131	-0.215	7.973	1.065	8.048
2.772	-0.287304	8.044518	1.532289	8.194188	-0.213	8.018	1.216	8.116
2.793	-0.268151	8.169016	1.628057	8.333984	-0.261	8.076	1.346	8.195
2.813	-0.105345	8.379706	1.771709	8.565602	-0.232	8.162	1.559	8.314
2.832	-0.134075	8.734048	1.762132	8.911042	-0.199	8.332	1.674	8.501
2.852	-0.009577	9.481039	1.675941	9.628030	-0.129	8.691	1.709	8.860
2.870	-0.038307	10.295067	1.982399	10.484263	-0.072	9.222	1.798	9.397
2.896	-0.287304	10.994174	2.059013	11.189010	-0.117	9.876	1.870	10.053
2.913	-0.670376	11.319786	2.030283	11.519940	-0.251	10.523	1.937	10.705
2.933	-0.766145	11.291056	2.106898	11.511470	-0.441	10.975	2.045	11.176
2.952	0.344765	11.884817	1.426944	11.975137	-0.345	11.372	1.906	11.549
2.972	0.430956	13.187263	2.355895	13.402980	-0.165	11.921	1.980	12.102
2.987	0.181959	13.101071	0.708684	13.121487	0.048	12.366	1.650	12.503
3.007	0.172383	12.890382	-0.248997	12.893938	0.283	12.766	1.061	12.848
3.027	0.536301	13.139379	-0.689530	13.168384	0.330	13.080	0.532	13.147
3.047	1.015141	11.195287	-1.053449	11.290470	0.476	12.582	-0.321	12.619
3.067	1.455675	9.184157	-1.618480	9.438602	0.795	11.602	-0.903	11.698
3.085	2.135628	7.996634	-2.039860	8.524558	1.286	10.379	-1.350	10.606
3.104	2.308010	8.427590	-1.072602	8.803503	1.729	9.201	-1.446	9.514
3.128	1.532289	9.548077	-0.143652	9.671314	1.858	8.789	-1.219	9.109
3.145	0.737414	10.362105	-0.670376	10.409919	1.678	9.084	-0.982	9.352
3.165	0.201113	10.122684	-0.497994	10.136922	1.195	9.615	-0.596	9.755
3.183	0.067038	9.270349	-0.134075	9.271560	0.634	9.826	-0.362	9.872
3.202	0.019154	8.781932	-0.047884	8.782084	0.256	9.634	-0.338	9.650
3.222	0.095768	7.862558	-0.057461	7.863352	0.096	9.009	-0.184	9.013
3.244	0.210690	7.211336	0.028730	7.214470	0.098	8.282	-0.053	8.283
3.262	0.325611	7.000646	0.239420	7.012302	0.163	7.714	0.041	7.718
3.282	0.287304	7.249643	0.287304	7.261020	0.230	7.331	0.124	7.338
3.301	0.229843	7.805098	0.392649	7.818347	0.263	7.317	0.237	7.327
3.320	0.201113	8.140285	0.354342	8.150475	0.261	7.549	0.318	7.561
3.339	0.325611	8.101978	0.488417	8.123215	0.261	7.824	0.381	7.838
3.361	0.488417	8.063671	0.565032	8.098185	0.311	8.028	0.450	8.048
3.380	0.507571	8.149862	0.852336	8.210016	0.381	8.114	0.565	8.145
3.402	0.325611	8.207323	1.091756	8.286019	0.412	8.131	0.749	8.179
3.420	0.229843	8.341399	1.139640	8.422028	0.388	8.191	0.912	8.254
3.443	-0.009577	8.705317	1.244985	8.793898	0.263	8.351	1.082	8.428
3.463	-0.114922	8.925584	1.388637	9.033691	0.108	8.545	1.216	8.634
3.487	-0.296881	9.040505	1.522712	9.172651	-0.048	8.753	1.324	8.856
3.502	-0.153229	9.279925	1.666364	9.429595	-0.144	8.988	1.456	9.107
3.514	0.114922	9.787497	1.541866	9.908867	-0.113	9.258	1.530	9.386
3.534	0.421380	10.601525	1.848324	10.769689	0.022	9.677	1.645	9.820
3.554	0.383072	11.128249	2.030283	11.318424	0.192	10.199	1.772	10.357
3.574	0.373495	11.051635	2.097321	11.255083	0.323	10.642	1.879	10.813
3.593	0.191536	11.032481	2.049437	11.222857	0.342	10.953	2.006	11.142
3.613	-0.162806	11.731588	1.953669	11.894263	0.196	11.236	2.033	11.423
3.632	0.153229	12.708423	1.704672	12.823159	0.139	11.631	1.951	11.799
3.652	0.009577	13.608643	0.670376	13.625148	0.048	12.270	1.595	12.391
3.675	-0.344765	12.248735	-0.086191	12.253890	-0.086	12.574	1.061	12.649
3.693	-1.551443	10.821792	-1.369483	11.017878	-0.433	12.347	0.230	12.430
3.714	-2.097321	8.513782	-3.150769	9.317219	-0.996	11.298	-0.984	11.554
3.730	-2.422932	8.360553	-2.825158	9.151555	-1.604	9.986	-1.858	10.435
3.749	-1.819593	10.218452	-0.229843	10.381740	-1.973	9.479	-1.894	9.967
3.769	-0.881066	11.425131	-0.421380	11.466798	-1.805	9.629	-1.657	10.079
3.792	-0.383072	10.764331	-1.379060	10.859069	-1.377	10.192	-1.214	10.465
3.809	-0.363919	9.969456	-1.082179	10.034620	-0.862	10.594	-0.778	10.686
3.828	-0.248997	9.643845	-0.268151	9.650785	-0.469	10.451	-0.788	10.503
3.848	-0.009577	9.011775	0.143652	9.012925	-0.251	9.847	-0.646	9.889
3.867	-0.076614	8.322245	0.143652	8.323837	-0.175	9.237	-0.266	9.256
3.887	-0.009577	7.603985	0.210690	7.606909	-0.086	8.645	0.057	8.649
3.908	-0.191536	7.134721	0.201113	7.140125	-0.072	8.018	0.175	8.021
3.927	-0.287304	7.058106	0.239420	7.068008	-0.141	7.530	0.199	7.535
3.948	-0.239420	7.527370	0.373495	7.540433	-0.182	7.331	0.256	7.339
3.966	-0.335188	7.920019	0.430956	7.938815	-0.263	7.410	0.311	7.422
3.982	-0.373495	8.054094	0.488417	8.077530	-0.309	7.640	0.383	7.656
4.002	-0.344765	8.073248	0.450110	8.093133	-0.323	7.894	0.436	7.912
4.024	-0.402226	7.987057	0.852336	8.042471	-0.364	8.009	0.555	8.038
4.041	-0.363919	7.977480	0.967257	8.044142	-0.371	8.023	0.690	8.064
4.070	-0.134075	8.303091	1.149217	8.383317	-0.311	8.085	0.855	8.141
4.080	-0.067038	8.446744	1.206678	8.532763	-0.242	8.179	1.044	8.251
4.100	-0.067038	8.638280	1.312023	8.737607	-0.158	8.341	1.159	8.424
4.121	0.038307	9.021352	1.570596	9.157130	-0.057	8.602	1.310	8.703
4.140	0.258574	9.548077	1.675941	9.697495	0.041	8.914	1.441	9.031
4.160	0.201113	10.160992	1.541866	10.279277	0.108	9.342	1.525	9.468
4.181	-0.248997	10.898406	1.628057	11.022151	0.062	9.907	1.604	10.039
4.202	-0.459687	11.405977	1.838747	11.562380	-0.062	10.503	1.671	10.640
4.223	-0.153229	11.635820	2.164358	11.836395	-0.165	11.025	1.793	11.175
4.242	0.708684	12.220005	1.618480	12.347074	-0.038	11.540	1.812	11.692
4.264	0.775721	12.516887	2.231396	12.737870	0.218	11.945	1.963	12.121
4.282	-0.191536	13.196839	0.296881	13.201568	0.285	12.392	1.578	12.531
4.301	0.124498	12.775460	-0.057461	12.776196	0.354	12.677	1.022	12.766
4.315	0.344765	12.152967	-0.833182	12.186373	0.263	12.661	0.409	12.726
4.335	0.814029	10.228029	-2.059013	10.464930	0.273	12.088	-0.663	12.157
4.355	1.561020	8.504205	-2.221819	8.927192	0.711	10.915	-1.293	11.089
4.376	2.126051	7.910442	-1.829170	8.392917	1.211	9.699	-1.736	9.993
4.395	2.039860	8.791509	-0.517148	9.039861	1.635	8.859	-1.657	9.206
4.414	0.861913	10.132261	-0.248997	10.171903	1.647	8.835	-1.204	9.133
4.433	0.325611	10.735600	-0.852336	10.774304	1.338	9.392	-0.862	9.595
4.457	0.076614	10.132261	-0.584185	10.149377	0.826	9.948	-0.551	10.034
4.476	0.028730	9.864111	-0.172383	9.865659	0.323	10.216	-0.464	10.240
4.498	0.277727	8.791509	-0.153229	8.797229	0.177	9.881	-0.441	9.897
4.510	0.421380	7.958326	-0.019154	7.969497	0.201	9.187	-0.232	9.195
4.530	0.574608	7.230489	0.201113	7.256073	0.326	8.461	-0.036	8.472
4.550	0.574608	7.029376	0.268151	7.057918	0.462	7.752	0.074	7.770
4.573	0.459687	7.307104	0.248997	7.325782	0.508	7.381	0.175	7.402
4.592	0.287304	7.805098	0.296881	7.816024	0.474	7.343	0.254	7.364
4.612	0.344765	8.101978	0.507571	8.125180	0.417	7.561	0.330	7.581
4.632	0.354342	8.255207	0.277727	8.267475	0.362	7.867	0.333	7.884
4.647	0.430956	8.111555	0.756568	8.158152	0.354	8.068	0.460	8.092
4.667	0.478840	7.948750	1.024718	8.028820	0.402	8.104	0.642	8.145
4.689	0.517148	8.149862	1.063026	8.235151	0.445	8.116	0.781	8.172
4.708	0.478840	8.494628	1.187524	8.590588	0.476	8.176	1.008	8.253
4.730	0.411803	8.743625	1.474828	8.876692	0.472	8.334	1.188	8.433
4.750	0.268151	8.829816	1.570596	8.972420	0.419	8.554	1.324	8.669
4.772	0.181959	8.781932	1.838747	8.974209	0.335	8.713	1.518	8.853
4.792	0.660800	8.954314	1.570596	9.114997	0.381	8.827	1.614	8.985
4.813	0.670376	9.452309	1.848324	9.654628	0.445	9.005	1.707	9.179
4.831	0.718261	10.496181	2.202666	10.748835	0.558	9.421	1.865	9.623
4.842	0.699107	11.137826	2.202666	11.375045	0.687	10.010	1.956	10.223
4.864	0.689530	11.243171	2.154782	11.468540	0.694	10.582	2.102	10.812
4.882	0.488417	11.195287	2.547431	11.491840	0.649	11.018	2.277	11.271
4.904	0.038307	11.492168	2.078167	11.678620	0.479	11.267	2.246	11.504
4.923	-0.114922	12.239159	2.059013	12.411678	0.275	11.542	2.210	11.763
4.944	-0.248997	12.670115	0.976834	12.710155	0.041	11.899	1.915	12.073
4.962	-0.852336	12.880805	0.708684	12.928412	-0.294	12.321	1.456	12.432
4.981	-1.953669	11.616667	-1.005565	11.822644	-0.792	12.352	0.685	12.468
5.004	-2.193089	8.494628	-2.968810	9.261867	-1.312	11.416	-0.572	11.681
5.019	-2.413355	8.676587	-2.298434	9.294636	-1.853	10.417	-1.391	10.827
5.046	-1.647211	11.252748	0.440533	11.381200	-2.052	10.010	-1.458	10.440
5.057	-1.254562	11.520899	-0.248997	11.591680	-1.877	9.986	-1.269	10.382
5.077	-0.679953	10.850522	-0.718261	10.895506	-1.499	10.575	-0.706	10.791
5.096	-0.584185	10.084377	-0.603339	10.119286	-1.041	10.927	-0.283	10.997
5.120	-0.450110	9.576807	0.162806	9.588761	-0.742	10.508	-0.352	10.549
5.136	-0.450110	8.791509	0.584185	8.822386	-0.541	9.826	-0.144	9.856
5.155	-0.335188	8.015787	0.545878	8.041342	-0.455	9.117	0.172	9.143
5.174	-0.153229	7.297527	0.593762	7.323246	-0.347	8.420	0.472	8.444
5.195	-0.067038	6.885724	0.478840	6.902679	-0.251	7.748	0.551	7.772
5.213	-0.038307	6.924031	0.450110	6.938752	-0.148	7.281	0.517	7.302
5.236	-0.028730	7.412448	0.641646	7.440224	-0.072	7.130	0.541	7.151
5.253	-0.153229	7.852982	0.708684	7.886383	-0.072	7.269	0.570	7.292
5.272	-0.316035	8.006210	0.641646	8.038096	-0.134	7.549	0.611	7.576
5.293	-0.354342	7.987057	0.919373	8.047601	-0.213	7.815	0.728	7.853
5.311	-0.258574	8.044518	1.120486	8.126292	-0.271	7.973	0.848	8.025
5.331	-0.248997	8.178593	1.244985	8.276555	-0.294	8.054	0.982	8.122
5.352	-0.450110	8.245630	1.465251	8.386893	-0.328	8.114	1.188	8.209
5.370	-0.172383	8.561666	1.580173	8.707972	-0.283	8.258	1.353	8.374
5.389	-0.114922	8.743625	1.800440	8.927809	-0.247	8.432	1.523	8.575
5.410	0.258574	9.327810	1.867477	9.516427	-0.120	8.720	1.678	8.885
5.428	0.373495	9.969456	1.733402	10.125918	0.086	9.151	1.745	9.320
5.447	0.153229	10.591949	1.982399	10.776955	0.168	9.658	1.846	9.837
5.470	-0.239420	10.955867	1.877054	11.118079	0.136	10.211	1.865	10.384
5.489	-0.383072	10.955867	1.953669	11.135285	-0.024	10.618	1.887	10.789
5.514	-0.105345	10.869676	2.288857	11.108547	-0.144	10.843	2.025	11.035
5.526	0.622492	11.463438	1.982399	11.650228	-0.026	11.061	2.025	11.253
5.546	0.603339	12.679692	2.518700	12.941502	0.184	11.492	2.186	11.709
5.566	0.067038	12.823344	0.708684	12.843087	0.297	11.959	1.875	12.136
5.594	0.239420	13.292608	-0.047884	13.294851	0.383	12.565	1.290	12.682
5.612	0.316035	12.583924	-0.976834	12.625737	0.306	12.845	0.551	12.926
5.632	0.785298	10.524911	-1.407791	10.647644	0.352	12.306	-0.431	12.353
5.643	1.484405	8.887277	-1.589750	9.149560	0.706	11.322	-1.006	11.429
5.663	2.011129	8.504205	-1.101333	8.807898	1.149	10.125	-1.269	10.308
5.682	1.810017	9.299079	-0.162806	9.474995	1.523	9.304	-1.065	9.520
5.702	0.804452	10.228029	-0.296881	10.263910	1.528	9.230	-0.788	9.424
5.721	0.440533	10.295067	-0.526724	10.317941	1.267	9.582	-0.522	9.716
5.742	0.038307	9.643845	-0.248997	9.647134	0.773	9.867	-0.309	9.926
5.762	0.009577	9.011775	-0.028730	9.011826	0.323	9.795	-0.275	9.810
5.785	-0.009577	8.293514	0.201113	8.295958	0.120	9.311	-0.151	9.318
5.804	0.038307	7.565677	0.325611	7.572778	0.019	8.629	0.062	8.632
5.825	0.201113	7.125144	0.402226	7.139322	0.060	7.999	0.225	8.005
5.843	0.306458	7.182605	0.373495	7.198836	0.134	7.542	0.326	7.552
5.862	0.277727	7.642292	0.478840	7.662313	0.206	7.379	0.395	7.393
5.880	0.114922	8.121132	0.497994	8.137198	0.225	7.518	0.438	7.534
5.902	0.114922	8.446744	0.679953	8.474846	0.204	7.848	0.508	7.868
5.919	0.220267	8.408437	0.651223	8.436493	0.182	8.155	0.577	8.178
5.938	0.344765	8.130709	0.957681	8.194171	0.199	8.277	0.697	8.311
5.958	0.450110	8.082825	1.110910	8.171216	0.283	8.267	0.850	8.319
5.976	0.430956	8.197746	1.321599	8.314769	0.362	8.205	1.010	8.279
5.995	0.325611	8.322245	1.388637	8.443583	0.388	8.183	1.195	8.281
6.017	0.153229	8.485051	1.465251	8.611999	0.340	8.272	1.322	8.385
6.036	0.047884	8.513782	1.513135	8.647332	0.239	8.380	1.422	8.504
6.054	0.076614	8.571242	1.695095	8.737586	0.151	8.473	1.516	8.610
6.075	0.172383	8.743625	1.972822	8.965083	0.113	8.578	1.662	8.740
6.093	0.440533	9.126697	1.915361	9.335913	0.184	8.739	1.774	8.921
6.115	0.593762	9.825804	1.857901	10.017523	0.321	9.067	1.860	9.264
6.134	0.775721	10.812215	2.030283	11.028499	0.496	9.627	1.944	9.837
6.155	0.766145	11.473015	2.260126	11.718584	0.644	10.309	2.016	10.525
6.175	0.555455	11.587936	2.135628	11.796174	0.673	10.925	2.071	11.140
6.194	0.105345	12.401965	2.164358	12.589849	0.551	11.569	2.148	11.783
6.210	0.134075	13.493721	1.829170	13.617795	0.390	12.239	2.097	12.431
6.229	-0.057461	14.077906	1.158794	14.125634	0.184	12.890	1.822	13.032
6.253	-0.746991	13.790602	-0.268151	13.813421	-0.141	13.441	1.221	13.537
6.272	-1.656788	11.511322	-1.206678	11.692371	-0.582	13.218	0.378	13.312
6.294	-2.078167	8.963891	-2.585738	9.558042	-1.135	12.086	-0.725	12.297
6.309	-2.403779	7.613562	-2.968810	8.518116	-1.721	10.470	-1.757	10.895
6.327	-2.116474	8.638280	-0.497994	8.907713	-2.064	9.182	-1.815	9.669
6.351	-0.967257	10.524911	0.172383	10.570669	-1.891	8.935	-1.470	9.389
6.372	-0.622492	10.793061	-1.244985	10.882447	-1.528	9.392	-1.135	9.720
6.391	-0.325611	9.940725	-1.264138	10.026071	-1.008	9.974	-0.709	10.097
6.411	-0.316035	9.653421	-0.411803	9.667368	-0.558	10.228	-0.687	10.287
6.424	0.000000	9.222465	0.124498	9.223305	-0.316	9.902	-0.699	9.950
6.444	-0.009577	8.523358	0.124498	8.524273	-0.163	9.335	-0.357	9.360
6.465	-0.009577	7.757214	0.076614	7.757598	-0.084	8.789	-0.022	8.793
6.484	-0.067038	7.153875	0.086191	7.154708	-0.022	8.164	0.103	8.165
6.503	-0.124498	7.077260	0.191536	7.080946	-0.053	7.628	0.120	7.629
6.524	-0.229843	7.412448	0.373495	7.425411	-0.108	7.350	0.182	7.355
6.543	-0.248997	7.833828	0.536301	7.856111	-0.168	7.369	0.297	7.379
6.567	-0.306458	8.044518	0.622492	8.074384	-0.227	7.592	0.431	7.609
6.585	-0.296881	7.987057	0.852336	8.037891	-0.271	7.819	0.596	7.848
6.610	-0.344765	7.900866	0.794875	7.948230	-0.299	7.942	0.702	7.979
6.619	-0.497994	7.910442	0.957681	7.983749	-0.362	7.961	0.807	8.011
6.640	-0.622492	7.939173	1.206678	8.054442	-0.441	7.934	0.953	8.006
6.660	-0.210690	8.322245	1.254562	8.418911	-0.419	8.018	1.053	8.101
6.683	-0.028730	8.647857	1.436521	8.766404	-0.340	8.205	1.214	8.306
6.702	0.114922	9.356541	1.704672	9.511255	-0.187	8.566	1.401	8.688
6.723	0.277727	10.295067	1.637634	10.428201	0.038	9.155	1.508	9.281
6.740	0.220267	10.936713	1.771709	11.081478	0.146	9.809	1.638	9.947
6.760	-0.277727	11.166556	1.695095	11.297896	0.084	10.439	1.702	10.580
6.779	-0.459687	11.367670	2.030283	11.556699	-0.060	10.942	1.784	11.091
6.801	-0.153229	11.252748	2.279280	11.482287	-0.168	11.181	1.944	11.355
6.820	0.641646	11.951855	2.154782	12.161481	-0.062	11.435	2.040	11.625
6.839	0.335188	12.852075	2.116474	13.029491	0.091	11.856	2.145	12.057
6.856	-0.009577	12.823344	0.373495	12.828786	0.204	12.220	1.731	12.376
6.874	0.201113	12.622231	-0.517148	12.634422	0.292	12.562	1.032	12.664
6.893	0.584185	11.664551	-1.359907	11.758077	0.278	12.491	0.153	12.563
6.915	1.388637	9.998186	-1.647211	10.227675	0.541	11.777	-0.788	11.862
6.933	2.039860	8.580819	-1.714248	8.984994	1.053	10.716	-1.310	10.901
6.952	2.595315	8.542512	-1.235408	9.013124	1.652	9.697	-1.489	9.996
6.972	1.742979	9.653421	-0.220267	9.811984	1.942	9.194	-1.204	9.509
6.991	0.919373	10.362105	-0.545878	10.417123	1.824	9.285	-0.929	9.557
7.010	0.430956	10.371682	-0.411803	10.388797	1.422	9.732	-0.603	9.908
7.032	0.038307	9.777920	-0.076614	9.778295	0.783	10.041	-0.314	10.099
7.049	0.038307	9.021352	0.057461	9.021616	0.357	9.883	-0.244	9.901
7.070	0.114922	8.092402	0.000000	8.093217	0.156	9.316	-0.108	9.320
7.090	0.268151	7.278373	0.000000	7.283311	0.115	8.543	-0.005	8.544
7.114	0.402226	6.876147	0.172383	6.890058	0.206	7.817	0.057	7.822
7.133	0.440533	7.038953	0.239420	7.056787	0.306	7.321	0.103	7.331
7.153	0.325611	7.584831	0.316035	7.598392	0.359	7.195	0.182	7.207
7.174	0.258574	8.044518	0.296881	8.054146	0.357	7.386	0.256	7.400
7.195	0.335188	8.245630	0.316035	8.258489	0.340	7.728	0.292	7.742
7.206	0.363919	8.274361	0.507571	8.297898	0.321	8.037	0.359	8.052
7.227	0.469264	8.197746	0.737414	8.244212	0.357	8.191	0.464	8.214
7.245	0.507571	8.197746	0.938527	8.266892	0.419	8.229	0.625	8.267
7.265	0.459687	8.322245	1.197101	8.420459	0.450	8.248	0.845	8.307
7.285	0.402226	8.523358	1.110910	8.604856	0.460	8.310	0.996	8.384
7.304	0.239420	8.762778	1.235408	8.852674	0.402	8.452	1.120	8.536
7.324	0.038307	8.868123	1.589750	9.009571	0.285	8.619	1.283	8.722
7.346	-0.019154	9.078813	1.857901	9.266984	0.165	8.808	1.448	8.934
7.364	0.191536	9.318233	1.599327	9.456427	0.113	9.007	1.571	9.146
7.385	0.507571	9.950302	1.733402	10.112904	0.180	9.304	1.695	9.461
7.404	0.651223	10.869676	2.097321	11.089305	0.333	9.804	1.822	9.981
7.424	0.545878	11.262324	2.097321	11.468944	0.474	10.350	1.882	10.532
7.442	0.392649	11.128249	2.317587	11.373799	0.524	10.803	2.061	11.011
7.463	0.268151	10.955867	2.327164	11.203509	0.464	11.054	2.210	11.284
7.483	-0.095768	11.444284	2.135628	11.642239	0.278	11.198	2.219	11.422
7.504	0.009577	12.717999	1.321599	12.786486	0.144	11.562	2.025	11.752
7.521	-0.191536	13.445837	1.015141	13.485464	-0.002	12.141	1.700	12.279
7.539	-0.574608	12.785037	-0.201113	12.799523	-0.213	12.598	1.068	12.678
7.557	-1.704672	10.793061	-1.589750	11.041892	-0.615	12.435	0.136	12.528
7.581	-2.020706	8.647857	-2.901772	9.342856	-1.123	11.418	-0.919	11.667
7.598	-2.375048	8.418014	-2.212242	9.022074	-1.669	10.161	-1.726	10.552
7.620	-2.231396	9.844957	-0.076614	10.094958	-2.083	9.426	-1.695	9.875
7.639	-1.503559	11.080365	-0.593762	11.197666	-2.033	9.498	-1.446	9.914
7.662	-0.967257	10.831368	-0.842759	10.907079	-1.769	10.044	-0.931	10.305
7.681	-0.689530	10.103531	-0.670376	10.149196	-1.348	10.465	-0.546	10.587
7.703	-0.775721	9.500193	-0.047884	9.531931	-0.984	10.379	-0.539	10.446
7.720	-0.402226	8.753201	0.507571	8.777127	-0.709	9.797	-0.263	9.841
7.732	-0.478840	7.900866	0.469264	7.929260	-0.587	9.064	0.065	9.097
7.753	-0.421380	7.153875	0.316035	7.173239	-0.520	8.327	0.311	8.353
7.774	-0.277727	6.828263	0.363919	6.843592	-0.395	7.659	0.414	7.681
7.792	-0.172383	6.971915	0.469264	6.989816	-0.338	7.214	0.405	7.234
7.814	-0.124498	7.412448	0.497994	7.430201	-0.249	7.092	0.412	7.109
7.832	-0.277727	7.872135	0.612916	7.900842	-0.213	7.271	0.486	7.291
7.852	-0.469264	8.169016	0.775721	8.219171	-0.261	7.606	0.589	7.635
7.870	-0.488417	8.293514	0.766145	8.343135	-0.340	7.937	0.663	7.973
7.895	-0.440533	8.255207	1.005565	8.327885	-0.419	8.147	0.790	8.198
7.915	-0.373495	8.264784	1.158794	8.353978	-0.443	8.246	0.927	8.311
7.936	-0.354342	8.379706	1.292869	8.486256	-0.414	8.298	1.056	8.378
7.953	-0.268151	8.542512	1.340753	8.651245	-0.359	8.361	1.199	8.455
7.968	-0.229843	8.628703	1.551443	8.770081	-0.306	8.454	1.336	8.565
7.987	0.019154	9.030929	1.800440	9.208671	-0.208	8.645	1.496	8.779
8.012	0.057461	9.490616	1.781286	9.656504	-0.105	8.923	1.618	9.072
8.032	0.124498	9.959879	1.905785	10.141336	-0.007	9.278	1.760	9.444
8.055	0.038307	10.544065	1.838747	10.703259	0.060	9.756	1.832	9.927
8.065	-0.076614	11.128249	1.896208	11.288906	0.036	10.281	1.856	10.447
8.085	-0.067038	11.300632	2.193089	11.511664	0.005	10.733	1.958	10.911
8.105	0.277727	11.405977	1.781286	11.547572	0.043	11.095	1.927	11.263
8.129	0.746991	12.440272	2.001553	12.622384	0.220	11.569	1.968	11.743
8.146	0.038307	12.909535	0.995988	12.947955	0.249	12.014	1.743	12.157
8.167	0.383072	12.938266	0.392649	12.949890	0.362	12.424	1.293	12.517
8.185	0.603339	13.129802	-0.536301	13.154593	0.443	12.854	0.713	12.919
8.205	0.976834	11.903971	-1.206678	12.004782	0.500	12.720	-0.089	12.764
8.223	1.312023	9.634268	-1.407791	9.824581	0.819	11.902	-0.690	11.983
8.244	2.135628	8.015787	-1.886631	8.507240	1.257	10.671	-1.259	10.873
8.264	2.509123	7.948750	-1.225831	8.425021	1.733	9.376	-1.432	9.690
8.285	2.231396	9.126697	-0.440533	9.405838	2.047	8.681	-1.240	9.041
8.304	1.369483	9.873688	-0.450110	9.978366	2.061	8.741	-1.001	9.079
8.318	0.833182	10.141838	-0.651223	10.196821	1.736	9.273	-0.692	9.502
8.339	0.507571	9.844957	-0.392649	9.865850	1.235	9.747	-0.484	9.862
8.361	0.354342	9.212888	-0.047884	9.219824	0.766	9.768	-0.385	9.815
8.385	0.210690	8.360553	-0.038307	8.363294	0.476	9.390	-0.283	9.411
8.408	0.239420	7.623138	0.000000	7.626897	0.328	8.760	-0.120	8.769
8.417	0.258574	7.086837	0.047884	7.091714	0.266	8.071	-0.010	8.075
8.436	0.287304	7.134721	0.181959	7.142821	0.249	7.551	0.048	7.556
8.457	0.287304	7.623138	0.239420	7.632307	0.268	7.367	0.117	7.373
8.477	0.344765	8.101978	0.383072	8.118353	0.294	7.487	0.213	7.496
8.497	0.478840	8.331821	0.440533	8.357189	0.350	7.798	0.311	7.813
8.520	0.603339	8.408437	0.660800	8.455914	0.429	8.116	0.431	8.141
8.538	0.708684	8.379706	0.785298	8.446207	0.534	8.305	0.567	8.344
8.560	0.679953	8.312668	0.881066	8.386838	0.618	8.358	0.692	8.412
8.579	0.545878	8.341399	1.082179	8.429000	0.634	8.361	0.852	8.429
8.600	0.392649	8.465898	1.091756	8.545030	0.582	8.375	0.960	8.452
8.617	0.220267	8.638280	1.273715	8.734458	0.460	8.440	1.082	8.524
8.637	0.067038	8.753201	1.599327	8.898364	0.306	8.550	1.262	8.652
8.651	-0.009577	8.906430	1.647211	9.057477	0.168	8.691	1.403	8.809
8.671	0.239420	9.279925	1.426944	9.392045	0.129	8.894	1.487	9.021
8.690	0.421380	9.959879	1.532289	10.085864	0.180	9.225	1.551	9.358
8.711	0.440533	10.850522	2.106898	11.061958	0.273	9.749	1.678	9.899
8.729	0.373495	11.310209	1.924938	11.478925	0.369	10.350	1.748	10.505
8.750	0.191536	11.195287	2.221819	11.415236	0.357	10.829	1.946	11.010
8.769	0.067038	11.176133	1.877054	11.332863	0.268	11.133	2.033	11.322
8.795	-0.239420	12.392388	2.039860	12.561435	0.098	11.519	2.016	11.697
8.812	-0.124498	13.101071	1.177947	13.154510	-0.026	11.966	1.829	12.116
8.833	-0.402226	12.392388	0.459687	12.407433	-0.175	12.265	1.389	12.364
8.852	-1.675941	12.469003	-0.545878	12.592966	-0.611	12.589	0.783	12.679
8.866	-1.924938	9.346964	-1.771709	9.706187	-1.032	11.827	-0.170	11.965
8.886	-1.944092	7.738060	-2.806004	8.457584	-1.487	10.487	-1.166	10.791
8.909	-2.202666	8.140285	-1.436521	8.554506	-1.937	9.424	-1.640	9.828
8.928	-1.886631	10.074800	-0.105345	10.250467	-1.990	8.825	-1.530	9.242
8.951	-1.283292	11.549629	-0.612916	11.636857	-1.829	9.376	-1.240	9.725
8.968	-0.919373	11.262324	-0.928950	11.337907	-1.573	10.257	-0.771	10.445
8.983	-0.727837	10.505757	-0.670376	10.552255	-1.204	10.848	-0.579	10.944
9.003	-0.507571	9.701305	0.143652	9.715637	-0.860	10.755	-0.517	10.811
9.026	-0.383072	8.734048	0.459687	8.754522	-0.634	10.051	-0.249	10.090
9.045	-0.325611	7.967903	0.612916	7.998073	-0.486	9.227	0.136	9.255
9.065	-0.028730	7.364564	0.411803	7.376125	-0.311	8.442	0.407	8.461
9.085	0.124498	7.077260	0.363919	7.087704	-0.153	7.786	0.462	7.804
9.099	0.134075	7.268796	0.469264	7.285162	-0.024	7.420	0.464	7.437
9.120	0.047884	7.785944	0.632069	7.811705	0.069	7.374	0.469	7.390
9.142	0.019154	8.341399	0.785298	8.378305	0.081	7.618	0.563	7.641
9.160	-0.134075	8.590396	0.957681	8.644653	0.017	7.997	0.711	8.030
9.182	-0.181959	8.561666	0.928950	8.613836	-0.062	8.320	0.826	8.362
9.200	-0.229843	8.398860	1.063026	8.468984	-0.132	8.473	0.934	8.526
9.226	-0.277727	8.303091	1.302446	8.409210	-0.206	8.464	1.063	8.534
9.244	-0.335188	8.169016	1.388637	8.292978	-0.256	8.358	1.171	8.446
9.265	-0.363919	8.006210	1.321599	8.122713	-0.302	8.219	1.269	8.323
9.284	-0.277727	7.987057	1.369483	8.108372	-0.314	8.116	1.346	8.233
9.295	-0.086191	8.389283	1.541866	8.530232	-0.266	8.138	1.405	8.264
9.315	0.086191	9.232041	1.637634	9.376560	-0.160	8.404	1.468	8.534
9.343	-0.057461	10.448297	1.628057	10.574534	-0.084	9.014	1.544	9.147
9.356	-0.248997	10.716447	1.580173	10.835182	-0.077	9.697	1.597	9.829
9.375	-0.450110	11.271901	1.762132	11.417682	-0.168	10.417	1.652	10.551
9.394	-0.239420	11.434708	2.212242	11.649201	-0.249	10.968	1.796	11.119
9.415	0.354342	11.750742	1.991976	11.923652	-0.146	11.293	1.887	11.456
9.433	1.015141	12.909535	2.154782	13.127441	0.170	11.842	2.030	12.029
9.459	0.057461	13.484144	1.283292	13.545194	0.297	12.395	1.911	12.561
9.478	0.335188	12.277467	0.632069	12.298294	0.441	12.605	1.516	12.724
9.500	0.651223	12.325351	-0.153229	12.343494	0.515	12.749	0.979	12.829
9.517	1.005565	11.549629	-0.517148	11.604849	0.512	12.409	0.311	12.448
9.530	1.292869	9.538500	-1.206678	9.701060	0.821	11.423	-0.311	11.487
9.549	1.944092	8.226477	-1.723825	8.627050	1.223	10.410	-0.900	10.569
9.574	2.183512	8.188169	-1.005565	8.533757	1.607	9.376	-1.113	9.617
9.593	2.126051	8.983045	-0.287304	9.235677	1.887	8.734	-1.056	9.024
9.614	1.235408	9.720459	-0.124498	9.799441	1.872	8.780	-0.785	9.049
9.631	0.574608	9.720459	-0.239420	9.740370	1.530	9.153	-0.414	9.327
9.649	0.440533	9.222465	-0.277727	9.237156	1.094	9.412	-0.232	9.503
9.669	0.325611	8.647857	-0.047884	8.654117	0.644	9.328	-0.172	9.358
9.690	0.277727	8.188169	0.086191	8.193332	0.405	8.945	-0.120	8.956
9.708	0.383072	7.747637	0.210690	7.759962	0.357	8.452	-0.007	8.461
9.729	0.325611	7.345411	0.191536	7.355118	0.328	7.982	0.110	7.991
9.746	0.383072	7.393295	0.392649	7.413618	0.342	7.669	0.220	7.680
9.766	0.402226	7.805098	0.239420	7.819121	0.373	7.573	0.259	7.587
9.784	0.488417	8.207323	0.430956	8.233130	0.400	7.688	0.314	7.705
9.806	0.555455	8.341399	0.603339	8.381617	0.457	7.937	0.417	7.962
9.823	0.632069	8.370130	0.833182	8.435210	0.520	8.181	0.527	8.217
9.843	0.718261	8.207323	1.139640	8.317141	0.599	8.282	0.752	8.342
9.862	0.622492	8.015787	1.235408	8.134284	0.632	8.234	0.953	8.317
9.881	0.536301	8.044518	1.292869	8.165378	0.627	8.159	1.125	8.263
9.903	0.488417	8.312668	1.455675	8.453282	0.591	8.145	1.281	8.268
9.921	0.354342	8.695741	1.608904	8.850426	0.500	8.267	1.398	8.401
9.940	0.210690	9.021352	1.742979	9.190601	0.397	8.519	1.525	8.665
9.960	0.172383	9.222465	1.695095	9.378535	0.306	8.813	1.626	8.968
9.979	0.411803	9.586384	1.685518	9.742141	0.287	9.131	1.683	9.290
9.999	0.497994	10.247183	1.944092	10.441851	0.323	9.519	1.767	9.688
10.018	0.526724	10.965444	2.020706	11.162510	0.402	10.005	1.836	10.181
10.038	0.517148	11.300632	2.183512	11.521261	0.488	10.525	1.958	10.717
10.057	0.354342	11.358093	2.202666	11.575128	0.474	10.968	2.088	11.175
10.078	0.038307	11.932701	2.068590	12.110735	0.359	11.389	2.119	11.592
10.096	-0.354342	13.206416	1.695095	13.319472	0.139	11.949	2.037	12.132
10.116	-0.268151	13.081918	1.216254	13.141071	-0.057	12.395	1.796	12.537
10.136	-0.737414	12.287044	0.095768	12.309524	-0.330	12.627	1.269	12.720
10.156	-1.656788	12.066776	-0.842759	12.209106	-0.754	12.661	0.541	12.745
10.178	-2.116474	9.567230	-1.838747	9.969571	-1.195	11.751	-0.342	11.907
10.196	-2.288857	7.824251	-3.045424	8.702436	-1.700	10.436	-1.408	10.798
10.214	-2.298434	7.977480	-1.704672	8.475193	-2.090	9.359	-1.858	9.839
10.238	-1.570596	9.816227	-0.392649	9.948832	-2.069	8.796	-1.745	9.274
10.256	-1.091756	10.946290	-0.699107	11.022792	-1.812	9.141	-1.460	9.537
10.274	-0.948104	10.678140	-1.024718	10.769012	-1.477	9.855	-0.955	10.054
10.292	-1.015141	10.189722	-0.804452	10.271713	-1.156	10.408	-0.730	10.503
10.312	-0.411803	9.672575	-0.028730	9.681380	-0.867	10.372	-0.639	10.436
10.330	-0.248997	8.868123	0.363919	8.879079	-0.656	9.852	-0.373	9.900
10.354	-0.229843	8.034941	0.143652	8.039511	-0.476	9.191	-0.081	9.218
10.370	-0.191536	7.278373	0.105345	7.281655	-0.271	8.464	0.146	8.470
10.389	-0.153229	7.019799	0.287304	7.027347	-0.206	7.800	0.225	7.807
10.409	-0.057461	7.220912	0.440533	7.234566	-0.158	7.389	0.244	7.396
10.428	0.028730	7.575254	0.545878	7.594951	-0.093	7.274	0.345	7.285
10.447	-0.067038	7.900866	0.660800	7.928734	-0.062	7.429	0.484	7.446
10.468	-0.038307	8.111555	0.804452	8.151437	-0.034	7.702	0.613	7.727
10.487	-0.076614	8.149862	0.804452	8.189827	-0.038	7.934	0.704	7.966
10.506	-0.191536	8.063671	1.024718	8.130777	-0.093	8.056	0.824	8.100
10.526	-0.277727	8.025364	1.091756	8.104044	-0.146	8.088	0.931	8.144
10.545	-0.210690	8.207323	1.264138	8.306780	-0.189	8.112	1.046	8.183
10.564	-0.076614	8.475474	1.398214	8.590374	-0.189	8.193	1.195	8.283
10.586	-0.057461	8.820239	1.493982	8.946055	-0.156	8.382	1.312	8.487
10.604	0.038307	9.356541	1.589750	9.490712	-0.077	8.715	1.437	8.833
10.623	0.172383	10.074800	1.503559	10.187836	0.019	9.182	1.496	9.304
10.643	-0.028730	10.735600	1.465251	10.835170	0.031	9.747	1.513	9.865
10.663	-0.430956	11.377247	1.723825	11.515166	-0.062	10.386	1.571	10.507
10.682	-0.421380	11.549629	1.982399	11.726099	-0.177	10.934	1.669	11.066
10.703	0.134075	11.990162	1.991976	12.155243	-0.187	11.413	1.791	11.558
10.721	0.488417	12.373235	2.126051	12.564059	-0.057	11.823	1.956	11.990
10.743	-0.095768	12.650962	1.139640	12.702550	0.026	12.141	1.810	12.287
10.762	0.038307	12.574347	0.220267	12.576335	0.141	12.397	1.369	12.500
10.788	0.316035	12.545617	-0.325611	12.553820	0.187	12.536	0.790	12.599
10.804	0.670376	11.856087	-1.149217	11.930502	0.232	12.407	-0.029	12.441
10.824	1.130063	9.902418	-1.589750	10.092682	0.539	11.720	-0.711	11.788
10.843	1.972822	8.264784	-2.116474	8.756606	1.022	10.642	-1.295	10.833
10.861	2.327164	8.015787	-1.379060	8.459926	1.525	9.510	-1.559	9.810
10.879	2.126051	8.839393	-0.584185	9.110227	1.889	8.756	-1.417	9.105
10.903	1.216254	9.777920	-0.565032	9.869460	1.911	8.724	-1.161	9.049
10.921	0.526724	10.256760	-0.670376	10.292131	1.549	9.222	-0.800	9.433
10.940	0.363919	10.017340	-0.335188	10.029550	1.058	9.723	-0.539	9.825
10.957	0.248997	9.375694	-0.067038	9.379239	0.589	9.857	-0.409	9.893
10.976	0.124498	8.542512	-0.019154	8.543441	0.316	9.548	-0.273	9.561
10.994	0.172383	7.776367	-0.210690	7.781131	0.227	8.928	-0.158	8.933
11.018	0.162806	7.173028	-0.028730	7.174933	0.177	8.217	-0.081	8.220
11.034	0.114922	7.019799	0.105345	7.021530	0.144	7.628	-0.038	7.630
11.054	0.181959	7.603985	0.095768	7.606764	0.158	7.393	-0.010	7.396
11.073	0.316035	8.207323	0.296881	8.218769	0.194	7.501	0.117	7.505
11.093	0.325611	8.504205	0.421380	8.520861	0.235	7.834	0.230	7.842
11.111	0.392649	8.437167	0.411803	8.456332	0.304	8.188	0.306	8.201
11.134	0.430956	8.255207	0.632069	8.290578	0.366	8.351	0.441	8.372
11.151	0.392649	8.063671	0.967257	8.130962	0.385	8.315	0.608	8.350
11.170	0.268151	8.015787	1.130063	8.099494	0.371	8.193	0.785	8.244
11.191	0.229843	8.092402	1.149217	8.176826	0.330	8.107	0.970	8.174
11.210	0.153229	8.188169	1.254562	8.285139	0.261	8.090	1.125	8.173
11.229	0.316035	8.456321	1.522712	8.598133	0.242	8.188	1.264	8.290
11.251	0.229843	8.906430	1.628057	9.056925	0.232	8.411	1.389	8.529
11.268	0.593762	9.481039	1.398214	9.601961	0.323	8.758	1.451	8.886
11.287	0.766145	10.208876	1.532289	10.351620	0.476	9.263	1.520	9.402
11.308	0.746991	11.061212	1.963245	11.258896	0.584	9.914	1.630	10.067
11.326	0.603339	11.492168	1.991976	11.679123	0.678	10.561	1.721	10.723
11.346	0.201113	11.626244	2.422932	11.877735	0.579	11.097	1.978	11.292
11.367	-0.162806	12.210428	2.068590	12.385481	0.347	11.598	2.112	11.800
11.385	-0.411803	12.871228	1.857901	13.011145	0.057	12.050	2.085	12.238
11.405	-0.306458	12.995727	0.928950	13.032489	-0.170	12.426	1.820	12.577
11.425	-0.785298	13.206416	0.354342	13.234489	-0.417	12.821	1.302	12.916
11.445	-1.522712	12.018892	-0.938527	12.151265	-0.757	12.773	0.551	12.857
11.465	-2.020706	9.730036	-1.944092	10.126023	-1.159	11.988	-0.400	12.136
11.487	-2.059013	8.092402	-2.853889	8.824464	-1.597	10.762	-1.346	11.084
11.506	-2.126051	8.341399	-1.628057	8.760685	-1.932	9.546	-1.841	9.966
11.529	-1.714248	9.998186	-0.095768	10.144532	-1.980	9.041	-1.630	9.464
11.543	-1.197101	10.793061	-0.679953	10.880513	-1.774	9.306	-1.314	9.653
11.561	-0.948104	10.429143	-0.919373	10.512429	-1.496	9.890	-0.831	10.075
11.581	-0.909797	9.864111	-0.603339	9.924335	-1.192	10.271	-0.575	10.365
11.601	-0.478840	9.346964	0.057461	9.359397	-0.883	10.108	-0.536	10.169
11.620	-0.383072	8.599973	0.373495	8.616599	-0.680	9.560	-0.273	9.603
11.641	-0.344765	7.766790	0.248997	7.778425	-0.529	8.894	0.019	8.920
11.661	-0.220267	7.086837	0.220267	7.093680	-0.357	8.200	0.225	8.212
11.684	-0.076614	6.876147	0.392649	6.887775	-0.256	7.582	0.309	7.594
11.702	0.000000	7.105990	0.507571	7.124095	-0.160	7.209	0.342	7.221
11.724	-0.028730	7.623138	0.565032	7.644104	-0.081	7.173	0.421	7.187
11.743	-0.114922	8.082825	0.622492	8.107574	-0.055	7.422	0.522	7.441
11.768	-0.124498	8.264784	0.727837	8.297705	-0.067	7.769	0.606	7.793
11.778	-0.201113	8.312668	0.852336	8.358670	-0.117	8.071	0.692	8.102
11.797	-0.277727	8.111555	1.053449	8.184388	-0.180	8.193	0.814	8.237
11.815	-0.402226	8.101978	1.130063	8.190292	-0.251	8.198	0.941	8.258
11.835	-0.430956	8.245630	1.043872	8.322608	-0.328	8.193	1.020	8.264
11.855	-0.411803	8.485051	1.120486	8.568615	-0.381	8.236	1.087	8.316
11.875	-0.325611	8.829816	1.340753	8.936962	-0.393	8.416	1.159	8.505
11.895	-0.095768	9.404425	1.513135	9.525857	-0.316	8.741	1.255	8.839
11.917	-0.047884	9.959879	1.522712	10.075720	-0.220	9.170	1.374	9.277
11.935	-0.354342	10.342952	1.388637	10.441768	-0.206	9.634	1.441	9.745
11.956	-0.593762	11.003751	1.493982	11.120570	-0.273	10.178	1.480	10.291
11.973	-0.402226	11.444284	1.905785	11.608853	-0.350	10.688	1.578	10.812
11.992	0.373495	12.152967	1.838747	12.296955	-0.244	11.236	1.657	11.367
12.011	0.555455	12.717999	2.030283	12.891009	-0.017	11.830	1.817	11.979
12.033	-0.124498	12.861651	0.823605	12.888596	0.101	12.294	1.650	12.421
12.050	-0.239420	12.919112	0.076614	12.921558	0.141	12.663	1.192	12.750
12.069	-0.038307	12.775460	-0.871489	12.805208	0.038	12.819	0.515	12.877
12.090	0.201113	12.047623	-1.312023	12.120523	-0.050	12.651	-0.321	12.684
12.108	0.909797	10.103531	-1.465251	10.249684	0.208	11.961	-0.893	12.024
12.127	1.905785	8.686164	-1.513135	9.020589	0.745	10.903	-1.290	11.049
12.148	2.240973	8.063671	-1.647211	8.529833	1.314	9.725	-1.484	9.980
12.169	2.240973	8.360553	-1.264138	8.747505	1.824	8.803	-1.472	9.137
12.189	1.350330	9.222465	-0.708684	9.347699	1.935	8.583	-1.283	8.911
12.206	0.679953	9.816227	-1.005565	9.890996	1.628	8.866	-1.156	9.129
12.225	0.430956	9.959879	-0.842759	10.004757	1.176	9.340	-0.955	9.498
12.244	0.229843	9.662998	-0.402226	9.674097	0.673	9.665	-0.740	9.729
12.265	0.114922	9.040505	-0.354342	9.048177	0.364	9.620	-0.651	9.654
12.284	0.038307	8.312668	-0.421380	8.323429	0.204	9.244	-0.505	9.263
12.305	0.095768	7.728483	-0.277727	7.734065	0.120	8.686	-0.364	8.695
12.322	0.153229	7.565677	-0.086191	7.567719	0.101	8.162	-0.285	8.168
12.342	0.114922	7.718906	-0.028730	7.719815	0.101	7.831	-0.204	7.836
12.362	0.105345	8.015787	0.124498	8.017447	0.117	7.757	-0.067	7.760
12.382	0.181959	8.169016	0.181959	8.173068	0.139	7.867	0.048	7.870
12.401	0.229843	8.063671	0.277727	8.071725	0.158	7.992	0.139	7.996
12.421	0.344765	7.929596	0.459687	7.950388	0.215	8.045	0.261	8.053
12.439	0.497994	7.900866	0.622492	7.940980	0.314	8.016	0.385	8.034
12.462	0.593762	7.977480	0.871489	8.046877	0.417	7.968	0.558	8.002
12.479	0.574608	8.264784	1.024718	8.347867	0.503	8.018	0.745	8.072
12.498	0.469264	8.552089	1.158794	8.642987	0.534	8.174	0.919	8.245
12.518	0.239420	8.705317	1.225831	8.794461	0.469	8.375	1.070	8.458
12.539	0.019154	8.714894	1.474828	8.838827	0.326	8.559	1.221	8.656
12.558	-0.009577	8.935161	1.273715	9.025494	0.180	8.727	1.283	8.825
12.579	0.220267	9.270349	1.120486	9.340416	0.117	8.906	1.274	9.000
12.597	0.344765	9.959879	1.379060	10.060808	0.144	9.220	1.312	9.316
12.616	0.545878	10.802638	1.580173	10.931236	0.275	9.742	1.338	9.839
12.636	0.459687	11.338940	1.752556	11.482784	0.393	10.343	1.458	10.454
12.655	0.019154	12.009315	1.723825	12.132419	0.342	11.028	1.609	11.152
12.675	-0.134075	12.976573	1.561020	13.070815	0.223	11.782	1.654	11.904
12.696	0.047884	13.867216	0.737414	13.886891	0.098	12.548	1.444	12.643
12.713	-0.181959	13.800179	0.143652	13.802126	-0.062	13.163	1.041	13.223
12.733	-0.861913	12.708423	-1.369483	12.811026	-0.283	13.338	0.268	13.393
12.753	-1.896208	11.204864	-2.030283	11.544116	-0.723	12.895	-0.630	13.011
12.772	-2.528277	9.471462	-2.528277	10.123881	-1.367	11.796	-1.446	12.070
12.793	-2.595315	8.370130	-2.662352	9.158758	-1.970	10.439	-2.148	10.909
12.814	-2.279280	8.868123	-1.570596	9.290075	-2.325	9.479	-2.198	10.029
12.833	-1.551443	10.055647	-0.928950	10.216945	-2.239	9.191	-1.923	9.697
12.855	-1.110910	10.314221	-1.407791	10.468962	-1.884	9.402	-1.642	9.784
12.872	-0.909797	9.979033	-1.149217	10.086105	-1.463	9.804	-1.264	10.016
12.897	-0.727837	9.777920	-0.622492	9.824711	-1.075	10.032	-1.027	10.149
12.916	-0.565032	9.394848	-0.067038	9.412063	-0.828	9.867	-0.812	9.948
12.936	-0.517148	8.724471	-0.114922	8.740540	-0.680	9.469	-0.488	9.516
12.955	-0.421380	7.958326	-0.134075	7.970602	-0.558	8.964	-0.235	8.987
12.967	-0.344765	7.374141	-0.009577	7.382203	-0.462	8.363	-0.081	8.376
12.988	-0.268151	7.173028	0.105345	7.178812	-0.388	7.807	-0.038	7.818
13.008	-0.181959	7.402872	0.239420	7.408977	-0.304	7.477	0.050	7.485
13.030	-0.258574	7.824251	0.411803	7.839346	-0.263	7.444	0.187	7.452
13.051	-0.105345	8.216900	0.555455	8.236327	-0.204	7.654	0.328	7.666
13.073	-0.287304	8.350976	0.641646	8.380516	-0.208	7.949	0.462	7.966
13.093	-0.373495	8.303091	0.641646	8.336218	-0.256	8.174	0.563	8.198
13.104	-0.392649	8.207323	0.727837	8.248883	-0.290	8.270	0.642	8.300
13.124	-0.296881	8.121132	0.871489	8.173152	-0.338	8.246	0.721	8.285
13.145	-0.191536	8.082825	0.938527	8.139385	-0.314	8.179	0.795	8.224
13.167	-0.181959	8.073248	0.919373	8.127465	-0.266	8.121	0.864	8.172
13.187	-0.105345	8.255207	1.082179	8.326503	-0.194	8.133	0.953	8.192
13.205	0.009577	8.676587	1.244985	8.765457	-0.117	8.272	1.046	8.340
13.221	0.191536	9.404425	1.426944	9.513993	-0.022	8.602	1.168	8.683
13.241	0.201113	9.959879	1.417367	10.062235	0.074	9.074	1.293	9.167
13.260	-0.201113	10.295067	1.369483	10.387701	0.050	9.584	1.365	9.682
13.281	-0.373495	10.888829	1.561020	11.006493	-0.045	10.137	1.444	10.243
13.303	-0.268151	11.377247	1.924938	11.542055	-0.160	10.630	1.568	10.750
13.322	0.296881	12.143391	1.589750	12.250607	-0.136	11.176	1.611	11.297
13.342	0.009577	12.804191	1.838747	12.935547	-0.084	11.803	1.729	11.934
13.364	-0.363919	12.976573	0.670376	12.998972	-0.081	12.325	1.506	12.432
13.386	-0.316035	12.938266	0.019154	12.942140	-0.093	12.716	1.030	12.782
13.407	-0.181959	12.583924	-1.206678	12.642956	-0.213	12.826	0.330	12.880
13.416	0.047884	11.540052	-1.838747	11.685722	-0.204	12.510	-0.589	12.567
13.437	0.804452	9.777920	-1.953669	10.003583	0.089	11.710	-1.245	11.819
13.457	1.819593	8.561666	-1.838747	8.943938	0.622	10.616	-1.709	10.819
13.479	2.154782	8.073248	-1.474828	8.485018	1.207	9.488	-1.776	9.780
13.497	1.896208	8.628703	-1.101333	8.902980	1.669	8.760	-1.592	9.084
13.519	1.110910	9.595961	-1.130063	9.725926	1.745	8.715	-1.386	9.014
13.536	0.708684	10.180145	-1.216254	10.277007	1.468	9.120	-1.231	9.348
13.554	0.565032	10.218452	-0.794875	10.264885	1.070	9.656	-1.061	9.793
13.573	0.440533	9.902418	-0.363919	9.918891	0.706	9.974	-0.876	10.047
13.594	0.392649	9.241618	-0.124498	9.250794	0.527	9.886	-0.625	9.928
13.611	0.344765	8.465898	-0.076614	8.473261	0.436	9.457	-0.340	9.477
13.631	0.325611	7.805098	-0.086191	7.812362	0.376	8.854	-0.163	8.864
13.652	0.248997	7.498640	0.172383	7.504753	0.328	8.253	-0.029	8.260
13.670	0.201113	7.757214	0.105345	7.760535	0.280	7.882	0.029	7.888
13.689	0.248997	8.169016	0.210690	8.175525	0.256	7.807	0.101	7.813
13.712	0.402226	8.408437	0.277727	8.422632	0.275	7.958	0.192	7.966
13.730	0.545878	8.216900	0.363919	8.243049	0.350	8.138	0.239	8.150
13.749	0.565032	8.034941	0.584185	8.075940	0.441	8.207	0.359	8.229
13.768	0.517148	7.920019	0.746991	7.971960	0.508	8.145	0.493	8.178
13.788	0.440533	7.948750	0.881066	8.009555	0.517	8.030	0.644	8.075
13.808	0.402226	7.987057	0.948104	8.053183	0.481	7.973	0.790	8.028
13.829	0.392649	8.054094	1.024718	8.128509	0.438	7.977	0.900	8.041
13.847	0.268151	8.207323	1.110910	8.286506	0.376	8.049	0.991	8.119
13.867	0.210690	8.542512	1.350330	8.651144	0.318	8.198	1.109	8.280
13.886	0.363919	8.916007	1.379060	9.029365	0.309	8.430	1.216	8.524
13.905	0.488417	9.490616	1.455675	9.614017	0.333	8.789	1.324	8.895
13.925	0.497994	10.007763	1.666364	10.157760	0.390	9.239	1.463	9.363
13.945	0.354342	10.419566	1.695095	10.562493	0.426	9.708	1.549	9.841
13.964	0.181959	10.821792	1.896208	10.988171	0.381	10.185	1.678	10.331
13.985	0.038307	11.281479	2.049437	11.466186	0.268	10.633	1.827	10.794
14.003	-0.325611	12.258312	1.982399	12.421841	0.062	11.195	1.906	11.360
14.029	-0.191536	13.340492	1.484405	13.424190	-0.074	11.926	1.853	12.075
14.046	-0.220267	13.752295	1.024718	13.792178	-0.175	12.658	1.635	12.776
14.066	-0.823605	13.445837	-0.124498	13.471613	-0.390	13.199	1.092	13.277
14.085	-1.321599	12.497733	-1.359907	12.640780	-0.639	13.259	0.256	13.332
14.104	-1.752556	10.831368	-1.714248	11.105343	-1.030	12.632	-0.543	12.752
14.128	-2.250550	7.747637	-2.700660	8.507903	-1.537	11.131	-1.475	11.431
14.144	-2.269703	7.220912	-2.585738	7.998698	-1.899	9.574	-2.090	10.063
14.161	-2.020706	7.843405	-1.043872	8.166512	-2.073	8.411	-2.011	8.945
14.182	-1.312023	9.720459	-0.488417	9.820757	-1.963	8.133	-1.705	8.623
14.200	-0.833182	10.745177	-1.101333	10.833557	-1.609	8.882	-1.305	9.205
14.219	-0.679953	10.534488	-1.216254	10.626243	-1.211	9.711	-0.962	9.862
14.238	-0.526724	10.065224	-0.593762	10.096471	-0.838	10.266	-0.850	10.344
14.259	-0.469264	9.576807	0.067038	9.588531	-0.627	10.230	-0.711	10.286
14.276	-0.469264	8.935161	0.162806	8.948956	-0.536	9.778	-0.395	9.815
14.296	-0.488417	8.140285	0.076614	8.155284	-0.488	9.179	-0.072	9.197
14.316	-0.335188	7.441179	0.153229	7.450300	-0.441	8.523	0.115	8.536
14.335	-0.191536	7.268796	0.296881	7.277378	-0.371	7.946	0.172	7.958
14.354	-0.124498	7.498640	0.469264	7.514340	-0.285	7.587	0.249	7.599
14.376	-0.210690	7.833828	0.632069	7.862110	-0.215	7.511	0.388	7.526
14.395	-0.316035	8.044518	0.622492	8.074753	-0.211	7.661	0.505	7.682
14.417	-0.335188	8.140285	0.746991	8.181356	-0.247	7.879	0.618	7.908
14.435	-0.306458	8.140285	0.957681	8.202153	-0.292	8.040	0.740	8.080
14.450	-0.363919	8.140285	1.043872	8.215008	-0.330	8.116	0.843	8.168
14.471	-0.392649	8.111555	1.197101	8.208809	-0.350	8.133	0.986	8.202
14.493	-0.335188	8.054094	1.244985	8.156640	-0.350	8.112	1.111	8.196
14.512	-0.287304	7.929596	1.177947	8.021758	-0.345	8.059	1.166	8.151
14.534	0.000000	8.140285	1.465251	8.271107	-0.254	8.059	1.271	8.165
14.552	0.076614	8.695741	1.675941	8.856102	-0.136	8.205	1.391	8.326
14.577	0.258574	9.653421	1.742979	9.812919	0.012	8.605	1.516	8.740
14.595	0.105345	10.467450	1.570596	10.585149	0.110	9.239	1.614	9.381
14.614	-0.201113	11.061212	1.388637	11.149850	0.060	9.969	1.595	10.101
14.633	-0.239420	11.654974	1.628057	11.770570	-0.019	10.709	1.583	10.830
14.652	0.392649	12.440272	1.934515	12.595908	0.014	11.406	1.630	11.525
14.666	0.718261	13.283031	1.953669	13.445134	0.168	12.110	1.726	12.240
14.686	-0.105345	13.177686	0.871489	13.206891	0.192	12.639	1.597	12.755
14.706	-0.047884	12.794614	0.134075	12.795406	0.239	12.924	1.223	13.011
14.726	0.162806	12.622231	-0.584185	12.636792	0.182	12.969	0.594	13.021
14.746	0.392649	12.133814	-0.967257	12.178637	0.101	12.682	-0.136	12.704
14.766	0.679953	10.400413	-1.446098	10.522458	0.297	11.988	-0.716	12.033
14.785	1.541866	8.552089	-2.001553	8.917499	0.694	10.927	-1.250	11.064
14.809	2.154782	7.738060	-2.011129	8.280416	1.192	9.706	-1.607	9.975
14.828	2.375048	8.054094	-1.244985	8.488774	1.688	8.686	-1.676	9.052
14.849	1.656788	9.107543	-0.622492	9.277919	1.932	8.363	-1.470	8.741
14.867	0.775721	10.007763	-0.900220	10.078068	1.741	8.727	-1.195	9.031
14.881	0.306458	10.285490	-0.679953	10.312495	1.279	9.364	-0.862	9.539
14.901	0.162806	9.777920	-0.574608	9.796142	0.725	9.795	-0.694	9.866
14.926	0.086191	8.944737	-0.507571	8.959542	0.333	9.754	-0.666	9.787
14.942	0.086191	8.216900	-0.229843	8.220566	0.160	9.306	-0.498	9.322
14.962	0.134075	7.757214	-0.076614	7.758750	0.117	8.674	-0.347	8.684
14.981	0.162806	7.556100	-0.019154	7.557878	0.117	8.119	-0.208	8.124
14.999	0.239420	7.833828	0.009577	7.837492	0.156	7.841	-0.079	7.844
15.018	0.325611	8.274361	0.047884	8.280904	0.215	7.855	-0.010	7.859
15.041	0.440533	8.418014	0.287304	8.434427	0.292	8.021	0.081	8.028
15.057	0.497994	8.312668	0.411803	8.337747	0.376	8.210	0.189	8.223
15.077	0.536301	8.188169	0.651223	8.231514	0.450	8.298	0.350	8.321
15.097	0.622492	8.044518	0.823605	8.110493	0.524	8.241	0.543	8.279
15.115	0.641646	7.948750	0.919373	8.027426	0.575	8.124	0.701	8.177
15.135	0.603339	8.044518	1.091756	8.140652	0.601	8.056	0.871	8.128
15.157	0.584185	8.274361	1.110910	8.369016	0.613	8.078	0.986	8.162
15.175	0.411803	8.532935	1.417367	8.659647	0.560	8.200	1.135	8.299
15.193	0.172383	8.686164	1.570596	8.828699	0.443	8.384	1.298	8.500
15.215	0.248997	8.896853	1.407791	9.010986	0.354	8.598	1.377	8.717
15.233	0.383072	9.222465	1.417367	9.338604	0.304	8.835	1.453	8.959
15.253	0.450110	9.739613	1.685518	9.894626	0.314	9.136	1.520	9.268
15.273	0.440533	10.342952	1.733402	10.496447	0.381	9.550	1.561	9.685
15.292	0.450110	10.917560	1.896208	11.090145	0.431	10.056	1.683	10.205
15.312	0.363919	11.444284	2.164358	11.652833	0.426	10.611	1.870	10.784
15.332	0.105345	11.951855	1.838747	12.092929	0.340	11.164	1.908	11.333
15.351	-0.162806	12.612655	1.695095	12.727094	0.189	11.732	1.899	11.891
15.370	0.028730	12.909535	0.814029	12.935206	0.084	12.230	1.628	12.352
15.390	-0.478840	13.129802	0.641646	13.154189	-0.127	12.651	1.247	12.727
15.409	-1.053449	12.545617	-0.794875	12.614836	-0.417	12.799	0.589	12.858
15.430	-1.771709	11.080365	-1.513135	11.322677	-0.819	12.416	-0.213	12.507
15.449	-2.068590	8.925584	-2.269703	9.439103	-1.343	11.420	-0.984	11.633
15.469	-2.288857	7.843405	-2.959233	8.689933	-1.796	10.099	-1.884	10.517
15.488	-2.461239	8.599973	-1.312023	9.040942	-2.148	9.112	-2.014	9.623
15.508	-1.666364	10.218452	-0.316035	10.358254	-2.121	8.897	-1.714	9.382
15.528	-1.292869	10.793061	-1.043872	10.920227	-1.927	9.364	-1.408	9.752
15.548	-0.967257	10.333375	-1.120486	10.438856	-1.597	9.986	-0.948	10.190
15.567	-0.660800	9.979033	-0.488417	10.012807	-1.147	10.331	-0.742	10.433
15.590	-0.488417	9.500193	0.201113	9.514865	-0.852	10.151	-0.613	10.222
15.609	-0.497994	8.820239	0.201113	8.836575	-0.654	9.658	-0.302	9.701
15.630	-0.507571	8.063671	0.019154	8.079653	-0.539	9.091	-0.017	9.111
15.647	-0.459687	7.498640	0.153229	7.514279	-0.488	8.471	0.144	8.486
15.663	-0.287304	7.364564	0.134075	7.371386	-0.438	7.937	0.127	7.950
15.682	-0.095768	7.498640	0.258574	7.503707	-0.338	7.606	0.141	7.617
15.707	-0.086191	7.738060	0.306458	7.744606	-0.232	7.525	0.213	7.533
15.724	-0.162806	7.967903	0.603339	7.992371	-0.158	7.642	0.326	7.653
15.745	-0.201113	8.178593	0.718261	8.212535	-0.136	7.846	0.472	7.863
15.763	-0.114922	8.264784	0.699107	8.295095	-0.141	8.037	0.582	8.061
15.782	-0.114922	8.245630	0.775721	8.282836	-0.148	8.164	0.699	8.196
15.800	-0.114922	8.331821	0.967257	8.388566	-0.136	8.255	0.790	8.295
15.821	-0.134075	8.437167	1.110910	8.511045	-0.120	8.320	0.888	8.369
15.838	-0.105345	8.446744	1.244985	8.538651	-0.117	8.365	1.025	8.430
15.857	-0.105345	8.475474	1.321599	8.578543	-0.115	8.423	1.161	8.504
15.879	-0.009577	8.762778	1.647211	8.916259	-0.089	8.531	1.331	8.636
15.898	0.076614	9.299079	1.675941	9.449207	-0.036	8.746	1.472	8.871
15.918	0.019154	9.873688	1.532289	9.991896	-0.005	9.103	1.544	9.234
15.939	-0.287304	10.524911	1.666364	10.659881	-0.050	9.615	1.630	9.754
15.959	-0.430956	10.927136	1.618480	11.054751	-0.156	10.156	1.623	10.289
15.979	-0.287304	11.089942	1.838747	11.245014	-0.247	10.604	1.664	10.738
15.997	0.392649	11.846510	1.704672	11.974969	-0.153	11.097	1.707	11.234
16.015	0.210690	12.440272	1.857901	12.580006	-0.029	11.576	1.755	11.714
16.034	-0.172383	12.995727	0.804452	13.021742	0.036	12.093	1.551	12.205
16.055	-0.134075	13.091495	0.229843	13.094198	0.074	12.594	1.149	12.668
16.073	0.009577	12.842498	-1.110910	12.890460	-0.022	12.842	0.445	12.897
16.095	0.354342	12.248735	-1.704672	12.371863	0.014	12.795	-0.445	12.845
16.113	0.814029	10.323798	-1.493982	10.463051	0.261	12.127	-1.020	12.205
16.133	1.944092	8.628703	-1.857901	9.038020	0.781	11.011	-1.542	11.191
16.151	2.308010	8.178593	-1.656788	8.658016	1.355	9.845	-1.678	10.133
16.173	2.039860	8.628703	-1.005565	8.923380	1.776	8.940	-1.504	9.271
16.193	1.206678	9.519346	-0.900220	9.637656	1.875	8.739	-1.355	9.064
16.214	0.612916	9.883265	-0.995988	9.952214	1.542	9.052	-1.140	9.293
16.229	0.430956	9.758766	-0.641646	9.789329	1.073	9.448	-0.886	9.576
16.249	0.316035	9.423578	-0.373495	9.436270	0.642	9.646	-0.728	9.704
16.269	0.162806	8.810662	-0.344765	8.818908	0.381	9.469	-0.589	9.499
16.288	0.076614	8.159439	-0.258574	8.163895	0.247	9.038	-0.405	9.052
16.307	0.038307	7.642292	-0.220267	7.645562	0.148	8.509	-0.299	8.516
16.329	0.114922	7.489063	-0.114922	7.490826	0.098	8.025	-0.235	8.030
16.347	0.210690	7.671022	-0.028730	7.673969	0.110	7.740	-0.156	7.744
16.372	0.201113	8.073248	0.009577	8.075758	0.141	7.719	-0.089	7.722
16.389	0.287304	8.341399	0.124498	8.347274	0.204	7.894	-0.002	7.897
16.409	0.507571	8.216900	0.296881	8.237913	0.302	8.076	0.101	8.084
16.428	0.622492	8.207323	0.440533	8.242677	0.405	8.210	0.218	8.226
16.447	0.651223	8.178593	0.603339	8.226633	0.517	8.236	0.366	8.264
16.463	0.555455	8.121132	0.737414	8.173438	0.584	8.181	0.520	8.220
16.482	0.383072	8.274361	0.957681	8.338401	0.553	8.195	0.685	8.245
16.504	0.287304	8.398860	1.244985	8.495492	0.469	8.243	0.886	8.308
16.523	0.181959	8.580819	1.244985	8.672575	0.352	8.344	1.046	8.420
16.544	0.095768	8.887277	1.446098	9.004669	0.237	8.535	1.223	8.628
16.563	0.124498	9.126697	1.484405	9.247462	0.172	8.748	1.355	8.855
16.582	0.258574	9.318233	1.139640	9.391226	0.165	8.978	1.329	9.079
16.604	0.488417	9.701305	1.235408	9.791839	0.242	9.258	1.326	9.359
16.624	0.641646	10.381259	1.541866	10.514733	0.378	9.632	1.350	9.736
16.644	0.651223	11.061212	1.800440	11.225688	0.510	10.116	1.429	10.231
16.661	0.421380	11.405977	2.097321	11.604854	0.551	10.637	1.669	10.784
16.680	0.095768	11.587936	1.953669	11.751862	0.453	11.109	1.848	11.274
16.698	-0.268151	12.133814	1.675941	12.251943	0.225	11.547	1.882	11.709
16.720	-0.067038	12.574347	0.823605	12.601470	0.045	11.926	1.638	12.053
16.740	-0.248997	12.698846	0.756568	12.723799	-0.122	12.249	1.302	12.332
16.777	-0.928950	12.813767	-0.421380	12.854305	-0.378	12.555	0.709	12.608
16.781	-1.752556	11.176133	-1.446098	11.404762	-0.749	12.316	-0.072	12.396
16.796	-1.857901	8.762778	-2.499547	9.299775	-1.197	11.363	-0.903	11.571
16.816	-1.991976	7.584831	-3.236961	8.483840	-1.633	10.084	-1.901	10.511
16.836	-2.173935	8.379706	-1.618480	8.807097	-1.944	8.976	-2.200	9.499
16.854	-1.599327	10.390836	-0.804452	10.543930	-1.906	8.780	-2.040	9.284
16.875	-1.216254	11.310209	-1.484405	11.471860	-1.745	9.416	-1.786	9.827
16.893	-0.766145	10.965444	-1.436521	11.085645	-1.439	10.262	-1.336	10.477
16.913	-0.478840	10.457873	-0.900220	10.507464	-1.015	10.781	-1.156	10.902
16.932	-0.373495	9.883265	-0.248997	9.893453	-0.709	10.654	-1.018	10.740
16.952	-0.363919	9.069236	-0.095768	9.077040	-0.496	10.094	-0.670	10.141
16.971	-0.296881	8.159439	-0.028730	8.164889	-0.378	9.392	-0.318	9.411
16.991	-0.162806	7.326257	-0.019154	7.328091	-0.299	8.610	-0.098	8.616
17.010	-0.239420	6.895301	-0.095768	6.900121	-0.266	7.863	-0.060	7.868
17.029	-0.114922	7.201759	-0.019154	7.202701	-0.204	7.396	-0.041	7.399
17.049	-0.181959	7.747637	0.268151	7.754411	-0.175	7.293	0.034	7.296
17.069	-0.258574	8.207323	0.373495	8.219885	-0.199	7.513	0.132	7.519
17.090	-0.239420	8.408437	0.478840	8.425463	-0.199	7.891	0.275	7.901
17.116	-0.296881	8.379706	0.545878	8.402714	-0.244	8.186	0.417	8.201
17.128	-0.325611	8.331821	0.622492	8.361386	-0.280	8.332	0.505	8.352
17.148	-0.430956	8.379706	0.814029	8.430175	-0.323	8.375	0.615	8.405
17.193	-0.450110	8.427590	1.063026	8.506286	-0.376	8.380	0.761	8.425
17.201	-0.622492	8.274361	1.130063	8.374341	-0.457	8.353	0.907	8.418
17.207	-0.287304	8.542512	1.130063	8.621722	-0.448	8.406	1.034	8.483
17.226	-0.095768	8.705317	1.254562	8.795774	-0.364	8.487	1.144	8.575
17.245	-0.067038	9.184157	1.379060	9.287360	-0.268	8.677	1.223	8.770
17.268	-0.047884	9.931149	1.570596	10.054689	-0.124	9.091	1.334	9.190
17.286	-0.268151	10.582372	1.522712	10.694725	-0.120	9.601	1.432	9.708
17.302	-0.325611	11.013328	1.675941	11.144873	-0.177	10.178	1.537	10.295
17.322	-0.172383	11.051635	1.877054	11.211230	-0.204	10.645	1.662	10.776
17.342	0.172383	11.386824	1.915361	11.548077	-0.148	11.009	1.748	11.150
17.360	0.545878	11.894394	1.762132	12.036599	0.055	11.337	1.808	11.485
17.382	-0.009577	12.277467	1.244985	12.340432	0.134	11.653	1.700	11.784
17.400	0.057461	12.258312	0.593762	12.272818	0.192	11.954	1.379	12.049
17.420	0.287304	12.363658	-0.258574	12.369699	0.220	12.198	0.836	12.255
17.441	0.488417	12.382812	-0.900220	12.425094	0.206	12.321	0.170	12.352
17.459	0.746991	11.032481	-1.130063	11.115336	0.395	12.009	-0.424	12.046
17.479	1.532289	8.561666	-1.647211	8.852306	0.764	11.085	-0.984	11.191
17.502	2.221819	7.776367	-2.011129	8.333847	1.247	9.938	-1.422	10.182
17.522	2.384625	8.274361	-1.015141	8.670755	1.721	8.911	-1.451	9.243
17.543	1.896208	9.299079	-0.660800	9.513418	2.009	8.478	-1.334	8.843
17.561	1.015141	10.113108	-0.679953	10.186648	1.879	8.866	-1.092	9.176
17.576	0.497994	10.486604	-0.459687	10.508481	1.448	9.543	-0.704	9.720
17.596	0.258574	10.084377	-0.153229	10.088855	0.917	9.996	-0.488	10.074
17.618	0.057461	9.270349	-0.038307	9.270606	0.457	9.989	-0.333	10.014
17.637	0.028730	8.350976	-0.086191	8.351470	0.211	9.548	-0.184	9.555
17.658	0.019154	7.584831	0.047884	7.585006	0.091	8.823	-0.057	8.824
17.676	0.181959	7.144298	0.134075	7.147872	0.072	8.088	0.014	8.089
17.696	0.316035	7.393295	0.086191	7.400548	0.136	7.618	0.045	7.621
17.714	0.363919	8.015787	0.239420	8.027615	0.220	7.535	0.127	7.540
17.734	0.478840	8.590396	0.296881	8.608851	0.335	7.786	0.189	7.796
17.753	0.603339	8.781932	0.325611	8.808654	0.441	8.195	0.237	8.211
17.776	0.679953	8.695741	0.536301	8.738756	0.532	8.521	0.350	8.546
17.791	0.737414	8.456321	0.737414	8.520382	0.625	8.631	0.474	8.669
17.811	0.641646	8.283937	0.881066	8.355334	0.666	8.554	0.620	8.606
17.831	0.545878	8.188169	1.072602	8.276145	0.651	8.406	0.807	8.473
17.851	0.497994	8.264784	1.063026	8.347735	0.606	8.298	0.939	8.375
17.871	0.478840	8.293514	1.063026	8.375063	0.541	8.258	1.020	8.339
17.890	0.239420	8.389283	1.292869	8.491696	0.441	8.284	1.123	8.373
17.909	0.067038	8.523358	1.532289	8.660256	0.321	8.368	1.238	8.469
17.934	0.105345	8.848969	1.225831	8.934093	0.223	8.514	1.279	8.615
17.951	0.392649	9.155427	1.312023	9.257290	0.201	8.729	1.341	8.836
17.973	0.459687	9.787497	1.388637	9.896197	0.256	9.079	1.365	9.187
17.993	0.565032	10.515334	1.561020	10.645576	0.381	9.577	1.372	9.683
18.012	0.421380	11.214440	1.934515	11.387870	0.460	10.168	1.549	10.297
18.025	0.181959	11.425131	2.288857	11.653565	0.407	10.736	1.793	10.896
18.046	0.009577	11.769896	2.020706	11.942101	0.294	11.231	1.951	11.407
18.065	-0.450110	12.794614	1.800440	12.928508	0.041	11.801	2.011	11.978
18.085	-0.450110	13.388376	1.359907	13.464790	-0.177	12.345	1.867	12.497
18.104	-0.919373	13.551182	0.536301	13.592917	-0.453	12.876	1.429	12.982
18.125	-1.580173	11.999739	-1.139640	12.156869	-0.850	12.933	0.639	13.036
18.143	-2.106898	10.429143	-1.570596	10.755130	-1.264	12.342	-0.204	12.492
18.168	-2.260126	8.207323	-2.557007	8.888566	-1.717	11.047	-1.183	11.348
18.188	-2.346318	7.489063	-2.202666	8.151258	-2.073	9.531	-1.867	9.988
18.207	-1.924938	8.667010	-0.478840	8.891104	-2.160	8.698	-1.702	9.172
18.225	-1.235408	10.457873	-0.469264	10.541041	-1.942	8.705	-1.427	9.118
18.241	-1.024718	10.802638	-1.130063	10.909816	-1.633	9.354	-1.070	9.623
18.260	-0.699107	10.218452	-1.053449	10.296372	-1.221	10.036	-0.783	10.160
18.283	-0.440533	9.844957	-0.220267	9.857270	-0.850	10.331	-0.718	10.401
18.300	-0.469264	9.404425	0.296881	9.420804	-0.658	10.068	-0.527	10.121
18.320	-0.469264	8.781932	0.268151	8.798548	-0.520	9.562	-0.177	9.593
18.338	-0.440533	8.063671	0.201113	8.078199	-0.455	9.024	0.136	9.039
18.358	-0.335188	7.536947	0.287304	7.549865	-0.429	8.447	0.263	8.462
18.377	-0.239420	7.431602	0.296881	7.441382	-0.371	7.954	0.263	7.967
18.400	-0.114922	7.661446	0.440533	7.674961	-0.283	7.673	0.306	7.686
18.416	-0.095768	7.958326	0.737414	7.992991	-0.196	7.647	0.441	7.665
18.435	-0.143652	8.149862	0.823605	8.192632	-0.148	7.800	0.575	7.825
18.456	-0.143652	8.216900	0.814029	8.258373	-0.124	7.997	0.704	8.030
18.474	-0.172383	8.169016	0.890643	8.219232	-0.139	8.124	0.816	8.166
18.495	-0.201113	8.140285	0.938527	8.196678	-0.165	8.169	0.867	8.217
18.515	-0.248997	8.140285	1.110910	8.219511	-0.192	8.167	0.939	8.223
18.533	-0.296881	8.169016	1.235408	8.267236	-0.230	8.155	1.044	8.226
18.554	-0.210690	8.293514	1.158794	8.376728	-0.239	8.186	1.111	8.265
18.573	-0.181959	8.418014	1.082179	8.489239	-0.235	8.255	1.147	8.338
18.592	-0.019154	8.925584	1.312023	9.021520	-0.177	8.452	1.197	8.539
18.612	0.124498	9.883265	1.532289	10.002116	-0.072	8.880	1.271	8.972
18.632	0.038307	10.639832	1.561020	10.753803	-0.010	9.467	1.372	9.567
18.652	-0.229843	11.070788	1.369483	11.157539	-0.022	10.130	1.444	10.234
18.671	-0.354342	11.405977	1.675941	11.533892	-0.105	10.750	1.535	10.862
18.690	0.047884	11.769896	1.848324	11.914237	-0.124	11.222	1.614	11.340
18.710	0.507571	12.401965	2.049437	12.580404	-0.007	11.662	1.736	11.797
18.731	0.095768	12.603078	1.302446	12.670561	0.074	12.045	1.719	12.175
18.750	0.277727	12.459426	0.603339	12.477117	0.232	12.309	1.451	12.411
18.769	0.335188	12.516887	-0.201113	12.522989	0.304	12.495	0.939	12.563
18.789	0.363919	12.315774	-0.833182	12.349288	0.268	12.474	0.218	12.505
18.808	0.459687	11.089942	-1.235408	11.168006	0.359	12.096	-0.417	12.129
18.832	1.015141	8.906430	-1.810017	9.145008	0.543	11.207	-1.020	11.296
18.849	1.991976	7.738060	-2.135628	8.270819	0.958	10.013	-1.504	10.233
18.868	2.145205	7.776367	-1.474828	8.200543	1.403	8.878	-1.664	9.196
18.885	2.164358	8.906430	-0.976834	9.217546	1.829	8.332	-1.599	8.708
18.905	1.331176	9.873688	-0.957681	10.008941	1.908	8.574	-1.386	8.924
18.924	0.708684	10.477027	-0.794875	10.531009	1.587	9.258	-1.051	9.490
18.947	0.296881	10.180145	-0.641646	10.204666	1.125	9.859	-0.843	9.991
18.964	0.009577	9.528923	-0.469264	9.540476	0.587	10.015	-0.716	10.071
18.983	-0.009577	8.839393	-0.191536	8.841473	0.251	9.756	-0.524	9.779
19.002	0.067038	8.226477	-0.076614	8.227106	0.091	9.194	-0.345	9.203
19.022	0.220267	7.785944	-0.028730	7.789112	0.072	8.595	-0.192	8.600
19.041	0.306458	7.776367	0.009577	7.782409	0.146	8.157	-0.072	8.160
19.063	0.258574	7.920019	0.000000	7.924239	0.213	7.927	-0.024	7.931
19.080	0.239420	8.101978	0.306458	8.111306	0.256	7.896	0.072	7.902
19.099	0.344765	8.073248	0.306458	8.086415	0.287	7.968	0.156	7.976
19.119	0.411803	8.121132	0.545878	8.149868	0.314	8.054	0.290	8.068
19.138	0.411803	8.169016	0.756568	8.214304	0.352	8.116	0.479	8.140
19.158	0.392649	8.130709	0.785298	8.177976	0.390	8.124	0.599	8.157
19.179	0.430956	8.130709	0.881066	8.189653	0.412	8.138	0.742	8.183
19.197	0.383072	8.236053	1.005565	8.306051	0.405	8.167	0.857	8.222
19.217	0.268151	8.379706	1.024718	8.446386	0.369	8.219	0.924	8.280
19.236	0.047884	8.532935	1.197101	8.616631	0.283	8.320	1.027	8.390
19.256	0.038307	8.810662	1.426944	8.925548	0.184	8.490	1.164	8.574
19.275	0.277727	9.126697	1.168370	9.205369	0.158	8.712	1.204	8.798
19.297	0.478840	9.385271	1.197101	9.473418	0.211	8.964	1.247	9.055
19.315	0.450110	9.844957	1.465251	9.963571	0.311	9.292	1.314	9.392
19.336	0.287304	10.381259	1.647211	10.515055	0.373	9.685	1.369	9.789
19.355	0.210690	10.821792	1.915361	10.992005	0.357	10.108	1.556	10.236
19.374	-0.019154	11.137826	1.915361	11.301334	0.232	10.546	1.736	10.693
19.393	-0.430956	11.971008	1.704672	12.099449	0.012	11.078	1.796	11.227
19.415	-0.354342	13.263878	1.379060	13.340083	-0.148	11.799	1.729	11.933
19.433	-0.210690	13.302185	1.130063	13.351762	-0.254	12.419	1.532	12.523
19.453	-0.641646	12.756307	-0.114922	12.772951	-0.409	12.823	1.025	12.891
19.472	-1.197101	11.817780	-1.216254	11.940362	-0.601	12.785	0.294	12.851
19.496	-1.675941	10.400413	-1.436521	10.632072	-0.931	12.069	-0.409	12.174
19.515	-2.183512	8.724471	-1.991976	9.211519	-1.425	10.925	-1.190	11.139
19.534	-2.528277	7.460332	-2.250550	8.192296	-1.896	9.601	-1.724	9.994
19.551	-2.221819	8.331821	-1.110910	8.694242	-2.152	8.729	-1.697	9.183
19.570	-1.331176	10.400413	-0.440533	10.494507	-2.066	8.729	-1.448	9.148
19.589	-0.852336	11.042058	-1.015141	11.121332	-1.733	9.309	-1.204	9.626
19.613	-0.603339	10.620679	-1.072602	10.691741	-1.252	10.099	-0.910	10.250
19.631	-0.421380	10.218452	-0.469264	10.237897	-0.802	10.570	-0.749	10.636
19.652	-0.392649	9.844957	0.028730	9.852826	-0.567	10.432	-0.632	10.476
19.669	-0.526724	9.251195	0.086191	9.266578	-0.486	9.984	-0.357	10.012
19.690	-0.555455	8.418014	0.038307	8.436406	-0.474	9.433	-0.079	9.448
19.708	-0.478840	7.785944	0.038307	7.800748	-0.488	8.825	0.048	8.839
19.730	-0.296881	7.412448	0.172383	7.420394	-0.464	8.217	0.084	8.231
19.748	-0.239420	7.441179	0.306458	7.451334	-0.393	7.764	0.139	7.777
19.769	-0.143652	7.766790	0.383072	7.777558	-0.290	7.602	0.225	7.613
19.787	-0.162806	8.197746	0.612916	8.222239	-0.211	7.705	0.369	7.718
19.803	-0.220267	8.408437	0.603339	8.432932	-0.192	7.954	0.476	7.971
19.823	-0.201113	8.494628	0.823605	8.536831	-0.182	8.217	0.606	8.242
19.845	-0.229843	8.456321	0.794875	8.496706	-0.204	8.389	0.709	8.422
19.863	-0.229843	8.427590	0.986411	8.488234	-0.220	8.447	0.802	8.489
19.884	-0.296881	8.494628	1.158794	8.578441	-0.239	8.468	0.941	8.525
19.902	-0.258574	8.599973	1.216254	8.689400	-0.254	8.495	1.039	8.563
19.920	-0.172383	8.781932	1.465251	8.904999	-0.239	8.576	1.207	8.665
19.939	-0.114922	9.011775	1.474828	9.132383	-0.211	8.722	1.329	8.826
19.959	-0.105345	9.299079	1.532289	9.425067	-0.163	8.923	1.422	9.038
19.980	-0.201113	9.509769	1.742979	9.670270	-0.148	9.151	1.554	9.283
19.999	-0.201113	9.797073	1.800440	9.963166	-0.156	9.404	1.638	9.548
20.017	-0.162806	10.180145	1.905785	10.358276	-0.168	9.697	1.745	9.854
20.038	-0.229843	10.218452	1.915361	10.398952	-0.199	9.926	1.841	10.098
20.057	-0.210690	10.074800	2.020706	10.277609	-0.201	10.068	1.911	10.249
20.076	-0.038307	9.921572	2.049437	10.131102	-0.160	10.099	1.973	10.291
20.095	0.488417	10.448297	1.589750	10.579828	0.002	10.166	1.894	10.347
20.116	0.459687	11.817780	1.455675	11.915965	0.175	10.566	1.779	10.726
20.135	0.134075	12.660539	0.172383	12.662422	0.261	11.212	1.317	11.322
20.155	-0.210690	13.350069	0.153229	13.352611	0.218	12.069	0.843	12.128
20.174	0.076614	12.392388	-1.187524	12.449393	0.115	12.555	0.148	12.595
20.193	0.881066	11.128249	-1.244985	11.232283	0.220	12.383	-0.527	12.424
20.213	1.561020	9.672575	-0.928950	9.841668	0.577	11.636	-0.802	11.719
20.234	1.953669	8.341399	-1.934515	8.782830	1.118	10.384	-1.324	10.577
20.253	2.039860	8.609550	-2.164358	9.108777	1.609	9.438	-1.568	9.741
20.277	1.235408	9.615114	-1.359907	9.789075	1.697	9.060	-1.597	9.381
20.297	0.861913	10.122684	-1.436521	10.260372	1.523	9.172	-1.724	9.485
20.318	0.737414	10.419566	-1.244985	10.519559	1.219	9.692	-1.551	9.919
20.335	0.861913	10.208876	-0.909797	10.285513	0.924	10.092	-1.238	10.214
20.349	0.900220	9.279925	-0.919373	9.368706	0.840	10.008	-1.128	10.109
20.369	0.833182	8.887277	-1.101333	8.993932	0.833	9.699	-1.044	9.792
20.394	0.785298	8.590396	-0.928950	8.676090	0.845	9.242	-0.965	9.331
20.412	0.861913	8.370130	-0.565032	8.433340	0.845	8.782	-0.879	8.868
20.434	0.785298	8.552089	-0.316035	8.593881	0.816	8.600	-0.728	8.674
20.453	0.651223	8.724471	-0.258574	8.752562	0.771	8.559	-0.517	8.614
20.467	0.679953	8.647857	-0.296881	8.679625	0.745	8.574	-0.359	8.615
20.486	0.785298	8.580819	-0.402226	8.626061	0.725	8.626	-0.318	8.663
20.510	0.900220	8.753201	-0.373495	8.807294	0.754	8.677	-0.333	8.716
20.529	0.852336	8.954314	-0.296881	8.999686	0.804	8.734	-0.342	8.778
20.553	0.699107	9.184157	-0.430956	9.220803	0.809	8.868	-0.376	8.913
20.570	0.794875	9.318233	-0.076614	9.352389	0.812	9.052	-0.294	9.095
20.583	0.881066	9.385271	0.000000	9.426536	0.807	9.210	-0.201	9.250
20.604	0.833182	9.481039	-0.028730	9.517621	0.802	9.342	-0.134	9.379
20.626	0.766145	9.308656	-0.028730	9.340175	0.819	9.373	-0.034	9.409
20.645	0.727837	9.346964	-0.277727	9.379372	0.802	9.380	-0.084	9.416
20.667	0.766145	9.461885	-0.114922	9.493548	0.773	9.400	-0.113	9.433
20.683	0.603339	9.548077	0.028730	9.567163	0.716	9.416	-0.098	9.445
20.705	0.450110	9.615114	-0.009577	9.625649	0.637	9.493	-0.093	9.516
20.720	0.287304	9.595961	-0.124498	9.601068	0.527	9.555	-0.055	9.572
20.744	0.105345	9.653421	-0.181959	9.655711	0.362	9.603	-0.072	9.612
20.762	0.076614	9.768343	-0.076614	9.768944	0.230	9.658	-0.098	9.663
20.782	0.076614	9.835381	0.019154	9.835697	0.136	9.713	-0.091	9.715
20.799	0.143652	9.777920	-0.019154	9.778994	0.101	9.759	-0.065	9.760
20.819	0.239420	9.691729	-0.181959	9.696393	0.134	9.768	-0.065	9.770
20.838	0.268151	9.595961	-0.076614	9.600012	0.182	9.725	-0.065	9.728
20.860	0.277727	9.605537	0.047884	9.609671	0.232	9.668	-0.057	9.671
20.879	0.316035	9.576807	0.038307	9.582097	0.275	9.618	-0.043	9.622
20.900	0.277727	9.519346	-0.028730	9.523440	0.285	9.574	-0.005	9.579
20.918	0.134075	9.414001	-0.181959	9.416714	0.251	9.529	-0.031	9.533
20.942	0.019154	9.385271	-0.181959	9.387054	0.187	9.474	-0.089	9.477
20.960	0.047884	9.366117	-0.134075	9.367200	0.120	9.421	-0.132	9.424
20.980	0.067038	9.452309	-0.172383	9.454118	0.067	9.404	-0.168	9.406
20.998	0.028730	9.624691	0.000000	9.624734	0.041	9.457	-0.122	9.458
21.018	0.105345	9.576807	-0.047884	9.577506	0.062	9.505	-0.089	9.506
21.032	0.181959	9.538500	-0.019154	9.540255	0.096	9.548	-0.060	9.549
21.053	0.057461	9.576807	-0.153229	9.578205	0.093	9.579	-0.055	9.580
21.073	-0.124498	9.500193	0.000000	9.501009	0.055	9.548	-0.055	9.549
21.092	0.047884	9.528923	0.105345	9.529626	0.041	9.536	-0.017	9.537
21.113	0.134075	9.567230	-0.067038	9.568404	0.029	9.543	-0.029	9.544
21.133	0.134075	9.509769	-0.076614	9.511023	0.048	9.527	-0.010	9.528
21.151	0.114922	9.528923	-0.124498	9.530429	0.108	9.534	-0.041	9.535
21.174	0.105345	9.576807	-0.047884	9.577506	0.122	9.546	-0.079	9.547
21.197	0.028730	9.624691	0.000000	9.624734	0.096	9.560	-0.062	9.561
21.217	0.038307	9.624691	-0.028730	9.624810	0.072	9.589	-0.050	9.589
21.228	0.057461	9.576807	-0.067038	9.577214	0.057	9.601	-0.036	9.601
21.248	0.038307	9.528923	-0.047884	9.529121	0.041	9.589	-0.036	9.589
21.268	0.095768	9.624691	0.421380	9.634387	0.057	9.589	0.069	9.591
21.291	0.038307	9.605537	0.823605	9.640858	0.057	9.584	0.283	9.595
21.310	0.105345	9.567230	0.411803	9.576668	0.069	9.582	0.402	9.595
21.333	0.114922	9.548077	0.316035	9.553996	0.089	9.586	0.493	9.601
21.345	0.248997	9.519346	0.277727	9.526651	0.127	9.560	0.457	9.575
21.367	0.114922	9.471462	-0.296881	9.476810	0.146	9.527	0.177	9.534
21.386	0.057461	9.461885	0.038307	9.462137	0.134	9.500	0.084	9.505
