2016-03-03 21:02:06	Start
2016-03-03 21:02:24	End


Time (s)	X	Y	Z	|V|	MAx	MAy	MAz	MAv
0.000	-1.131271	5.168549	8.724243	10.203239	-1.131	5.169	8.724	10.203
0.023	-0.878952	5.120941	8.207703	9.714061	-1.068	5.157	8.595	10.081
0.043	-0.581406	5.249481	8.238647	9.786235	-0.931	5.177	8.474	9.977
0.062	-0.600449	5.325653	8.210083	9.804519	-0.798	5.216	8.345	9.877
0.083	-1.676376	5.516083	9.026550	10.710556	-0.934	5.303	8.421	10.004
0.101	-0.371933	5.673187	8.179138	9.961008	-0.808	5.441	8.414	10.066
0.124	-0.895615	5.311371	8.848022	10.358585	-0.886	5.457	8.566	10.209
0.145	-0.500473	5.251862	8.233887	9.779029	-0.861	5.438	8.572	10.202
0.165	-0.057724	4.809113	7.650696	9.036816	-0.456	5.261	8.228	9.784
0.183	0.023209	4.137848	8.007751	9.013679	-0.358	4.878	8.185	9.547
0.206	0.146988	4.325897	8.360046	9.414105	-0.097	4.631	8.063	9.311
0.225	0.299332	4.080719	9.109863	9.986565	0.103	4.338	8.282	9.363
0.244	0.573074	4.399689	8.859924	9.908781	0.261	4.236	8.584	9.581
0.266	0.361221	4.590118	8.279114	9.473299	0.345	4.349	8.652	9.696
0.285	0.182693	4.571075	7.860168	9.094523	0.354	4.410	8.527	9.616
0.304	-0.093430	4.799591	7.931580	9.271179	0.256	4.590	8.233	9.437
0.325	-0.143417	5.049530	8.060120	9.512300	0.077	4.753	8.033	9.338
0.344	-0.148178	4.992401	8.033936	9.459923	-0.051	4.853	7.971	9.334
0.367	-0.088669	4.847198	7.974426	9.332452	-0.118	4.922	8.000	9.394
0.385	0.054153	4.873383	7.943481	9.319425	-0.082	4.941	8.003	9.406
0.405	0.116043	4.873383	8.136292	9.484860	-0.017	4.897	8.022	9.399
0.428	0.211258	4.913849	8.362427	9.701584	0.073	4.877	8.104	9.460
0.445	0.301712	4.918610	8.564758	9.881237	0.171	4.895	8.252	9.597
0.470	0.125565	4.828156	8.967041	10.185022	0.189	4.883	8.508	9.813
0.487	0.001785	4.754364	8.957520	10.141062	0.160	4.854	8.713	9.977
0.505	0.011307	4.652008	8.307678	9.521493	0.110	4.788	8.699	9.932
0.526	-0.038681	4.804352	7.593567	8.985853	0.025	4.760	8.456	9.708
0.546	-0.281479	4.859100	7.793518	9.188526	-0.077	4.767	8.163	9.459
0.571	-0.548080	5.035248	8.091064	9.545650	-0.214	4.838	7.946	9.310
0.585	-0.712326	5.194733	7.831604	9.424790	-0.395	4.973	7.827	9.286
0.607	-0.964645	5.270905	7.672119	9.358119	-0.627	5.090	7.847	9.379
0.627	-0.993210	5.487518	7.493591	9.340944	-0.805	5.247	7.772	9.417
0.647	-0.919418	5.537506	7.948242	9.730563	-0.897	5.373	7.736	9.464
0.668	-0.693283	5.373260	8.093445	9.739426	-0.893	5.417	7.802	9.542
0.691	-0.414780	5.199493	7.795898	9.379915	-0.755	5.399	7.833	9.548
0.706	-0.202927	5.085236	7.460266	9.030857	-0.558	5.299	7.824	9.470
0.732	-0.083908	5.099518	7.619751	9.169118	-0.349	5.189	7.742	9.330
0.747	-0.260056	5.047150	7.760193	9.260774	-0.240	5.108	7.659	9.210
0.772	-0.579025	5.004303	7.567383	9.090853	-0.281	5.059	7.602	9.138
0.786	-0.740891	4.932892	7.953003	9.387896	-0.416	5.021	7.725	9.227
0.812	-0.859909	5.042389	8.317200	9.764269	-0.610	5.007	7.899	9.376
0.827	-0.662338	4.999542	8.676636	10.035842	-0.711	4.995	8.129	9.570
0.850	-0.505234	5.139984	8.774231	10.181445	-0.692	5.029	8.430	9.842
0.867	-0.393356	5.337555	8.195801	9.788533	-0.605	5.130	8.491	9.943
0.890	-0.243393	5.642242	8.124390	9.894435	-0.451	5.280	8.443	9.975
0.908	-0.395737	6.018341	8.383850	10.327922	-0.384	5.535	8.370	10.048
0.930	-0.705185	6.282562	9.271729	11.221979	-0.434	5.820	8.494	10.308
0.949	-0.909897	6.201630	10.026306	11.824337	-0.564	6.036	8.952	10.817
0.975	-0.805161	5.935028	11.097473	12.610581	-0.704	6.109	9.695	11.496
0.990	-0.326706	5.325653	12.401917	13.500994	-0.687	5.936	10.699	12.289
1.010	-0.029160	4.771027	12.913696	13.766884	-0.518	5.558	11.610	12.926
1.032	-0.129135	3.954559	13.206482	13.786456	-0.323	4.997	12.405	13.416
1.059	-0.074387	3.299957	11.804443	12.257248	-0.140	4.338	12.582	13.328
1.075	0.056534	3.109528	9.505005	10.000874	-0.044	3.784	11.857	12.453
1.092	0.054153	3.352325	8.207703	8.866081	-0.023	3.429	10.681	11.228
1.111	0.261246	3.764130	7.645935	8.526268	0.074	3.381	9.291	9.913
1.131	0.534988	4.018829	7.648315	8.656439	0.227	3.561	8.252	9.012
1.150	0.737320	4.118805	7.688782	8.753603	0.397	3.814	7.798	8.701
1.177	0.701614	3.902191	7.900635	8.839649	0.559	3.951	7.721	8.694
1.194	0.354080	3.537994	8.048218	8.798670	0.582	3.894	7.821	8.762
1.212	0.289810	3.050018	8.148193	8.705152	0.521	3.652	7.946	8.774
1.234	0.351700	3.066681	7.491211	8.102250	0.424	3.389	7.897	8.611
1.261	0.292191	3.083344	7.236511	7.871434	0.322	3.185	7.731	8.369
1.282	0.108902	3.171417	7.322205	7.980252	0.261	3.093	7.550	8.165
1.306	-0.088669	3.295197	7.407898	8.108214	0.166	3.154	7.364	8.016
1.311	-0.119614	3.314240	7.426941	8.133753	0.048	3.216	7.348	8.023
1.330	-0.110092	3.373749	7.346008	8.084438	-0.052	3.289	7.376	8.077
1.350	-0.102951	3.561798	7.574524	8.370808	-0.105	3.386	7.439	8.174
1.376	-0.260056	3.676056	7.914917	8.730803	-0.148	3.481	7.566	8.330
1.405	-0.169601	4.106903	8.152954	9.130502	-0.161	3.680	7.747	8.579
1.410	-0.005356	4.371124	8.138672	9.238221	-0.134	3.929	7.945	8.868
1.431	0.282669	4.404449	8.369568	9.461963	-0.038	4.140	8.144	9.140
1.451	0.742081	4.756744	8.436218	9.713242	0.212	4.410	8.274	9.386
1.470	0.896805	4.935272	9.266968	10.537451	0.479	4.617	8.553	9.738
1.491	0.806351	5.301849	10.654724	11.928242	0.682	4.850	9.182	10.410
1.511	0.365982	5.216156	12.470947	13.522823	0.703	5.053	10.207	11.425
1.533	0.513565	5.447052	12.256714	13.422413	0.646	5.225	11.162	12.353
1.551	0.094620	4.987640	12.449524	13.411792	0.445	5.238	11.958	13.071
1.581	-0.381454	4.428253	12.366211	13.140704	0.148	5.020	12.386	13.374
1.591	-0.586166	3.937897	11.675903	12.336018	-0.090	4.700	12.187	13.078
1.612	-0.617111	3.497528	9.976318	10.589639	-0.373	4.213	11.617	12.370
1.632	-0.878952	3.407074	7.891113	8.640045	-0.616	3.818	10.477	11.177
1.654	-1.374069	3.592743	6.993713	7.981722	-0.864	3.609	9.134	9.887
1.672	-1.638290	4.223541	7.638794	8.881074	-1.127	3.680	8.125	9.023
1.695	-1.685898	4.613922	8.291016	9.636984	-1.394	3.959	7.704	8.785
1.715	-1.514511	4.397308	8.559998	9.741849	-1.553	4.207	7.871	9.060
1.736	-1.395493	3.664154	9.162231	9.965938	-1.559	4.225	8.413	9.556
1.753	-1.017014	3.207123	9.031311	9.637662	-1.403	3.971	8.761	9.746
1.779	-0.531418	2.831024	8.186279	8.678264	-1.115	3.525	8.735	9.506
1.797	-0.050583	3.050018	7.153198	7.776465	-0.749	3.188	8.383	9.015
1.817	0.173172	3.188080	6.586670	7.319704	-0.356	3.069	7.739	8.353
1.838	0.282669	3.433258	6.196289	7.089511	-0.032	3.126	7.031	7.716
1.864	0.451675	3.614166	6.141541	7.140359	0.214	3.321	6.519	7.332
1.885	0.394547	3.780792	5.879700	7.001495	0.326	3.504	6.201	7.138
1.904	0.199356	3.752228	6.243896	7.287332	0.332	3.645	6.115	7.130
1.914	-0.210068	3.949799	6.758057	7.830477	0.209	3.774	6.256	7.315
1.935	-0.671860	4.052155	7.531677	8.578899	-0.072	3.884	6.603	7.675
1.954	-0.867050	3.823639	7.912537	8.830641	-0.387	3.894	7.112	8.132
1.980	-1.047958	4.033112	8.338623	9.321847	-0.699	3.965	7.635	8.640
1.999	-1.155075	4.335419	9.426453	10.439735	-0.935	4.061	8.302	9.293
2.022	-1.116989	4.980499	9.762085	11.015958	-1.047	4.293	8.860	9.902
2.035	-0.981308	5.304230	10.023926	11.383185	-1.075	4.663	9.388	10.540
2.055	-0.676620	5.497040	10.459534	11.835418	-0.982	5.029	9.918	11.169
2.075	-0.417160	5.537506	10.585693	11.953865	-0.798	5.330	10.208	11.547
2.098	-0.540939	6.344452	10.826111	12.559831	-0.654	5.671	10.474	11.933
2.118	-0.755173	5.918365	12.592346	13.934293	-0.597	5.824	11.116	12.571
2.140	-0.736130	4.885284	13.427856	14.307872	-0.612	5.671	11.858	13.189
2.160	-0.433823	3.709381	11.409302	12.004994	-0.617	5.214	12.064	13.202
2.182	0.061295	3.190460	8.595703	9.168909	-0.466	4.426	11.506	12.354
2.205	0.349319	3.716522	7.876831	8.716595	-0.190	3.875	10.327	11.050
2.216	0.415970	4.540131	8.526672	9.669021	0.098	3.789	9.102	9.890
2.240	0.132706	4.894806	9.276489	10.489518	0.240	4.085	8.569	9.511
2.256	0.035110	4.611542	9.000366	10.113068	0.233	4.441	8.670	9.747
2.276	0.032730	3.978363	8.855164	9.707851	0.154	4.506	8.915	9.995
2.301	0.070816	3.092865	8.821838	9.348565	0.068	4.144	8.988	9.915
2.316	0.149368	2.923859	7.938721	8.461356	0.072	3.652	8.654	9.408
2.339	0.092239	3.076202	7.186523	7.817778	0.086	3.268	8.201	8.834
2.359	-0.438583	3.759369	6.853271	7.828955	-0.032	3.213	7.700	8.364
2.382	-0.559982	3.854584	6.560486	7.629638	-0.189	3.404	7.135	7.934
2.402	-0.462387	3.906952	6.512878	7.608920	-0.342	3.649	6.778	7.721
2.426	-0.424301	3.897430	6.829468	7.874746	-0.471	3.855	6.689	7.736
2.438	-0.319565	4.016449	7.098450	8.162228	-0.442	3.919	6.750	7.819
2.457	-0.167221	4.078339	7.686401	8.702964	-0.343	3.975	7.032	8.087
2.478	-0.022018	4.164032	8.288635	9.275835	-0.233	4.039	7.476	8.504
2.498	0.120804	4.194977	8.436218	9.422430	-0.097	4.113	7.877	8.891
2.520	0.380264	4.306854	8.390991	9.439403	0.078	4.186	8.201	9.210
2.544	0.327896	4.811493	8.550476	9.816752	0.202	4.369	8.417	9.489
2.563	0.285049	5.280426	9.174133	10.589092	0.279	4.648	8.638	9.817
2.591	-0.100571	5.556549	10.428589	11.816971	0.223	4.989	9.136	10.416
2.598	-0.252914	5.301849	10.942749	12.162127	0.065	5.238	9.774	11.096
2.620	-0.298141	5.156647	10.768982	11.943654	-0.092	5.324	10.329	11.628
2.642	-0.262436	5.977875	10.419067	12.015025	-0.229	5.498	10.640	11.984
2.670	-0.621872	5.520844	11.890137	13.124092	-0.359	5.489	11.005	12.311
2.694	-0.507614	4.663910	12.106750	12.983957	-0.423	5.330	11.296	12.517
2.699	-0.267197	3.795074	9.933472	10.637097	-0.415	4.989	11.087	12.190
2.720	-0.314804	3.806976	7.686401	8.583294	-0.428	4.447	10.404	11.332
2.748	-0.828964	4.261627	7.657837	8.802904	-0.480	4.132	9.346	10.252
2.776	-0.988449	4.825775	8.443359	9.775247	-0.600	4.172	8.430	9.450
2.780	-1.071762	5.016205	8.564758	9.983290	-0.801	4.478	8.088	9.286
2.803	-1.188400	4.430634	8.840881	9.960120	-1.019	4.634	8.377	9.630
2.832	-1.326462	3.937897	8.726624	9.665428	-1.144	4.553	8.644	9.846
2.842	-1.409775	3.323761	8.298157	9.049545	-1.249	4.177	8.608	9.665
2.862	-1.150314	3.192841	7.691162	8.406630	-1.269	3.721	8.389	9.270
2.891	-0.736130	3.333282	7.234131	7.999082	-1.156	3.447	7.988	8.780
2.900	-0.379074	3.599884	6.667603	7.586816	-0.919	3.362	7.473	8.261
2.921	-0.048203	3.904572	6.450989	7.540773	-0.578	3.508	7.011	7.883
2.948	0.170792	3.971222	6.339111	7.482253	-0.248	3.702	6.673	7.652
2.973	0.239822	4.023590	6.429565	7.588551	-0.004	3.875	6.472	7.550
3.000	0.158890	4.054535	6.708069	7.839814	0.130	3.988	6.482	7.613
3.003	-0.174362	4.109283	7.177002	8.271999	0.099	4.040	6.663	7.796
3.030	-0.419540	4.073578	7.676880	8.700835	-0.049	4.065	6.998	8.100
3.061	-0.762314	4.278290	7.805420	8.933614	-0.299	4.129	7.342	8.437
3.064	-0.976547	4.640106	7.879211	9.195989	-0.583	4.275	7.635	8.776
3.107	-0.993210	5.035248	8.267212	9.730724	-0.788	4.507	7.907	9.140
3.111	-0.938461	5.223297	8.579041	10.087789	-0.918	4.794	8.133	9.487
3.126	-0.617111	5.428009	8.443359	10.056561	-0.881	5.082	8.292	9.768
3.154	-0.395737	5.611298	8.640930	10.310623	-0.736	5.324	8.483	10.046
3.182	-0.288620	5.744598	9.269348	10.908920	-0.560	5.502	8.733	10.341
3.184	-0.410019	6.206390	9.919189	11.708019	-0.428	5.748	9.068	10.746
3.208	-0.871811	6.268280	12.159119	13.707500	-0.492	5.958	9.997	11.659
3.234	-0.938461	5.630341	13.389771	14.555666	-0.627	5.962	11.184	12.720
3.260	-0.812302	4.844818	12.161499	13.116179	-0.758	5.737	11.907	13.272
3.263	-0.567123	3.730804	10.809448	11.449223	-0.797	5.119	12.130	13.207
3.287	-0.124374	3.918854	9.019409	9.834766	-0.611	4.531	11.345	12.239
3.314	0.499283	4.611542	8.486206	9.671158	-0.251	4.277	10.119	11.018
3.323	0.556412	5.266144	9.164612	10.584516	0.091	4.382	9.370	10.385
3.345	0.489761	5.199493	9.402649	10.755668	0.355	4.749	9.018	10.212
3.365	0.546890	4.654388	8.750427	9.926348	0.523	4.933	8.951	10.234
3.391	0.394547	3.914093	8.609985	9.466131	0.497	4.759	8.982	10.183
3.413	0.249344	3.468964	8.545715	9.226328	0.420	4.309	8.827	9.844
3.424	0.020828	3.418976	7.717346	8.440809	0.303	3.864	8.406	9.265
3.446	-0.271957	3.514191	6.972290	7.812575	0.098	3.579	7.961	8.736
3.471	-0.488571	3.749847	6.222473	7.281430	-0.123	3.538	7.364	8.190
3.494	-0.524277	3.854584	5.963013	7.119705	-0.316	3.634	6.719	7.664
3.518	-0.588547	3.906952	6.032043	7.210840	-0.468	3.756	6.297	7.356
3.525	-0.481430	3.949799	6.420044	7.553122	-0.521	3.865	6.159	7.291
3.546	-0.338608	4.018829	6.684265	7.806731	-0.483	3.933	6.275	7.423
3.566	-0.121994	4.090240	6.938965	8.055692	-0.383	3.991	6.519	7.657
3.596	-0.043442	4.363983	7.638794	8.797580	-0.246	4.106	6.921	8.053
3.605	-0.119614	4.590118	8.005371	9.228730	-0.156	4.266	7.317	8.472
3.625	-0.202927	4.666290	8.436218	9.642885	-0.122	4.428	7.755	8.931
3.646	-0.026779	4.721039	8.398132	9.634187	-0.098	4.585	8.120	9.326
3.675	0.189835	5.123322	8.183899	9.657156	-0.040	4.775	8.256	9.541
3.700	0.220779	5.611298	8.740906	10.389362	0.045	5.030	8.440	9.831
3.706	-0.041061	5.827911	9.878723	11.469760	0.086	5.321	8.800	10.288
3.730	-0.083908	5.832672	10.642822	12.136589	0.071	5.599	9.362	10.913
3.752	0.056534	6.023102	11.007019	12.547327	0.038	5.824	10.067	11.636
3.779	0.027969	5.970734	12.390015	13.753651	-0.010	5.914	10.980	12.477
3.787	-0.029160	5.154266	13.792053	14.723724	-0.007	5.745	11.958	13.290
3.808	-0.036301	3.923615	11.966309	12.593197	0.005	5.268	12.289	13.404
3.833	0.070816	3.438019	8.524292	9.191765	0.008	4.622	11.668	12.566
3.858	-0.462387	3.968842	7.196045	8.230952	-0.114	4.121	10.370	11.185
3.888	-0.902756	4.811493	7.936340	9.324748	-0.333	4.035	8.906	9.835
3.891	-1.221725	5.389923	8.367188	10.027647	-0.629	4.402	8.006	9.194
3.911	-1.519272	5.080475	7.983948	9.584510	-1.027	4.813	7.871	9.292
3.937	-1.526413	4.397308	8.333862	9.545655	-1.293	4.920	8.155	9.621
3.966	-1.269333	3.057159	7.962524	8.623179	-1.384	4.481	8.162	9.445
3.969	-0.781357	3.138092	7.422180	8.096104	-1.274	3.918	7.926	8.962
3.994	-0.255295	3.323761	6.960388	7.717484	-0.958	3.479	7.670	8.496
4.018	0.025589	3.678436	6.846130	7.771811	-0.570	3.299	7.298	8.052
4.028	0.089859	3.911713	6.734253	7.788436	-0.230	3.513	6.991	7.843
4.051	0.230301	3.892670	6.448608	7.535945	0.023	3.702	6.747	7.703
4.077	0.151749	3.935516	6.498596	7.598886	0.124	3.855	6.632	7.674
4.101	-0.060104	4.056915	6.755676	7.880440	0.103	3.949	6.609	7.701
4.109	-0.360031	4.275909	7.495972	8.637281	-0.010	4.040	6.800	7.913
4.130	-0.659958	4.566315	8.081543	9.305811	-0.232	4.209	7.208	8.356
4.155	-0.705185	4.768646	8.202942	9.514490	-0.446	4.417	7.634	8.835
4.183	-0.633774	4.901947	8.179138	9.556624	-0.590	4.628	7.990	9.254
4.190	-0.500473	5.163788	7.893494	9.445762	-0.625	4.850	8.089	9.456
4.215	-0.440964	5.711273	7.876831	9.739485	-0.570	5.136	8.038	9.564
4.243	-0.440964	5.913605	8.567139	10.419263	-0.504	5.423	8.129	9.790
4.270	-0.471909	6.054047	9.443115	11.227048	-0.464	5.711	8.445	10.208
4.273	-0.395737	5.982635	10.078674	11.727242	-0.437	5.915	8.991	10.778
4.296	-0.431442	6.187347	10.830872	12.481073	-0.435	6.034	9.730	11.464
4.324	-0.724228	5.585114	12.763733	13.951017	-0.506	5.952	10.779	12.347
4.332	-0.588547	4.628204	12.363831	13.214801	-0.535	5.596	11.509	12.844
4.351	-0.179123	3.768890	9.923950	10.617034	-0.481	5.042	11.471	12.566
4.376	-0.000595	4.054535	8.617126	9.523346	-0.373	4.509	10.917	11.827
4.402	0.246964	4.673431	9.138428	10.267075	-0.130	4.281	10.011	10.906
4.412	0.256485	5.163788	9.571655	10.878744	0.081	4.415	9.313	10.322
4.432	0.346939	5.104279	9.433594	10.731576	0.212	4.749	9.190	10.350
4.454	0.458817	4.511566	8.938477	10.023029	0.327	4.863	9.271	10.475
4.479	0.513565	3.823639	9.219360	9.994027	0.394	4.651	9.291	10.407
4.505	0.618301	3.573700	8.719482	9.443675	0.484	4.253	9.078	10.048
4.512	0.546890	3.566559	7.676880	8.482566	0.534	3.869	8.639	9.486
4.535	0.313614	3.833160	6.996094	7.983533	0.498	3.699	8.153	8.976
4.557	0.070816	3.985504	6.381958	7.524536	0.387	3.740	7.444	8.359
4.585	-0.095810	4.045013	5.970154	7.212077	0.209	3.858	6.756	7.801
4.592	-0.250534	4.111664	5.660706	7.000866	0.010	3.994	6.252	7.430
4.614	-0.336227	4.118805	5.820190	7.138082	-0.153	4.065	5.958	7.219
4.640	-0.307663	4.256866	6.262939	7.578917	-0.248	4.133	5.928	7.232
4.667	-0.148178	4.344940	6.743774	8.023650	-0.261	4.208	6.122	7.435
4.693	0.013687	4.456818	7.224609	8.488722	-0.195	4.294	6.513	7.807
4.696	0.099380	4.587738	7.681641	8.947895	-0.086	4.412	6.978	8.260
4.721	-0.062485	4.737701	8.102966	9.386575	-0.024	4.532	7.438	8.712
4.733	-0.007736	4.823395	8.574280	9.837859	0.011	4.651	7.896	9.165
4.754	0.027969	5.092377	8.967041	10.312173	0.014	4.810	8.331	9.621
4.777	-0.081528	5.275665	9.471680	10.842140	-0.031	4.982	8.779	10.095
4.803	-0.362411	5.530365	10.161987	11.575071	-0.106	5.180	9.294	10.642
4.815	-0.419540	5.642242	10.497620	11.925223	-0.209	5.385	9.775	11.164
4.840	-0.643295	5.963593	11.402161	12.883614	-0.377	5.603	10.383	11.807
4.872	-0.609970	5.408966	13.382629	14.447275	-0.509	5.636	11.361	12.708
4.874	-0.388596	4.392548	12.430481	13.189478	-0.515	5.352	11.928	13.111
4.902	-0.293381	3.319000	10.442871	10.961542	-0.484	4.771	11.915	12.870
4.919	-0.326706	3.273773	8.390991	9.012939	-0.405	4.099	11.162	11.903
4.935	-0.445724	4.075958	7.748291	8.766306	-0.364	3.765	9.753	10.483
4.955	-0.790878	4.856720	8.759949	10.047384	-0.464	3.881	8.836	9.697
4.975	-0.871811	5.097137	9.395508	10.724571	-0.609	4.326	8.574	9.638
5.002	-0.650436	4.611542	9.455017	10.539769	-0.690	4.660	8.840	10.020
5.026	-0.590927	3.845062	9.395508	10.169035	-0.726	4.603	9.251	10.370
5.054	-0.664719	3.368988	8.152954	8.846615	-0.694	4.231	9.100	10.070
5.056	-0.769455	3.292816	7.424561	8.158358	-0.669	3.780	8.607	9.428
5.080	-0.693283	3.645111	7.100830	8.011820	-0.680	3.538	8.018	8.796
5.101	-0.333847	3.930756	6.508118	7.610380	-0.615	3.559	7.297	8.157
5.127	-0.095810	4.075958	6.315308	7.517029	-0.473	3.736	6.837	7.824
5.148	0.047012	4.018829	6.472412	7.618748	-0.269	3.918	6.599	7.689
5.175	0.201736	3.890289	6.462891	7.546125	-0.045	3.979	6.440	7.573
5.178	0.063675	3.906952	6.555725	7.631897	0.054	3.973	6.452	7.578
5.197	-0.274338	4.075958	6.896118	8.015307	0.010	3.973	6.597	7.703
5.222	-0.617111	4.106903	7.607849	8.667574	-0.157	3.995	6.881	7.965
5.247	-0.693283	4.340179	7.707825	8.872900	-0.380	4.107	7.192	8.297
5.272	-0.793259	4.687714	7.619751	8.981343	-0.594	4.303	7.458	8.634
5.277	-0.821823	5.242340	8.122009	9.701781	-0.731	4.594	7.764	9.056
5.298	-0.757553	5.437531	8.721863	10.305897	-0.766	4.927	8.043	9.465
5.321	-0.538559	5.618439	9.238403	10.826126	-0.728	5.247	8.426	9.954
5.345	-0.236252	5.492279	9.716858	11.164151	-0.589	5.448	8.950	10.499
5.372	-0.022018	5.820770	10.514282	12.017986	-0.389	5.592	9.548	11.079
5.378	-0.321945	5.854095	13.382629	14.610573	-0.280	5.696	10.713	12.155
5.399	-0.538559	5.370880	14.006287	15.010412	-0.280	5.635	11.905	13.201
5.422	-0.543320	4.287811	12.311462	13.048090	-0.356	5.333	12.554	13.672
5.446	-0.490952	3.666534	9.633545	10.319385	-0.474	4.795	12.333	13.247
5.467	-0.169601	4.166412	8.617126	9.573015	-0.436	4.373	11.142	11.988
5.496	0.282669	4.975739	8.921814	10.219425	-0.230	4.274	9.871	10.790
5.499	0.513565	5.306610	9.490723	10.885664	0.034	4.529	9.166	10.249
5.521	0.673050	4.844818	9.385986	10.584045	0.325	4.823	9.104	10.316
5.542	0.801590	3.311859	8.448120	9.109429	0.568	4.610	9.062	10.200
5.568	0.542130	3.092865	7.757812	8.369192	0.633	4.139	8.771	9.737
5.591	0.132706	3.288055	7.007996	7.742152	0.537	3.634	8.150	8.951
5.599	-0.138657	3.468964	6.236755	7.137930	0.334	3.290	7.363	8.090
5.621	-0.238632	3.564178	5.803528	6.814782	0.074	3.354	6.702	7.516
5.645	-0.300522	3.642731	5.615479	6.700254	-0.136	3.491	6.166	7.099
5.672	-0.336227	3.568939	5.548828	6.606048	-0.254	3.561	5.801	6.815
5.697	-0.360031	3.533234	6.079651	7.040988	-0.309	3.577	5.762	6.791
5.700	-0.395737	3.695099	6.834229	7.779270	-0.348	3.610	6.020	7.032
5.720	-0.191025	3.952179	7.638794	8.602755	-0.321	3.687	6.525	7.507
5.744	0.020828	4.178314	8.417175	9.397211	-0.231	3.840	7.242	8.205
5.770	0.037491	4.311615	8.586182	9.608015	-0.132	4.034	7.869	8.847
5.791	0.342178	4.437775	8.498108	9.593162	0.052	4.220	8.285	9.300
5.800	0.532608	4.918610	8.483826	9.820982	0.233	4.462	8.496	9.605
5.823	0.339798	5.547028	8.976562	10.557635	0.313	4.804	8.636	9.895
5.842	0.032730	5.939789	9.778748	11.441419	0.312	5.211	8.934	10.353
5.866	0.142227	5.889801	10.233398	11.808151	0.262	5.574	9.368	10.907
5.893	0.385025	5.996918	10.538086	12.131056	0.225	5.843	9.882	11.485
5.902	0.385025	6.127838	11.311707	12.870639	0.236	5.989	10.465	12.063
5.923	0.249344	5.482758	13.177917	14.275164	0.290	5.874	11.315	12.771
5.942	0.056534	4.463959	12.861328	13.614106	0.269	5.518	11.972	13.223
5.970	-0.307663	3.516571	10.195312	10.789130	0.096	4.898	11.887	12.887
5.992	-0.555222	3.911713	8.978943	9.809749	-0.139	4.344	11.303	12.122
6.002	-0.740891	4.594879	10.192932	11.205253	-0.387	4.122	10.557	11.355
6.024	-0.617111	4.690094	10.533325	11.546807	-0.555	4.178	9.975	10.838
6.042	-0.498093	3.973602	9.688293	10.483351	-0.603	4.293	9.848	10.761
6.067	-0.590927	3.361847	9.109863	9.728351	-0.612	4.155	9.881	10.741
6.096	-0.455246	2.852448	7.833984	8.349552	-0.540	3.719	9.291	10.027
6.103	-0.288620	2.931000	6.953247	7.551272	-0.458	3.280	8.396	9.028
6.126	0.008926	3.233307	6.191528	6.984939	-0.331	3.095	7.522	8.154
6.144	0.066055	3.504669	6.120117	7.052865	-0.167	3.130	6.775	7.485
6.169	0.051773	3.542755	6.296265	7.224731	-0.040	3.303	6.390	7.203
6.191	0.173172	3.449921	5.877319	6.817245	0.075	3.433	6.121	7.020
6.216	0.227921	3.559418	5.708313	6.730991	0.130	3.514	6.001	6.956
6.232	0.173172	3.647491	6.174866	7.173782	0.157	3.550	6.014	6.987
6.270	-0.157700	3.737946	7.053223	7.984050	0.104	3.599	6.203	7.177
6.273	-0.629013	3.985504	7.607849	8.611578	-0.096	3.733	6.636	7.625
6.314	-0.936081	4.244965	8.076782	9.172262	-0.387	3.904	7.228	8.235
6.316	-1.000351	4.475861	8.026794	9.244645	-0.681	4.111	7.691	8.753
6.325	-0.800400	4.699615	8.388611	9.648617	-0.841	4.351	8.025	9.169
6.362	-0.555222	4.930511	8.983704	10.262804	-0.823	4.588	8.369	9.582
6.365	-0.307663	5.270905	8.988464	10.424470	-0.666	4.844	8.597	9.895
6.414	-0.219589	5.411346	9.754944	11.157501	-0.471	5.078	9.029	10.373
6.416	-0.171982	5.392303	10.250061	11.583189	-0.314	5.251	9.494	10.857
6.428	-0.036301	5.808868	10.283386	11.810686	-0.184	5.471	9.819	11.244
6.463	-0.483810	6.325409	10.985596	12.685748	-0.228	5.734	10.318	11.809
6.466	-0.279099	5.613678	12.930359	14.099130	-0.243	5.785	11.112	12.545
6.488	0.104141	4.335419	12.354309	13.093344	-0.174	5.521	11.638	12.922
6.513	0.656387	3.654633	9.757324	10.439950	-0.001	4.982	11.507	12.580
6.526	0.842056	3.692719	8.417175	9.230063	0.331	4.324	10.865	11.716
6.546	0.930130	4.480621	8.895630	10.003666	0.633	4.041	9.856	10.692
6.570	0.853958	4.904327	9.407410	10.643356	0.821	4.183	9.119	10.079
6.593	1.068192	4.968597	9.609741	10.870838	0.924	4.512	9.082	10.187
6.618	1.084854	4.549652	9.862061	10.914966	0.984	4.726	9.444	10.608
6.627	0.763504	4.204498	9.540710	10.453989	0.943	4.657	9.605	10.721
6.647	0.494522	3.835541	8.250549	9.111942	0.853	4.390	9.316	10.338
6.670	-0.012497	3.704620	7.188904	8.087318	0.583	4.074	8.711	9.642
6.697	-0.379074	3.837921	6.650940	7.688195	0.217	3.896	7.908	8.835
6.707	-0.486191	3.923615	5.943970	7.138761	-0.096	3.825	7.009	8.007
6.729	-0.421921	3.954559	5.782104	7.017784	-0.325	3.855	6.391	7.483
6.763	-0.367172	3.918854	5.951111	7.134981	-0.414	3.909	6.082	7.245
6.769	-0.198166	3.759369	6.210571	7.262460	-0.368	3.889	5.972	7.138
6.796	-0.202927	3.776031	6.746155	7.733705	-0.298	3.852	6.172	7.287
6.809	-0.164841	3.756989	7.265076	8.180676	-0.233	3.803	6.543	7.578
6.833	-0.079147	3.845062	7.664978	8.575701	-0.161	3.784	6.972	7.938
6.871	0.004166	3.925995	7.669739	8.616168	-0.111	3.826	7.336	8.277
6.873	0.106522	4.254486	7.817322	8.900703	-0.033	3.946	7.604	8.568
6.895	0.239822	4.673431	8.117249	9.369536	0.068	4.175	7.817	8.866
6.908	0.192215	5.042389	9.276489	10.560108	0.136	4.474	8.220	9.362
6.930	-0.002975	5.154266	10.185791	11.415639	0.134	4.781	8.849	10.061
6.950	-0.164841	5.161407	10.490479	11.692623	0.066	5.008	9.518	10.759
6.976	-0.233871	5.777924	10.861816	12.305208	-0.052	5.284	10.204	11.493
6.997	-0.581406	5.942169	12.325745	13.695670	-0.246	5.509	10.966	12.277
7.009	-0.650436	4.780548	13.584961	14.416236	-0.408	5.416	11.816	13.027
7.030	-0.467148	3.657013	11.692566	12.260019	-0.483	5.039	12.116	13.169
7.057	-0.083908	3.273773	9.431213	9.983607	-0.446	4.413	11.759	12.589
7.080	-0.162460	3.866486	9.405029	10.170087	-0.341	3.894	11.028	11.707
7.095	-0.498093	4.706757	10.197693	11.242535	-0.303	3.876	10.182	10.914
7.117	-0.819443	4.782928	10.533325	11.597364	-0.391	4.157	9.892	10.748
7.130	-0.774216	3.568939	8.452881	9.208036	-0.564	4.231	9.647	10.555
7.151	-0.733749	3.247589	7.857788	8.534053	-0.706	4.077	9.260	10.145
7.174	-0.500473	3.378510	7.422180	8.170285	-0.707	3.744	8.567	9.377
7.197	-0.236252	3.430878	6.443848	7.304102	-0.561	3.406	7.544	8.304
7.211	0.032730	3.537994	5.963013	6.933686	-0.359	3.399	6.922	7.736
7.232	0.218399	3.561798	5.703552	6.727898	-0.121	3.477	6.383	7.284
7.260	0.351700	3.571320	6.008240	6.998354	0.092	3.525	6.030	6.991
7.287	0.344559	3.580841	6.470032	7.402868	0.237	3.563	6.036	7.016
7.291	0.177933	3.728424	6.796143	7.753732	0.273	3.611	6.244	7.221
7.312	-0.057724	3.897430	7.307922	8.282453	0.204	3.695	6.646	7.609
7.338	-0.410019	4.168793	7.750671	8.810213	0.014	3.844	7.081	8.062
7.363	-0.600449	4.430634	8.276733	9.407198	-0.223	4.056	7.533	8.563
7.378	-0.776596	4.737701	8.202942	9.504587	-0.461	4.309	7.885	9.001
7.403	-0.624252	4.942413	7.981567	9.408643	-0.603	4.570	8.053	9.283
7.412	-0.571884	5.220917	7.910156	9.495030	-0.643	4.833	8.093	9.454
7.437	-0.600449	5.673187	8.033936	9.853411	-0.643	5.144	8.032	9.565
7.462	-0.307663	5.787445	8.926575	10.642975	-0.526	5.406	8.213	9.850
7.486	-0.352890	5.625580	9.838257	11.338561	-0.458	5.577	8.677	10.332
7.492	-0.152939	5.982635	10.307190	11.918619	-0.353	5.767	9.276	10.938
7.514	-0.355270	6.089752	12.306702	13.735582	-0.292	5.871	10.345	11.909
7.540	-0.271957	4.809113	14.308594	15.097595	-0.283	5.627	11.690	13.023
7.567	-0.136276	3.868866	12.132935	12.735572	-0.229	5.188	12.264	13.372
7.574	0.075577	3.240448	9.228882	9.781537	-0.172	4.502	11.994	12.838
7.595	0.211258	4.021210	8.640930	9.533123	-0.030	3.985	11.078	11.787
7.621	0.249344	4.970978	9.345520	10.588274	0.100	4.025	9.837	10.660
7.650	0.280289	5.382782	9.790649	11.176302	0.204	4.404	9.251	10.270
7.654	0.501663	4.821014	9.447876	10.618672	0.311	4.799	9.306	10.479
7.679	0.713516	3.923615	9.207458	10.033999	0.436	4.775	9.448	10.604
7.707	0.756363	3.276154	8.836121	9.454221	0.563	4.351	9.321	10.321
7.715	0.499283	3.240448	8.212463	8.842757	0.618	3.815	8.926	9.737
7.734	-0.007736	3.466583	7.638794	8.388589	0.490	3.477	8.474	9.180
7.756	-0.386215	3.654633	6.900879	7.818416	0.215	3.409	7.897	8.626
7.785	-0.483810	3.637970	6.581909	7.535942	-0.095	3.500	7.334	8.146
7.795	-0.421921	3.654633	6.005859	7.043061	-0.325	3.603	6.782	7.697
7.818	-0.302902	3.533234	5.989197	6.960314	-0.399	3.620	6.369	7.339
7.839	-0.279099	3.616547	6.310547	7.278757	-0.372	3.611	6.222	7.205
7.865	-0.236252	3.776031	6.862793	7.836591	-0.310	3.645	6.292	7.280
7.876	-0.110092	3.949799	7.386475	8.376935	-0.232	3.719	6.637	7.613
7.898	0.011307	4.180695	7.664978	8.730992	-0.154	3.881	7.056	8.056
7.922	0.047012	4.444916	8.045837	9.192115	-0.072	4.088	7.490	8.534
7.948	0.244583	4.656769	8.083923	9.332477	0.048	4.308	7.795	8.908
7.977	0.382645	4.951935	8.833740	10.134251	0.171	4.559	8.157	9.347
7.980	0.258865	5.159027	9.533569	10.843040	0.233	4.803	8.624	9.875
8.005	0.187454	5.180450	10.147705	11.395092	0.268	4.987	9.150	10.426
8.017	0.149368	5.259003	10.209595	11.485436	0.245	5.138	9.681	10.964
8.037	-0.155319	5.604156	10.669006	12.052319	0.110	5.301	10.140	11.444
8.066	-0.512375	5.480377	13.296936	14.391163	-0.083	5.381	11.081	12.331
8.090	-0.186264	4.273529	13.427856	14.092731	-0.176	5.154	11.901	13.005
8.097	0.268387	3.452301	9.971558	10.555680	-0.146	4.703	11.841	12.773
8.118	0.035110	3.795074	8.229126	9.062138	-0.099	4.250	11.231	12.025
8.144	-0.588547	4.561554	8.757568	9.891874	-0.118	4.021	10.097	10.901
8.173	-1.067001	5.273285	9.928711	11.292711	-0.338	4.271	9.222	10.201
8.178	-1.057480	5.028107	9.957275	11.204796	-0.669	4.665	9.218	10.363
8.201	-0.907516	4.092621	9.300293	10.201401	-0.905	4.739	9.486	10.648
8.218	-0.967026	3.292816	8.612366	9.270956	-1.000	4.422	9.450	10.492
8.239	-0.793259	2.971466	7.648315	8.243518	-0.931	3.846	8.880	9.730
8.265	-0.545700	3.140472	7.353149	8.014310	-0.803	3.374	8.229	8.933
8.291	-0.105331	3.368988	6.705688	7.505161	-0.603	3.193	7.580	8.258
8.298	0.132706	3.568939	6.182007	7.139478	-0.328	3.262	6.972	7.726
8.321	0.423111	3.690338	5.893982	6.966824	-0.024	3.442	6.534	7.406
8.349	0.537369	3.661774	6.067749	7.107386	0.247	3.573	6.212	7.180
8.375	0.473099	3.566559	6.317688	7.270306	0.392	3.622	6.115	7.121
8.380	0.201736	3.783173	6.643799	7.648082	0.409	3.675	6.231	7.248
8.401	-0.157700	3.783173	7.124634	8.068313	0.264	3.699	6.538	7.524
8.428	-0.509995	3.990265	7.629272	8.624854	0.002	3.781	6.929	7.903
8.453	-0.802780	4.242584	8.100586	9.179514	-0.317	3.950	7.375	8.380
8.480	-0.802780	4.694855	8.176758	9.462848	-0.568	4.178	7.758	8.834
8.483	-0.645676	4.959076	8.252930	9.649880	-0.690	4.472	8.040	9.229
8.506	-0.498093	5.461334	8.440979	10.066002	-0.687	4.839	8.243	9.590
8.521	-0.338608	5.901703	8.360046	10.238903	-0.571	5.254	8.308	9.854
8.540	-0.355270	5.851715	9.128906	10.849227	-0.459	5.543	8.546	10.201
8.565	-0.155319	5.523224	9.645447	11.115969	-0.337	5.684	8.894	10.568
8.591	-0.043442	6.058807	10.533325	12.151625	-0.223	5.834	9.417	11.089
8.601	-0.124374	5.566071	12.328125	13.526983	-0.170	5.750	10.409	11.911
8.622	0.020828	4.863861	11.982971	12.932485	-0.076	5.503	11.122	12.432
8.645	0.339798	3.883148	10.354797	11.064182	0.048	5.093	11.300	12.419
8.673	0.849197	4.152130	9.038452	9.982732	0.271	4.616	10.926	11.877
8.681	1.368118	4.668671	9.138428	10.352734	0.644	4.392	10.129	11.083
8.702	1.565689	5.256622	10.602356	11.937060	1.031	4.490	9.784	10.834
8.729	1.489517	4.175934	11.487854	12.313727	1.318	4.563	10.067	11.147
8.758	1.177689	3.242828	10.823730	11.360283	1.400	4.336	10.513	11.491
8.767	0.532608	2.940521	9.738281	10.186484	1.191	3.904	10.663	11.449
8.787	-0.060104	3.104767	8.343384	8.902541	0.785	3.366	10.098	10.691
8.813	-0.367172	3.323761	6.760437	7.542262	0.321	3.153	8.916	9.498
8.840	-0.248154	3.552277	5.948730	6.933083	-0.036	3.230	7.698	8.391
8.843	-0.010117	3.537994	5.210815	6.298421	-0.171	3.380	6.566	7.419
8.868	0.016068	3.552277	5.215576	6.310401	-0.152	3.492	5.784	6.771
8.893	0.073196	3.533234	5.765442	6.762353	-0.042	3.544	5.535	6.576
8.902	0.211258	3.521332	6.367676	7.279540	0.073	3.536	5.640	6.663
8.923	0.282669	3.554657	7.005615	7.860924	0.146	3.540	6.089	7.053
8.949	0.461197	3.502289	7.543579	8.329725	0.257	3.528	6.671	7.558
8.970	0.670670	3.561798	7.688782	8.500210	0.406	3.535	7.151	7.993
8.997	0.658768	3.837921	7.691162	8.620765	0.518	3.614	7.482	8.328
9.003	0.542130	4.444916	8.026794	9.191333	0.583	3.837	7.738	8.661
9.025	0.358841	5.056671	8.436218	9.842178	0.558	4.225	7.961	9.039
9.044	0.282669	5.385162	9.309814	10.758834	0.461	4.681	8.366	9.603
9.070	0.101761	5.351837	10.050110	11.386713	0.321	5.060	8.956	10.295
9.091	0.039871	5.247101	10.871338	12.071439	0.196	5.260	9.667	11.015
9.104	0.042252	5.756500	10.835632	12.269882	0.117	5.435	10.267	11.622
9.125	-0.338608	5.846954	12.763733	14.043304	-0.039	5.551	11.130	12.443
9.151	-0.521896	4.942413	14.139587	14.987587	-0.195	5.448	12.153	13.343
9.176	-0.438583	3.973602	11.571167	12.242295	-0.314	5.130	12.328	13.386
9.184	-0.476669	3.740326	8.552856	9.347118	-0.444	4.626	11.757	12.655
9.205	-0.876572	4.630585	8.436218	9.663357	-0.578	4.322	10.675	11.560
9.229	-0.921799	5.120941	10.223877	11.471766	-0.678	4.366	9.696	10.681
9.254	-0.748032	4.932892	10.714233	11.818958	-0.756	4.606	9.482	10.575
9.281	-0.719467	4.018829	10.454773	11.223676	-0.816	4.676	9.957	11.044
9.285	-1.083664	3.319000	9.862061	10.461851	-0.868	4.348	10.314	11.244
9.306	-1.328842	2.885773	8.552856	9.123862	-0.970	3.789	9.896	10.657
9.327	-1.212204	2.978607	7.655457	8.303466	-1.086	3.301	9.131	9.778
9.354	-0.581406	3.161896	6.274841	7.050479	-1.052	3.086	8.086	8.735
9.374	0.123184	3.497528	5.289368	6.342341	-0.750	3.131	6.943	7.705
9.401	0.511185	3.690338	4.879944	6.139524	-0.290	3.332	6.025	6.959
9.406	0.658768	3.845062	4.796631	6.182730	0.178	3.549	5.310	6.429
9.427	0.675430	3.859344	4.875183	6.254451	0.492	3.723	4.960	6.230
9.447	0.463577	3.975983	5.529785	6.826556	0.577	3.843	5.020	6.351
9.473	0.097000	4.025970	6.450989	7.604808	0.474	3.927	5.413	6.717
9.496	-0.176743	4.099762	6.888977	8.018559	0.265	3.990	5.936	7.176
9.507	-0.398117	4.442535	8.000610	9.159933	-0.004	4.136	6.718	7.902
9.528	-0.602829	4.647247	9.140808	10.272034	-0.270	4.304	7.620	8.764
9.553	-0.764694	4.859100	9.597839	10.784903	-0.486	4.512	8.407	9.559
9.575	-0.809921	4.904327	9.281250	10.528533	-0.644	4.713	9.005	10.186
9.601	-0.600449	5.163788	8.764709	10.190455	-0.694	4.894	9.196	10.444
9.608	-0.607590	5.449432	9.493103	10.962868	-0.696	5.094	9.284	10.617
9.628	-0.462387	5.666046	9.835876	11.360561	-0.620	5.296	9.344	10.761
9.649	0.027969	5.937408	9.966797	11.601320	-0.411	5.554	9.515	11.029
9.677	-0.119614	6.320648	10.547607	12.297029	-0.290	5.843	9.961	11.555
9.703	-0.148178	5.668427	12.887512	14.079808	-0.176	5.898	10.809	12.335
9.708	0.070816	5.013824	12.432861	13.405950	-0.042	5.735	11.459	12.846
9.730	0.477859	4.109283	10.495239	11.281162	0.070	5.278	11.591	12.766
9.755	0.458817	4.149750	9.723999	10.582395	0.215	4.735	11.385	12.337
9.778	0.637344	4.549652	10.261963	11.243373	0.411	4.456	10.729	11.628
9.789	0.837296	4.759125	10.947510	11.966549	0.603	4.392	10.357	11.268
9.810	0.953934	4.437775	10.792786	11.708461	0.722	4.474	10.432	11.375
9.833	1.318130	3.766510	10.142944	10.899696	0.937	4.378	10.536	11.455
9.858	1.189590	3.192841	9.759705	10.337369	1.075	4.039	10.411	11.228
9.885	0.882523	3.171417	8.402893	9.024707	1.086	3.642	9.775	10.493
9.889	0.275528	3.259491	6.917542	7.651965	0.916	3.348	8.806	9.478
9.910	-0.157700	3.390411	5.824951	6.741648	0.547	3.254	7.726	8.439
9.931	-0.521896	3.507050	5.096558	6.208597	0.120	3.332	6.560	7.407
9.958	-0.367172	3.790314	4.801392	6.128185	-0.193	3.487	5.660	6.683
9.987	-0.333847	3.759369	4.829956	6.129664	-0.345	3.612	5.138	6.302
9.990	-0.121994	3.761749	5.325073	6.520893	-0.336	3.705	5.013	6.247
10.014	0.025589	3.718903	5.915405	6.987339	-0.199	3.758	5.218	6.442
10.039	0.204117	3.914093	6.646179	7.715795	-0.057	3.789	5.679	6.838
10.060	0.199356	4.152130	7.105591	8.232214	0.077	3.887	6.248	7.364
10.087	0.113663	4.206879	7.760193	8.827873	0.136	3.998	6.857	7.941
10.091	0.044632	4.444916	8.160095	9.292277	0.140	4.180	7.418	8.517
10.112	0.137466	4.628204	8.276733	9.483854	0.124	4.358	7.826	8.959
10.133	0.187454	5.075714	8.729004	10.099184	0.121	4.589	8.232	9.426
10.163	0.013687	5.389923	9.535950	10.953803	0.096	4.885	8.675	9.957
10.185	-0.033920	5.397064	10.685669	11.971340	0.076	5.123	9.307	10.627
10.192	0.047012	5.408966	11.280762	12.510584	0.054	5.318	10.058	11.384
10.214	0.199356	5.837433	12.301941	13.618118	0.057	5.508	10.951	12.263
10.239	0.256485	5.387543	14.258606	15.244646	0.117	5.508	12.132	13.336
10.265	0.246964	4.480621	14.425232	15.107093	0.187	5.279	13.067	14.120
10.272	0.170792	3.704620	11.771118	12.341499	0.218	4.853	13.189	14.078
10.296	-0.700424	4.175934	9.133667	10.067417	-0.007	4.437	12.397	13.190
10.321	-1.031296	4.735321	10.000122	11.112573	-0.328	4.274	11.333	12.157
10.338	-0.962265	4.618683	9.421692	10.536910	-0.631	4.309	10.082	11.015
10.366	-0.857529	3.930756	9.147949	9.993556	-0.888	4.365	9.426	10.428
10.373	-0.836105	3.054779	9.181274	9.712185	-0.922	4.085	9.438	10.339
10.394	-0.748032	2.714386	8.129150	8.602937	-0.851	3.580	8.970	9.711
10.418	-0.636154	2.621552	6.891357	7.400543	-0.769	3.080	8.337	8.927
10.445	-0.500473	2.809601	6.112976	6.746318	-0.680	2.800	7.579	8.115
10.453	-0.464767	3.128571	5.732117	6.546841	-0.587	2.819	6.716	7.324
10.478	-0.367172	3.321381	5.248901	6.222327	-0.492	2.970	5.996	6.729
10.500	-0.191025	3.471344	4.872803	5.985894	-0.381	3.183	5.492	6.375
10.514	-0.026779	3.504669	5.103699	6.191217	-0.262	3.356	5.239	6.237
10.535	0.047012	3.507050	5.279846	6.338642	-0.134	3.451	5.126	6.185
10.558	-0.019638	3.604645	6.236755	7.203539	-0.048	3.522	5.373	6.430
10.583	-0.219589	3.526093	7.186523	8.007975	-0.055	3.536	5.952	6.935
10.594	-0.524277	3.787933	8.048218	8.910506	-0.179	3.606	6.688	7.615
10.618	-0.962265	4.271149	8.814697	9.842132	-0.431	3.797	7.572	8.491
10.643	-1.083664	4.732941	9.067017	10.285225	-0.697	4.080	8.279	9.261
10.666	-0.824203	5.092377	9.131287	10.487707	-0.849	4.471	8.765	9.881
10.675	-0.598068	5.466095	9.378845	10.871919	-0.867	4.891	9.098	10.372
10.696	0.001785	5.508942	10.445251	11.808968	-0.626	5.200	9.506	10.863
10.718	0.675430	5.349457	11.473572	12.677371	-0.186	5.354	10.107	11.461
10.744	1.061050	6.161163	11.373596	12.978615	0.285	5.621	10.668	12.084
10.771	-0.014877	6.442047	12.451904	14.019633	0.431	5.865	11.436	12.871
10.776	-0.864670	5.670807	13.546875	14.711340	0.214	5.906	12.211	13.597
10.797	-0.964645	4.259247	12.209106	12.966650	-0.196	5.633	12.395	13.669
10.818	-0.331467	3.376129	9.578796	10.161765	-0.544	4.937	11.947	12.965
10.844	0.494522	3.673676	8.967041	9.703003	-0.417	4.245	11.075	11.886
10.871	0.834915	4.402069	9.481201	10.486585	0.008	3.928	10.059	10.830
10.877	0.901566	4.483002	10.169128	11.149946	0.475	3.984	9.549	10.375
10.904	0.913467	3.966461	9.878723	10.684400	0.786	4.131	9.624	10.506
10.939	0.918228	3.173798	9.371704	9.937050	0.892	4.006	9.725	10.564
10.944	0.496902	2.704865	8.588562	9.018126	0.808	3.582	9.502	10.197
10.972	-0.079147	2.816742	7.657837	8.159826	0.562	3.165	8.874	9.450
10.977	-0.681381	2.997650	6.708069	7.378914	0.164	2.923	8.082	8.623
11.002	-0.905136	3.321381	6.053467	6.963857	-0.292	2.960	7.252	7.880
11.026	-0.895615	3.404694	5.848755	6.826566	-0.640	3.135	6.567	7.332
11.053	-0.452866	3.442780	5.739258	6.707973	-0.734	3.292	6.087	6.969
11.058	-0.067245	3.554657	5.782104	6.787698	-0.580	3.431	5.856	6.822
11.088	0.113663	3.616547	6.367676	7.323908	-0.326	3.505	5.934	6.912
11.102	0.194595	3.685577	7.081787	7.985804	-0.053	3.575	6.243	7.201
11.122	0.230301	3.692719	7.929199	8.749938	0.118	3.637	6.790	7.712
11.147	0.327896	3.923615	8.407654	9.283906	0.217	3.730	7.447	8.336
11.176	0.304092	4.171173	8.341003	9.330782	0.264	3.868	7.940	8.838
11.180	0.135086	4.506805	8.788513	9.877626	0.249	4.074	8.367	9.311
11.200	0.111282	4.792450	9.704956	10.824331	0.220	4.349	8.811	9.829
11.221	0.144608	5.075714	10.202454	11.396220	0.174	4.637	9.259	10.357
11.247	0.063675	5.066193	10.359558	11.532164	0.114	4.860	9.764	10.908
11.279	0.032730	4.904327	10.569031	11.651520	0.088	4.960	10.209	11.351
11.283	0.049393	5.454193	10.585693	11.908298	0.073	5.125	10.429	11.622
11.308	-0.252914	5.775543	11.652100	13.007394	-0.027	5.300	10.792	12.025
11.334	-0.507614	5.149506	13.484985	14.443681	-0.170	5.321	11.573	12.753
11.359	-0.398117	4.073578	11.340271	12.056296	-0.277	5.113	11.766	12.854
11.362	-0.374313	3.845062	8.324341	9.177105	-0.383	4.711	11.200	12.171
11.388	-1.116989	4.435394	8.567139	9.711656	-0.599	4.376	10.429	11.347
11.401	-1.547836	4.932892	9.997742	11.255401	-0.859	4.322	9.557	10.550
11.422	-1.340744	4.913849	10.580933	11.743068	-1.095	4.532	9.368	10.472
11.449	-0.981308	3.906952	10.188171	10.955641	-1.247	4.547	9.833	10.916
11.472	-0.857529	3.259491	9.695435	10.264555	-1.182	4.253	10.116	11.055
11.481	-0.952744	2.881012	8.802795	9.311131	-1.033	3.740	9.817	10.569
11.502	-1.193161	3.021454	7.876831	8.520404	-0.996	3.267	9.141	9.763
11.521	-1.140793	3.149994	6.800903	7.581303	-1.036	3.078	8.294	8.919
11.546	-0.838486	3.230927	5.910645	6.788053	-1.031	3.071	7.348	8.050
11.575	-0.550461	3.442780	5.546448	6.551246	-0.931	3.211	6.534	7.360
11.582	-0.300522	3.676056	5.525024	6.643011	-0.708	3.375	5.946	6.891
11.604	-0.072006	3.956940	5.525024	6.796208	-0.440	3.577	5.627	6.695
11.622	0.097000	3.959320	5.446472	6.734217	-0.206	3.759	5.511	6.681
11.647	0.054153	4.149750	5.901123	7.214334	-0.055	3.936	5.599	6.847
11.675	-0.174362	4.128326	7.012756	8.139548	-0.024	4.049	5.971	7.221
11.682	-0.338608	4.114044	8.022034	9.021809	-0.090	4.088	6.596	7.777
11.705	-0.388596	4.228302	8.507629	9.508381	-0.212	4.155	7.361	8.471
11.723	-0.531418	4.485382	8.548096	9.668040	-0.358	4.239	8.023	9.084
11.748	-0.683762	4.797211	8.600464	9.871613	-0.486	4.406	8.420	9.517
11.774	-0.681381	5.161407	8.600464	10.053476	-0.571	4.668	8.564	9.775
11.783	-0.621872	5.508942	8.483826	10.134617	-0.630	4.988	8.558	9.932
11.805	-0.450485	5.666046	8.819458	10.492371	-0.609	5.283	8.626	10.138
11.823	-0.221970	5.599396	9.712097	11.212820	-0.494	5.484	8.904	10.473
11.850	0.227921	5.961212	10.928467	12.450678	-0.267	5.684	9.486	11.073
11.872	-0.019638	6.377777	11.692566	13.318878	-0.116	5.901	10.288	11.869
11.883	0.066055	5.180450	13.887268	14.822201	0.013	5.780	11.555	12.951
11.905	0.487381	3.676056	9.395508	10.100816	0.190	5.299	11.476	12.673
11.924	0.549271	4.137848	7.617371	8.686070	0.271	4.843	10.648	11.732
11.948	0.601639	4.866241	8.617126	9.914492	0.426	4.465	9.879	10.881
11.975	0.744461	5.109039	9.745422	11.028588	0.596	4.447	8.844	9.932
11.984	1.037247	4.630585	10.242920	11.288738	0.733	4.686	9.056	10.229
12.006	0.944412	3.642731	10.369080	11.030830	0.832	4.562	9.744	10.816
12.025	0.682571	2.688202	9.557373	9.951668	0.852	4.018	9.979	10.825
12.050	0.289810	2.373993	8.567139	8.894701	0.739	3.334	9.684	10.291
12.074	-0.236252	2.752472	7.986328	8.450642	0.420	2.864	9.120	9.582
12.085	-0.481430	3.164276	7.055603	7.747642	0.064	2.745	8.292	8.761
12.108	-0.495712	3.404694	6.127258	7.027159	-0.231	2.924	7.434	8.030
12.133	-0.350510	3.411835	5.708313	6.659453	-0.391	3.183	6.719	7.471
12.155	-0.133896	3.483246	5.732117	6.708807	-0.365	3.366	6.156	7.036
12.181	-0.083908	3.649872	5.993958	7.018271	-0.266	3.487	5.890	6.853
12.186	0.037491	3.728424	6.331970	7.348224	-0.133	3.568	5.942	6.934
12.207	-0.017258	3.852203	6.800903	7.816141	-0.049	3.678	6.215	7.223
12.227	-0.155319	4.171173	7.077026	8.216271	-0.055	3.850	6.551	7.600
12.253	-0.088669	4.428253	7.734009	8.912473	-0.056	4.045	6.986	8.073
12.282	0.032730	4.628204	8.098206	9.327501	-0.057	4.270	7.428	8.568
12.287	0.139847	4.761505	8.405273	9.661269	-0.018	4.497	7.829	9.029
12.310	0.132706	5.011444	8.845642	10.167476	0.054	4.707	8.271	9.517
12.343	-0.060104	5.168549	9.771606	11.054492	0.061	4.892	8.780	10.053
12.347	-0.414780	5.247101	10.547607	11.787966	-0.051	5.047	9.393	10.668
12.372	-0.490952	5.125702	10.892761	12.048489	-0.208	5.138	10.014	11.265
12.396	-0.450485	5.339935	10.657104	11.928609	-0.354	5.220	10.467	11.705
12.408	-0.469528	5.130463	12.132935	13.181434	-0.456	5.211	11.058	12.237
12.428	-0.074387	4.066437	14.477600	15.038030	-0.371	4.916	12.040	13.049
12.452	-0.010117	3.552277	12.006775	12.521239	-0.251	4.522	12.319	13.167
12.474	-0.198166	3.254730	8.983704	9.557169	-0.188	4.001	11.900	12.574
12.501	-0.936081	3.854584	8.031555	8.957675	-0.305	3.682	10.875	11.519
12.522	-1.278854	4.287811	9.069397	10.113098	-0.606	3.737	9.523	10.287
12.548	-1.024155	4.356842	9.771606	10.747803	-0.859	3.938	8.964	9.844
12.551	-0.493332	3.668915	10.261963	10.909271	-0.933	4.042	9.284	10.182
12.573	-0.236252	2.888153	10.197693	10.601424	-0.758	3.800	9.825	10.593
12.598	-0.157700	2.419220	9.316956	9.627209	-0.478	3.333	9.887	10.471
12.625	-0.210068	2.533478	8.607605	8.975160	-0.274	2.877	9.596	10.028
12.652	-0.167221	2.921478	7.907776	8.431839	-0.193	2.691	9.008	9.409
12.654	-0.155319	3.247589	7.393616	8.076912	-0.173	2.780	8.306	8.778
12.679	-0.124374	3.488007	6.712830	7.565959	-0.164	3.048	7.655	8.262
12.689	-0.038681	3.414215	5.953491	6.863120	-0.121	3.268	6.992	7.734
12.711	-0.050583	3.457062	5.632141	6.608695	-0.092	3.402	6.423	7.279
12.736	-0.133896	3.509430	5.786865	6.769183	-0.087	3.467	6.021	6.952
12.757	-0.250534	3.668915	6.060608	7.089053	-0.118	3.512	5.858	6.833
12.783	-0.607590	3.859344	6.193909	7.323129	-0.261	3.624	5.918	6.948
12.790	-0.940842	4.361603	6.903259	8.219717	-0.483	3.850	6.236	7.350
12.812	-1.052719	4.675812	7.448364	8.857176	-0.713	4.141	6.652	7.872
12.830	-1.017014	4.990021	7.836365	9.345760	-0.905	4.472	7.095	8.436
12.855	-0.767075	5.123322	8.457642	9.918091	-0.944	4.788	7.661	9.085
12.882	-0.455246	5.216156	8.702820	10.156506	-0.823	5.001	8.111	9.569
12.890	-0.405258	5.423248	8.867065	10.401956	-0.661	5.188	8.466	9.956
12.912	-0.390976	5.504181	9.505005	10.990632	-0.505	5.317	8.883	10.367
12.938	-0.479050	5.768402	10.730896	12.192460	-0.433	5.478	9.451	10.935
12.959	0.125565	5.323273	11.906799	13.043192	-0.287	5.505	10.252	11.657
12.985	-0.017258	5.635101	12.559021	13.765307	-0.190	5.558	11.175	12.498
12.991	-0.038681	4.716278	13.501648	14.301723	-0.102	5.361	12.175	13.326
13.012	-0.005356	3.435638	12.858948	13.310003	0.016	4.778	12.707	13.605
13.034	0.292191	3.000031	10.421448	10.848600	0.058	4.197	12.335	13.056
13.064	0.870621	3.278534	8.783752	9.416001	0.280	3.608	11.391	11.969
13.072	1.139603	3.657013	9.257446	10.018620	0.574	3.343	10.330	10.898
13.093	1.349075	4.030731	10.050110	10.911989	0.913	3.492	9.628	10.299
13.119	1.280045	3.671295	10.138184	10.858162	1.160	3.659	9.557	10.301
13.145	1.096756	3.326141	9.495483	10.120785	1.216	3.671	9.735	10.477
13.153	0.565933	3.023834	9.247925	9.746177	1.073	3.513	9.733	10.409
13.173	0.037491	3.061920	8.907532	9.419177	0.745	3.271	9.447	10.036
13.193	-0.557602	3.233307	8.000610	8.647251	0.286	3.161	8.913	9.483
13.219	-1.021774	3.440399	7.098450	7.954141	-0.244	3.190	8.314	8.942
13.240	-1.095566	3.423737	6.110596	7.089543	-0.659	3.290	7.529	8.278
13.266	-1.028915	3.345184	6.005859	6.951206	-0.926	3.361	6.804	7.661
13.274	-0.686142	3.418976	6.439087	7.322706	-0.958	3.407	6.413	7.329
13.294	-0.160080	3.473724	6.624756	7.481963	-0.743	3.415	6.295	7.211
13.315	0.256485	3.518951	6.829468	7.687030	-0.405	3.439	6.475	7.361
13.340	0.504044	3.514191	7.084167	7.923953	-0.021	3.481	6.744	7.604
13.363	0.570694	3.697479	7.545959	8.422503	0.293	3.551	7.021	7.879
13.388	0.530228	3.945038	7.891113	8.838220	0.465	3.669	7.338	8.218
13.394	0.525467	4.394928	7.641174	8.830575	0.533	3.888	7.541	8.504
13.415	0.437393	4.642487	8.050598	9.303555	0.516	4.170	7.782	8.849
13.435	0.415970	4.928131	8.581421	9.904559	0.477	4.478	8.041	9.219
13.465	0.437393	5.089996	9.416931	10.713448	0.454	4.764	8.423	9.688
13.475	0.227921	4.901947	10.752319	11.819196	0.380	4.891	9.200	10.435
13.496	0.456436	5.413727	10.785645	12.076709	0.384	5.083	9.884	11.128
13.515	-0.010117	5.161407	13.482605	14.436789	0.278	5.142	11.109	12.262
13.542	-0.214828	4.361603	14.468079	15.112744	0.115	4.960	12.372	13.361
13.565	-0.336227	3.245209	12.094849	12.527162	-0.026	4.545	12.708	13.538
13.589	-0.305283	2.852448	9.897766	10.305117	-0.217	3.905	12.486	13.095
13.595	-0.526657	3.188080	9.228882	9.778215	-0.346	3.412	11.422	11.931
13.617	-0.933701	3.792694	9.881104	10.625090	-0.525	3.270	10.276	10.809
13.639	-1.195541	3.809357	10.357178	11.100075	-0.740	3.411	9.841	10.452
13.665	-1.243149	3.373749	9.502625	10.160092	-0.975	3.541	9.742	10.416
13.676	-1.414536	2.926239	9.255066	9.809181	-1.197	3.476	9.749	10.424
13.697	-1.324081	2.616791	8.745667	9.224287	-1.294	3.182	9.465	10.073
13.719	-1.047958	2.819122	8.267212	8.797299	-1.257	2.934	8.943	9.498
13.745	-0.557602	2.990509	7.388855	7.990572	-1.086	2.838	8.414	8.955
13.770	-0.002975	3.223785	6.270081	7.050299	-0.733	2.913	7.668	8.266
13.777	0.387405	3.430878	5.798767	6.748830	-0.305	3.116	6.931	7.647
13.798	0.451675	3.578461	5.660706	6.712152	0.070	3.306	6.280	7.125
13.820	0.406448	3.590363	6.079651	7.072345	0.311	3.456	5.952	6.896
13.844	0.266006	3.792694	6.439087	7.477776	0.378	3.598	5.995	7.003
13.873	-0.019638	3.859344	6.893738	7.900541	0.276	3.705	6.268	7.291
13.877	-0.412399	3.952179	7.707825	8.671814	0.060	3.799	6.780	7.781
13.898	-0.755173	4.209259	8.083923	9.145379	-0.230	3.953	7.281	8.299
13.921	-1.019394	4.411591	8.374329	9.520015	-0.552	4.108	7.765	8.809
13.944	-1.026535	4.566315	8.510010	9.712120	-0.803	4.285	8.169	9.262
13.973	-0.940842	4.740082	8.502869	9.780201	-0.935	4.482	8.368	9.539
13.979	-0.648056	4.901947	8.436218	9.778488	-0.909	4.655	8.456	9.698
14.003	-0.514755	5.042389	8.738525	10.102103	-0.783	4.813	8.547	9.843
14.039	-0.607590	4.968597	9.266968	10.532465	-0.678	4.913	8.736	10.048
14.042	-0.562363	4.863861	10.147705	11.267179	-0.583	4.944	9.147	10.420
14.075	-0.348129	5.237579	10.804688	12.012273	-0.508	5.028	9.739	10.979
14.080	-0.371933	5.073334	13.389771	14.323512	-0.473	5.036	10.902	12.034
14.114	-0.300522	4.647247	13.415955	14.201235	-0.396	4.956	11.940	12.951
14.149	-0.152939	3.607025	11.721130	12.264540	-0.293	4.641	12.333	13.200
14.153	0.251724	3.564178	9.452637	10.105398	-0.143	4.223	11.995	12.724
14.173	0.644485	3.935516	8.400513	9.299046	0.111	3.938	10.748	11.468
14.180	0.801590	4.366364	8.976562	10.014307	0.386	3.868	9.638	10.421
14.203	0.851578	4.775787	9.545471	10.707444	0.637	4.160	9.094	10.032
14.221	1.065811	4.237823	9.195557	10.181030	0.841	4.329	9.030	10.050
14.245	1.103897	3.537994	9.431213	10.133300	0.956	4.229	9.287	10.259
14.272	0.865860	2.876251	10.190552	10.624024	0.972	3.857	9.591	10.411
14.280	0.675430	2.769135	9.124146	9.558993	0.928	3.355	9.485	10.124
14.302	0.339798	2.897675	8.012512	8.527153	0.746	3.020	9.190	9.711
14.321	0.039871	3.069061	6.819946	7.478796	0.480	2.903	8.537	9.047
14.345	-0.152939	3.421356	6.072510	6.971689	0.226	3.039	7.507	8.134
14.370	-0.183884	3.488007	5.391724	6.424227	0.011	3.219	6.574	7.350
14.381	0.011307	3.478485	5.120361	6.190160	-0.071	3.364	5.851	6.766
14.402	0.139847	3.402313	6.003479	6.901960	-0.046	3.448	5.647	6.622
14.431	0.492142	3.521332	7.188904	8.020120	0.115	3.473	5.926	6.884
14.457	0.542130	3.552277	8.074402	8.837904	0.296	3.489	6.597	7.488
14.461	0.532608	3.604645	8.674255	9.408499	0.427	3.520	7.485	8.292
14.488	0.482620	3.726044	9.105103	9.849833	0.512	3.601	8.261	9.029
14.514	0.380264	3.978363	9.090820	9.930508	0.484	3.715	8.736	9.507
14.538	0.351700	4.280670	8.812317	9.803303	0.437	3.897	8.921	9.748
14.542	0.425491	4.747223	8.655212	9.880783	0.410	4.183	8.916	9.866
14.566	0.218399	5.023346	9.438354	10.694122	0.344	4.507	8.999	10.077
14.594	-0.002975	5.244720	9.807312	11.121622	0.248	4.824	9.178	10.375
14.604	-0.117233	5.149506	9.938232	11.193731	0.131	5.041	9.460	10.723
14.624	-0.217209	5.582733	9.902527	11.369878	-0.030	5.250	9.772	11.095
14.648	-0.562363	5.863617	11.785400	13.175504	-0.225	5.460	10.358	11.715
14.673	-0.602829	5.161407	13.270752	14.251890	-0.375	5.439	11.224	12.498
14.683	-0.493332	3.806976	11.961548	12.562447	-0.469	5.104	11.730	12.840
14.705	-0.452866	2.938141	9.414551	9.872767	-0.528	4.443	11.608	12.466
14.725	-0.652817	3.609406	8.038696	8.835984	-0.550	3.879	10.671	11.381
14.755	-1.052719	4.261627	8.957520	9.975312	-0.663	3.654	9.593	10.312
14.776	-1.188400	4.628204	9.671631	10.787633	-0.837	3.859	9.021	9.868
14.784	-0.874191	4.064056	9.973938	10.805563	-0.942	4.141	9.160	10.101
14.805	-0.702805	3.173798	9.859680	10.381725	-0.955	4.032	9.616	10.488
14.835	-0.888474	2.623932	9.604980	9.996502	-0.913	3.622	9.778	10.493
14.861	-0.786118	2.466827	8.886108	9.255600	-0.813	3.082	9.581	10.110
14.865	-0.695663	2.857208	8.417175	8.916077	-0.768	2.780	9.192	9.637
14.887	-0.271957	3.130951	7.355530	7.998789	-0.661	2.770	8.566	9.042
14.915	0.018448	3.411835	6.567627	7.400992	-0.434	2.967	7.807	8.393
14.940	0.213638	3.668915	5.824951	6.887426	-0.184	3.267	7.041	7.801
14.945	0.351700	3.759369	5.617859	6.768817	0.078	3.493	6.341	7.264
14.968	0.232681	3.802216	5.727356	6.878488	0.204	3.661	5.934	6.984
14.994	-0.055344	3.961700	6.510498	7.621333	0.186	3.798	5.920	7.039
15.019	-0.402878	4.047394	7.219849	8.286732	0.032	3.893	6.269	7.389
15.046	-0.500473	4.121185	7.586426	8.648034	-0.182	3.983	6.761	7.859
15.049	-0.476669	4.183075	8.083923	9.114557	-0.359	4.078	7.350	8.418
15.073	-0.617111	4.632965	8.655212	9.836559	-0.499	4.246	7.886	8.971
15.087	-0.752792	4.906708	8.440979	9.792477	-0.587	4.461	8.192	9.348
15.107	-0.562363	5.159027	8.219604	9.720788	-0.602	4.720	8.350	9.616
15.128	-0.333847	5.370880	8.438599	10.008384	-0.567	5.017	8.439	9.840
15.155	-0.148178	5.397064	9.364563	10.809500	-0.449	5.208	8.616	10.083
15.180	-0.269577	5.254242	10.219116	11.493914	-0.328	5.295	9.060	10.508
15.188	-0.324326	5.647003	10.557129	11.976928	-0.269	5.417	9.645	11.072
15.208	-0.357651	5.561310	11.875854	13.118384	-0.275	5.465	10.504	11.850
15.237	-0.257675	4.749603	12.663757	13.527596	-0.302	5.303	11.329	12.529
15.264	-0.124374	3.999786	11.302185	11.989710	-0.266	4.989	11.600	12.653
15.267	0.220779	3.685577	9.419312	10.117097	-0.130	4.499	11.315	12.188
15.293	0.944412	4.316376	8.402893	9.493768	0.196	4.188	10.447	11.282
15.320	1.103897	4.868622	9.388367	10.633132	0.536	4.218	9.628	10.558
15.345	1.032486	5.004303	10.304810	11.502094	0.825	4.469	9.379	10.437
15.349	1.065811	4.240204	10.352417	11.237785	1.037	4.607	9.612	10.717
15.374	0.811111	3.573700	10.940369	11.537803	1.003	4.422	10.246	11.228
15.395	0.337418	3.304718	9.807312	10.354631	0.812	4.031	10.351	11.158
15.424	-0.262436	3.266632	8.288635	8.912981	0.488	3.596	9.847	10.511
15.449	-0.778976	3.423737	6.938965	7.776761	0.027	3.392	8.994	9.646
15.452	-1.095566	3.485626	5.889221	6.930569	-0.450	3.370	7.731	8.494
15.476	-1.081284	3.657013	5.620239	6.791908	-0.805	3.458	6.684	7.603
15.489	-0.788498	3.742706	5.389343	6.608676	-0.936	3.577	5.959	7.027
15.510	-0.529037	3.816498	5.132263	6.417606	-0.874	3.675	5.508	6.687
15.531	-0.671860	3.971222	5.520264	6.833397	-0.768	3.797	5.416	6.663
15.557	-0.490952	4.061676	6.367676	7.568721	-0.620	3.898	5.602	6.857
15.571	-0.350510	3.895050	6.572388	7.647912	-0.511	3.936	5.898	7.117
15.591	0.054153	3.787933	7.462646	8.369138	-0.365	3.929	6.481	7.605
15.614	0.315994	3.828400	8.050598	8.920125	-0.118	3.893	7.113	8.126
15.640	0.380264	4.199738	8.095825	9.128241	0.100	3.928	7.545	8.516
15.668	0.280289	4.597260	8.748047	9.886439	0.258	4.103	8.089	9.076
15.672	-0.052963	5.037628	9.897766	11.106137	0.231	4.416	8.698	9.760
15.694	-0.329086	5.189972	10.980835	12.150014	0.070	4.756	9.431	10.568
15.723	-0.481430	5.316132	11.523560	12.699821	-0.146	5.035	10.288	11.461
15.748	-0.629013	5.511322	12.435242	13.616371	-0.373	5.264	11.209	12.393
15.752	-0.728989	5.051910	13.806335	14.719651	-0.542	5.267	12.186	13.296
15.775	-0.705185	4.654388	12.620911	13.470263	-0.636	5.133	12.597	13.627
15.801	-0.690903	3.978363	10.821350	11.550166	-0.689	4.799	12.421	13.339
15.828	-0.643295	3.783173	8.667114	9.478665	-0.692	4.367	11.479	12.305
15.832	-1.112228	3.928375	7.962524	8.948239	-0.788	4.086	10.018	10.862
15.856	-1.407394	4.045013	8.655212	9.656894	-0.963	3.934	9.027	9.908
15.884	-0.800400	3.899811	8.514771	9.399494	-0.991	3.914	8.450	9.371
15.893	-1.031296	3.668915	9.402649	10.145655	-1.088	3.886	8.634	9.538
15.913	-0.828964	2.771515	10.511902	10.902686	-1.017	3.596	9.271	10.026
15.939	-0.538559	2.454926	11.033203	11.315842	-0.800	3.199	9.866	10.441
15.965	-0.338608	2.216888	9.714478	9.969971	-0.684	2.778	10.166	10.584
15.973	-0.345749	2.626312	8.686157	9.081100	-0.513	2.517	9.986	10.317
15.994	0.039871	3.238068	7.512634	8.180852	-0.296	2.634	9.237	9.637
16.016	0.304092	3.692719	6.370056	7.369278	-0.085	2.943	8.071	8.650
16.043	0.485001	3.916473	5.982056	7.166518	0.121	3.368	7.138	7.949
16.069	0.530228	4.071198	5.667847	6.998591	0.340	3.730	6.383	7.429
16.073	0.437393	3.842682	5.736877	6.918763	0.439	3.881	5.939	7.113
16.097	0.116043	3.833160	5.905884	7.041736	0.392	3.916	5.823	7.031
16.125	-0.150558	3.940277	6.446228	7.556607	0.233	3.922	5.939	7.129
16.150	-0.557602	4.040253	7.429321	8.475221	-0.039	3.914	6.380	7.498
16.154	-0.843246	4.040253	8.379089	9.340441	-0.359	3.963	7.040	8.103
16.180	-0.819443	4.116425	8.460022	9.443961	-0.593	4.034	7.679	8.704
16.201	-0.745651	4.149750	8.048218	9.085716	-0.741	4.087	8.079	9.086
16.230	-0.581406	4.563934	8.326721	9.513244	-0.747	4.218	8.304	9.346
16.234	-0.421921	5.073334	8.355286	9.784045	-0.642	4.476	8.298	9.457
16.258	-0.300522	5.411346	8.393372	9.991080	-0.512	4.800	8.281	9.594
16.285	-0.512375	5.404205	8.633789	10.198543	-0.454	5.113	8.427	9.872
16.295	-0.726608	5.292328	9.250305	10.681987	-0.490	5.295	8.658	10.164
16.315	-0.902756	5.497040	9.838257	11.305915	-0.611	5.401	9.029	10.544
16.342	-1.076523	5.849335	12.330505	13.689959	-0.805	5.511	10.013	11.469
16.368	-0.993210	5.242340	14.396667	15.353587	-0.925	5.470	11.454	12.758
16.376	-0.693283	4.004547	13.330261	13.936029	-0.916	5.148	12.474	13.571
16.396	-0.279099	3.014313	10.383362	10.815645	-0.761	4.528	12.610	13.449
16.418	0.304092	3.390411	8.264832	8.938389	-0.415	3.913	11.594	12.261
16.445	0.832535	3.823639	8.110107	9.004842	0.041	3.558	10.022	10.674
16.471	0.944412	4.368744	8.962280	10.015004	0.450	3.649	8.930	9.693
16.476	0.934891	3.904572	9.940613	10.720797	0.754	3.872	8.819	9.670
16.499	0.984879	2.961945	10.640442	11.088828	0.924	3.765	9.413	10.207
16.527	0.984879	2.152618	11.095093	11.344815	0.962	3.347	10.160	10.792
16.552	0.753983	2.026459	10.192932	10.419736	0.915	2.761	10.467	10.894
16.556	0.327896	2.750092	9.338379	9.740423	0.763	2.473	10.317	10.648
16.578	-0.305283	3.207123	8.874207	9.440889	0.440	2.534	9.875	10.236
16.605	-0.731369	3.495148	7.969666	8.733071	0.011	2.870	9.094	9.584
16.631	-0.736130	3.523712	7.174622	8.027056	-0.361	3.244	8.339	8.985
16.638	-0.798019	3.552277	6.696167	7.621952	-0.643	3.445	7.679	8.456
16.662	-0.490952	3.359467	6.874695	7.667365	-0.689	3.483	7.179	8.012
16.683	-0.200546	3.257111	6.812805	7.554025	-0.556	3.423	6.890	7.718
16.708	0.075577	3.373749	7.141296	7.898481	-0.353	3.386	6.881	7.685
16.733	0.070816	3.685577	7.648315	8.490302	-0.136	3.419	7.119	7.903
16.738	0.189835	3.637970	8.217224	8.988528	0.034	3.489	7.455	8.233
16.758	0.289810	3.707001	8.279114	9.075768	0.157	3.601	7.821	8.613
16.782	0.413589	3.942657	8.248169	9.151388	0.241	3.743	8.098	8.926
16.808	0.277908	4.173553	8.562378	9.529433	0.293	3.865	8.327	9.186
16.834	-0.121994	4.513947	9.109863	10.167606	0.215	4.084	8.550	9.481
16.838	-0.241013	4.668671	8.914673	10.066080	0.082	4.325	8.709	9.729
16.860	-0.012497	4.287811	8.833740	9.819391	-0.024	4.411	8.855	9.896
16.883	-1.554977	4.099762	8.314819	9.400119	-0.483	4.393	8.793	9.863
16.907	-0.074387	4.252106	9.926331	10.798980	-0.471	4.327	8.997	10.021
16.933	0.261246	4.944794	11.849670	12.842661	-0.345	4.396	9.731	10.715
16.939	-0.031540	4.999542	13.739685	14.621059	-0.350	4.574	10.958	11.916
16.960	-1.397873	4.018829	13.089844	13.764049	-0.311	4.554	12.151	13.007
16.981	-1.355026	2.678680	9.957275	10.399940	-0.631	4.160	12.159	12.907
17.006	-1.571640	2.402557	8.464783	8.938394	-1.089	3.525	11.313	11.931
17.032	-1.064621	2.650116	9.014648	9.456237	-1.347	2.938	10.132	10.640
17.039	-0.817062	2.335907	8.840881	9.180699	-1.202	2.517	9.069	9.494
17.060	-0.440964	2.761993	9.019409	9.443135	-0.974	2.538	8.835	9.255
17.095	-0.148178	2.995270	8.407654	8.926491	-0.618	2.686	8.821	9.252
17.106	-0.633774	2.721527	9.017029	9.440084	-0.510	2.704	8.821	9.248
17.134	-0.279099	2.616791	8.724243	9.112514	-0.376	2.774	8.792	9.231
17.140	-0.617111	2.274017	9.835876	10.114171	-0.420	2.652	8.996	9.398
17.161	-0.650436	2.254974	9.997742	10.269509	-0.545	2.467	9.394	9.734
17.182	-0.619492	2.400177	9.505005	9.822919	-0.542	2.386	9.516	9.830
17.209	-0.586166	2.716766	9.309814	9.715815	-0.618	2.411	9.662	9.981
17.228	-0.581406	2.950043	9.247925	9.724449	-0.609	2.580	9.515	9.883
17.254	-0.531418	3.107147	8.938477	9.478034	-0.580	2.794	9.250	9.685
17.262	-0.269577	3.338043	8.881348	9.491762	-0.492	3.028	9.094	9.603
17.284	-0.148178	3.733185	8.821838	9.580368	-0.383	3.282	8.972	9.569
17.302	-0.352890	3.576080	8.529053	9.255140	-0.326	3.439	8.793	9.451
17.327	-0.514755	3.349945	8.867065	9.492732	-0.321	3.499	8.775	9.455
17.349	-0.502853	3.266632	8.931335	9.523261	-0.380	3.481	8.787	9.463
17.374	-0.279099	3.299957	8.881348	9.478710	-0.412	3.373	8.802	9.437
17.382	-0.362411	3.373749	8.909912	9.534152	-0.415	3.323	8.897	9.507
17.402	-0.455246	3.390411	8.898010	9.532928	-0.400	3.333	8.905	9.517
17.423	-0.586166	3.404694	8.950378	9.593999	-0.421	3.367	8.910	9.535
17.451	-0.621872	3.376129	9.036072	9.666208	-0.506	3.386	8.949	9.582
17.470	-0.498093	3.473724	8.786133	9.461025	-0.540	3.411	8.918	9.564
17.484	-0.336227	3.445160	8.888489	9.538732	-0.511	3.425	8.915	9.565
17.504	-0.264816	3.547516	8.852783	9.540795	-0.430	3.461	8.891	9.552
17.528	-0.348129	3.576080	9.050354	9.737477	-0.362	3.511	8.894	9.570
17.560	-0.367172	3.537994	9.040833	9.715394	-0.329	3.527	8.958	9.633
17.563	-0.517136	3.811737	9.155090	9.930380	-0.374	3.618	9.025	9.731
17.585	-0.595688	3.909332	9.007507	9.837322	-0.457	3.709	9.063	9.805
17.608	-0.814682	4.142609	9.126526	10.055764	-0.574	3.850	9.082	9.885
17.634	-0.933701	4.264008	9.102722	10.095202	-0.715	4.032	9.098	9.980
17.659	-0.933701	4.173553	8.914673	9.887453	-0.819	4.122	9.038	9.969
17.664	-0.807541	4.140228	8.755188	9.718381	-0.872	4.180	8.975	9.939
17.685	-0.643295	4.256866	8.609985	9.626349	-0.830	4.209	8.846	9.832
17.705	-0.602829	4.392548	8.531433	9.614740	-0.747	4.241	8.703	9.712
17.733	-0.600449	4.335419	8.609985	9.658584	-0.664	4.281	8.627	9.655
17.753	-0.509995	4.259247	8.776611	9.768837	-0.589	4.311	8.632	9.667
17.765	-0.426682	4.125946	8.781372	9.711744	-0.535	4.278	8.675	9.688
17.790	-0.386215	4.030731	8.769470	9.659170	-0.481	4.188	8.734	9.700
17.825	-0.367172	4.130707	8.717102	9.653260	-0.423	4.137	8.761	9.698
17.828	-0.362411	4.216400	8.640930	9.621593	-0.386	4.126	8.727	9.661
17.863	-0.495712	4.328278	8.559998	9.604857	-0.403	4.177	8.672	9.635
17.866	-0.488571	4.416351	8.400513	9.503235	-0.428	4.273	8.580	9.596
17.890	-0.500473	4.313995	8.574280	9.611415	-0.462	4.319	8.544	9.585
17.915	-0.576645	4.240204	8.586182	9.593454	-0.515	4.325	8.530	9.578
17.942	-0.821823	4.342560	8.590942	9.661134	-0.597	4.328	8.538	9.592
17.946	-1.031296	4.483002	8.921814	10.037910	-0.733	4.345	8.668	9.726
17.967	-0.886093	4.413971	8.655212	9.756075	-0.829	4.370	8.689	9.762
17.987	-0.802780	4.340179	7.831604	8.989752	-0.885	4.395	8.500	9.611
18.007	-0.712326	4.323517	8.493347	9.557048	-0.858	4.390	8.475	9.585
18.027	-0.738510	4.549652	9.190796	10.281802	-0.785	4.407	8.543	9.646
18.048	-0.728989	4.668671	9.252686	10.389423	-0.746	4.471	8.692	9.805
18.072	-0.514755	4.830536	8.826599	10.075113	-0.674	4.593	8.941	10.076
