2016-03-03 20:36:31	Start
2016-03-03 20:36:44	End


Time (s)	X	Y	Z	|V|	MAx	MAy	MAz	MAv
0.000	-0.045822	9.884064	1.495056	9.996600	-0.046	9.884	1.495	9.997
0.020	0.023209	9.610321	1.623596	9.746531	-0.029	9.816	1.527	9.934
0.040	0.249344	9.427032	1.740234	9.589553	0.045	9.701	1.588	9.832
0.059	0.268387	9.462738	1.614075	9.603160	0.124	9.596	1.618	9.734
0.081	0.275528	9.598419	1.554565	9.727396	0.204	9.525	1.633	9.667
0.101	0.137466	9.629364	1.199890	9.704807	0.233	9.529	1.527	9.656
0.121	0.127945	9.510345	1.199890	9.586594	0.202	9.550	1.392	9.655
0.141	-0.033920	9.486542	1.183228	9.560107	0.127	9.556	1.284	9.645
0.163	-0.136276	9.717438	1.073730	9.777529	0.024	9.586	1.164	9.657
0.185	-0.314804	9.774567	1.345093	9.871703	-0.089	9.622	1.200	9.699
0.202	-0.102951	9.612701	1.614075	9.747813	-0.147	9.648	1.304	9.739
0.222	0.047012	9.310394	1.440308	9.421260	-0.127	9.604	1.368	9.705
0.242	-0.455246	9.241364	1.516479	9.376021	-0.206	9.485	1.479	9.604
0.262	-0.655197	9.250885	1.297485	9.364381	-0.292	9.354	1.467	9.477
0.283	-0.481430	9.312775	1.071350	9.386551	-0.386	9.279	1.331	9.387
0.304	-0.426682	9.679352	1.035645	9.743945	-0.505	9.371	1.230	9.468
0.338	0.149368	9.536530	1.237976	9.617707	-0.353	9.445	1.161	9.528
0.343	0.380264	9.334198	1.047546	9.400489	-0.095	9.466	1.098	9.537
0.374	0.051773	9.591278	0.557190	9.607588	0.039	9.535	0.970	9.592
0.382	-0.488571	9.843597	0.145386	9.856787	0.023	9.576	0.747	9.621
0.402	-0.733749	10.174469	0.088257	10.201275	-0.198	9.736	0.460	9.767
0.422	-0.283859	10.091156	0.145386	10.096194	-0.364	9.925	0.234	9.940
0.442	-0.019638	9.872162	0.469116	9.883321	-0.381	9.995	0.212	10.009
0.462	0.232681	9.465118	0.995178	9.520136	-0.201	9.901	0.424	9.925
0.483	0.118423	9.017609	1.180847	9.095367	0.012	9.612	0.698	9.649
0.504	-0.167221	8.720062	0.719055	8.751256	0.041	9.269	0.841	9.313
0.522	-0.264816	8.962860	-0.047424	8.966897	-0.020	9.041	0.712	9.083
0.542	-0.717087	9.210419	-0.161682	9.239706	-0.258	8.978	0.423	9.013
0.569	-0.967026	9.860260	-0.175964	9.909128	-0.529	9.188	0.083	9.217
0.583	-0.414780	9.693634	-0.002197	9.702504	-0.591	9.432	-0.097	9.455
0.604	-0.526657	9.679352	-0.504456	9.706786	-0.656	9.611	-0.211	9.640
0.624	-0.824203	9.622223	-0.225952	9.660101	-0.683	9.714	-0.227	9.745
0.644	-0.586166	10.107819	0.064453	10.125006	-0.588	9.776	-0.167	9.799
0.663	-0.390976	10.193512	0.673828	10.223238	-0.582	9.901	0.002	9.929
0.684	-0.176743	10.107819	0.797607	10.140780	-0.495	10.008	0.327	10.037
0.704	-0.421921	10.450592	1.078491	10.514563	-0.394	10.215	0.654	10.251
0.724	-0.821823	11.076630	1.073730	11.158854	-0.453	10.457	0.906	10.509
0.744	-1.345505	11.831207	0.759521	11.931669	-0.691	10.867	0.927	10.936
0.765	-2.090561	12.243011	0.454834	12.428541	-1.170	11.400	0.842	11.508
0.785	-2.530930	11.940704	0.333435	12.210536	-1.697	11.773	0.655	11.932
0.806	-1.973923	11.374176	0.445312	11.552773	-1.985	11.847	0.498	12.031
0.825	-0.790878	11.393219	0.828552	11.450651	-1.847	11.738	0.516	11.911
0.845	0.063675	11.143280	1.059448	11.193711	-1.308	11.463	0.667	11.602
0.865	0.385025	10.310150	1.797363	10.472724	-0.579	11.055	1.033	11.167
0.886	0.563553	9.103302	2.482910	9.452647	0.055	10.487	1.542	10.642
0.905	0.665909	7.915497	2.625732	8.366182	0.420	9.618	1.991	9.871
0.925	0.446915	7.427521	2.794739	7.948482	0.515	8.689	2.425	9.060
0.945	0.570694	7.553680	2.418640	7.951956	0.562	8.000	2.581	8.430
0.966	0.877762	7.908356	2.209167	8.257904	0.640	7.701	2.512	8.131
0.987	1.220535	9.012848	1.833069	9.278000	0.779	7.976	2.314	8.359
1.008	1.111038	10.374420	1.471252	10.536963	0.945	8.712	1.983	9.006
1.027	0.356461	11.447968	1.347473	11.532506	0.891	9.686	1.715	9.901
1.048	-0.093430	10.702911	1.280823	10.779682	0.649	10.385	1.483	10.532
1.066	-0.000595	9.224701	1.199890	9.302411	0.343	10.438	1.325	10.538
1.087	0.313614	8.153534	1.295105	8.261705	0.144	9.882	1.281	9.969
1.107	0.125565	7.770294	1.076111	7.845461	0.086	8.963	1.213	9.047
1.131	-0.264816	7.539398	0.985657	7.608165	0.043	8.172	1.139	8.254
1.147	-0.648056	7.539398	1.073730	7.642997	-0.118	7.751	1.108	7.840
1.168	-0.740891	7.294220	0.933289	7.390913	-0.382	7.536	1.017	7.622
1.188	-0.819443	7.215668	0.657166	7.291722	-0.618	7.397	0.912	7.483
1.208	-0.598068	8.127350	0.483398	8.163650	-0.702	7.544	0.787	7.622
1.229	-0.505234	9.360382	0.554810	9.390412	-0.666	7.999	0.657	8.059
1.249	-0.371933	9.955475	0.854736	9.999020	-0.574	8.665	0.638	8.711
1.268	-0.302902	9.898346	1.097534	9.963613	-0.445	9.335	0.748	9.379
1.289	-0.398117	9.662689	1.261780	9.752853	-0.395	9.719	0.942	9.776
1.309	-0.162460	10.493439	1.302246	10.575183	-0.309	10.002	1.129	10.073
1.334	-0.245773	11.864532	1.380798	11.947140	-0.277	10.480	1.261	10.560
1.349	-0.145798	13.128510	1.683105	13.236761	-0.238	11.287	1.407	11.378
1.369	-0.005356	14.197296	1.787842	14.309424	-0.140	12.421	1.538	12.517
1.389	0.373123	14.704315	2.699524	14.954716	-0.006	13.474	1.888	13.612
1.410	0.220779	15.627899	3.427917	16.000956	0.111	14.415	2.400	14.625
1.430	-0.069626	13.242767	2.794739	13.534633	0.130	14.443	2.678	14.700
1.451	-1.207443	10.241119	2.171082	10.538123	-0.171	13.454	2.773	13.757
1.472	-1.366928	7.529877	2.328186	7.999249	-0.606	11.660	2.680	12.018
1.495	-0.631393	6.234955	2.190125	6.638521	-0.819	9.312	2.371	9.678
1.515	-0.400497	6.030243	2.132996	6.408892	-0.902	7.509	2.206	7.896
1.539	-0.893234	6.637238	2.071106	7.010012	-0.823	6.608	2.181	7.014
1.563	-1.338364	7.636993	1.666443	7.930442	-0.816	6.635	2.015	6.997
1.571	-1.405014	8.320160	1.392700	8.552119	-1.009	7.156	1.816	7.475
1.593	-1.216965	8.646271	1.561707	8.870058	-1.213	7.810	1.673	8.091
1.616	-0.724228	8.420135	1.883057	8.658469	-1.171	8.256	1.626	8.503
1.640	-0.345749	7.951202	1.809265	8.161777	-0.923	8.334	1.662	8.561
1.664	-0.438583	7.860748	1.633118	8.040572	-0.681	8.220	1.722	8.433
1.679	-0.681381	7.756012	1.240356	7.884065	-0.547	7.997	1.641	8.186
1.691	-0.928940	7.715546	1.135620	7.853802	-0.599	7.821	1.455	7.985
1.711	-0.974167	7.451324	0.776184	7.554714	-0.756	7.696	1.196	7.833
1.736	-0.990829	7.546539	0.683350	7.641922	-0.894	7.617	0.959	7.734
1.751	-0.997971	8.032135	0.647644	8.119765	-0.973	7.686	0.811	7.793
1.777	-0.947983	8.503448	0.761902	8.589983	-0.978	7.883	0.717	7.977
1.803	-0.881332	8.715302	0.847595	8.800662	-0.955	8.199	0.735	8.288
1.826	-0.590927	9.343719	0.580994	9.380397	-0.855	8.649	0.710	8.723
1.854	-0.540939	10.633881	0.980896	10.692717	-0.740	9.299	0.793	9.366
1.859	-0.812302	12.490570	2.254395	12.718352	-0.706	10.296	1.166	10.398
1.879	-0.679001	14.078278	2.173462	14.261237	-0.656	11.637	1.497	11.763
1.908	-0.848007	14.668610	1.323669	14.752604	-0.720	12.968	1.683	13.106
1.916	-1.569260	14.609100	2.754272	14.949060	-0.977	13.962	2.126	14.170
1.935	-0.390976	14.123505	3.377930	14.527101	-0.872	14.370	2.407	14.623
1.962	0.846817	11.374176	4.196777	12.153268	-0.490	13.694	2.913	14.096
1.981	1.987015	8.953339	3.542175	9.831455	0.218	12.265	3.468	12.865
1.994	2.729691	7.463226	2.392456	8.299084	1.293	10.479	3.377	11.203
2.014	2.141739	8.372528	1.637878	8.795960	1.926	9.041	2.942	9.770
2.033	0.982498	10.093536	1.530762	10.256121	1.960	8.721	2.276	9.296
2.055	-0.440964	11.421783	2.449585	11.689827	1.353	9.338	2.003	9.760
2.074	-1.157455	10.933807	2.618591	11.302427	0.381	10.205	2.059	10.511
2.096	-0.745651	8.708160	2.225830	9.019000	-0.340	10.289	2.206	10.567
2.114	-0.336227	6.906219	2.149658	7.240853	-0.670	9.492	2.361	9.813
2.140	0.194595	6.432526	1.595032	6.630187	-0.511	8.245	2.147	8.548
2.157	0.632584	6.563446	0.978516	6.666069	-0.064	7.153	1.737	7.389
2.180	0.294571	6.853851	0.735718	6.899517	0.196	6.689	1.365	6.859
2.198	0.244583	7.268036	0.502441	7.289487	0.342	6.779	0.953	6.871
2.227	0.558792	7.470367	0.388184	7.501288	0.433	7.039	0.651	7.089
2.248	0.532608	7.453705	0.566711	7.494168	0.408	7.261	0.548	7.296
2.254	0.077957	7.917877	0.561951	7.938176	0.353	7.527	0.505	7.556
2.275	-0.276718	8.646271	0.833313	8.690741	0.223	7.872	0.588	7.906
2.296	0.254105	9.419891	1.447449	9.533836	0.147	8.359	0.852	8.414
2.315	0.775406	10.376801	2.135376	10.622574	0.208	9.090	1.245	9.196
2.341	0.642105	11.114716	2.401978	11.389412	0.349	9.889	1.705	10.059
2.360	0.399307	11.724091	2.380554	11.969995	0.518	10.659	2.091	10.879
2.384	-0.067245	12.026398	2.049683	12.199999	0.437	11.311	2.242	11.545
2.396	-0.933701	12.359650	0.992798	12.434564	0.010	11.806	1.956	11.998
2.417	-1.164597	12.647675	1.097534	12.748511	-0.442	12.189	1.630	12.338
2.436	-1.531174	13.266571	2.011597	13.505293	-0.924	12.575	1.538	12.722
2.461	-0.421921	11.866913	3.627869	12.416243	-1.013	12.535	1.932	12.776
2.487	0.101761	9.277069	4.361023	10.251482	-0.754	11.765	2.775	12.230
2.498	0.037491	8.034515	3.680237	8.837363	-0.453	10.611	3.420	11.253
2.517	-0.636154	7.934540	3.025635	8.515638	-0.230	9.278	3.674	10.005
2.544	-1.176498	8.462982	2.675720	8.953530	-0.418	8.427	3.436	9.140
2.568	-2.540451	10.022125	2.554321	10.649950	-1.079	8.614	2.984	9.239
2.577	-2.376205	10.724335	2.699524	11.311284	-1.682	9.286	2.739	9.858
2.600	-1.295517	10.514862	2.894714	10.982717	-1.847	9.931	2.706	10.474
2.621	0.106522	9.217560	2.463867	9.541771	-1.526	10.120	2.653	10.621
2.645	0.908707	7.925018	1.935425	8.208382	-0.664	9.595	2.498	10.011
2.671	1.013443	7.187103	1.268921	7.368289	0.183	8.711	2.141	9.025
2.678	0.573074	7.179962	0.842834	7.251941	0.650	7.877	1.628	8.093
2.702	0.151749	7.215668	0.742859	7.255393	0.662	7.377	1.198	7.521
2.726	-0.024399	7.103790	0.723816	7.140612	0.428	7.172	0.895	7.254
2.752	-0.083908	6.951447	0.666687	6.983847	0.154	7.113	0.744	7.158
2.758	-0.207687	7.001434	0.723816	7.041813	-0.041	7.068	0.714	7.105
2.779	-0.452866	7.520355	0.542908	7.553514	-0.192	7.144	0.664	7.180
2.805	-0.864670	8.379669	-0.271179	8.428526	-0.402	7.463	0.416	7.502
2.834	-1.224106	8.881927	0.550049	8.982740	-0.687	7.946	0.386	8.002
2.856	-0.824203	9.227081	1.428406	9.373297	-0.841	8.502	0.563	8.585
2.859	0.242203	9.617462	1.706909	9.770761	-0.668	9.027	0.854	9.139
2.886	-0.086288	10.671967	2.109192	10.878741	-0.473	9.600	1.449	9.751
2.908	-1.026535	12.145416	2.113953	12.370679	-0.424	10.415	1.840	10.598
2.935	-1.804916	13.397491	1.328430	13.583638	-0.669	11.458	1.815	11.651
2.939	-2.497604	14.354401	1.990173	14.705360	-1.354	12.642	1.885	12.885
2.969	-1.519272	14.804291	3.239868	15.230626	-1.712	13.675	2.168	13.973
2.980	-0.138657	13.816437	3.706421	14.305618	-1.490	14.093	2.566	14.456
3.003	0.618301	10.243500	4.006348	11.016461	-0.884	13.305	3.236	13.815
3.024	1.225296	7.763153	3.675476	8.676233	0.046	11.657	3.657	12.307
3.051	2.486893	7.782196	2.513855	8.547905	1.048	9.901	3.476	10.637
3.075	1.339554	10.110199	1.849731	10.364943	1.418	8.975	3.011	9.651
3.081	0.187454	11.702667	2.209167	11.910835	1.310	9.340	2.562	9.875
3.105	-1.269333	9.960236	2.080627	10.254097	0.686	9.889	2.163	10.269
3.129	-1.133652	7.770294	2.075867	8.122306	-0.219	9.886	2.054	10.163
3.169	-0.667099	6.399200	1.706909	6.656450	-0.721	8.958	2.018	9.236
3.172	-0.052963	5.951691	1.330811	6.098892	-0.781	7.520	1.799	7.783
3.181	0.251724	6.170685	1.235596	6.298207	-0.400	6.573	1.587	6.794
3.219	0.406448	6.408722	0.902344	6.484685	-0.015	6.233	1.294	6.385
3.222	0.425491	6.577728	0.826172	6.643050	0.258	6.277	1.074	6.381
3.247	0.242203	6.563446	0.502441	6.587104	0.331	6.430	0.867	6.503
3.270	-0.105331	7.206146	0.231079	7.210620	0.242	6.689	0.616	6.731
3.294	-0.590927	8.222565	0.435791	8.255282	-0.007	7.142	0.499	7.174
3.302	-0.557602	8.950958	1.059448	9.030670	-0.253	7.736	0.557	7.771
3.322	-0.026779	9.510345	1.285583	9.596880	-0.320	8.473	0.753	8.523
3.347	0.504044	10.107819	1.449829	10.223701	-0.168	9.198	1.058	9.277
3.370	-0.024399	10.788605	1.597412	10.906251	-0.026	9.839	1.348	9.939
3.396	-0.176743	11.645538	1.633118	11.760819	0.069	10.513	1.491	10.622
3.403	-0.238632	12.792877	1.297485	12.860720	0.016	11.334	1.494	11.438
3.423	-0.640915	13.556976	1.207031	13.625685	-0.270	12.196	1.434	12.288
3.443	-1.212204	14.321075	1.661682	14.468028	-0.567	13.079	1.450	13.179
3.468	-0.360031	14.554352	2.720947	14.810886	-0.613	13.806	1.722	13.941
3.494	0.701614	12.678619	3.127991	13.077614	-0.378	13.778	2.179	13.996
3.504	0.468338	9.503204	4.377686	10.473507	-0.101	12.764	2.972	13.208
3.524	0.511185	7.101410	4.929932	8.659998	0.330	10.959	3.789	11.756
3.548	0.061295	6.534882	3.661194	7.490846	0.436	8.955	4.024	9.925
3.573	-2.223862	7.994049	1.628357	8.455881	-0.296	7.783	3.649	8.770
3.583	-3.471176	10.512482	2.049683	11.258887	-1.281	8.036	3.067	8.966
3.606	-2.628525	12.054962	2.580505	12.605169	-2.066	9.274	2.480	9.953
3.635	-0.750412	11.214691	2.347229	11.482243	-2.268	10.444	2.151	10.951
3.660	0.175552	9.486542	2.163940	9.731800	-1.669	10.817	2.285	11.270
3.664	0.825394	8.163055	1.692627	8.377454	-0.594	10.230	2.196	10.549
3.687	1.072952	7.560822	1.130859	7.719851	0.331	9.106	1.834	9.328
3.714	0.480240	7.046661	0.166809	7.064976	0.639	8.064	1.289	8.224
3.740	-0.062485	6.680084	-0.268799	6.685782	0.579	7.363	0.680	7.462
3.745	-0.302902	6.618195	-0.161682	6.627095	0.297	6.976	0.217	7.024
3.768	-0.705185	6.625336	-0.023621	6.662801	-0.148	6.743	-0.072	6.760
3.794	-0.650436	7.001434	0.043030	7.031714	-0.430	6.731	-0.103	6.752
3.807	-0.707565	7.529877	0.221558	7.566292	-0.592	6.944	0.020	6.972
3.826	-0.924179	8.246368	0.114441	8.298783	-0.747	7.351	0.089	7.390
3.848	-0.840866	8.579620	0.262024	8.624709	-0.781	7.839	0.160	7.880
3.875	-0.474289	9.136627	0.297729	9.153773	-0.737	8.373	0.224	8.411
3.886	-0.248154	9.572235	0.266785	9.579167	-0.622	8.884	0.235	8.914
3.909	-0.157700	10.222076	0.428650	10.232275	-0.430	9.378	0.314	9.397
3.927	-0.419540	11.328949	0.766663	11.362608	-0.325	10.065	0.440	10.082
3.953	-0.864670	12.471527	0.702393	12.521182	-0.423	10.899	0.541	10.924
3.981	-1.797775	13.259430	-0.797241	13.404479	-0.810	11.820	0.275	11.880
3.987	-2.790390	13.637909	-1.558960	14.007469	-1.468	12.674	-0.222	12.824
4.010	-0.945602	14.344879	0.702393	14.393161	-1.600	13.428	-0.238	13.582
4.048	1.484756	14.359161	2.292480	14.616616	-1.012	13.900	0.160	14.105
4.052	1.306229	11.100433	2.770935	11.515378	-0.236	13.361	1.052	13.633
4.074	1.068192	8.370148	3.763550	9.239303	0.728	12.044	2.382	12.441
4.087	2.208389	7.027618	2.178223	7.681735	1.517	10.214	2.751	10.763
4.109	0.853958	8.182098	0.588135	8.247538	1.359	8.670	2.325	9.171
4.128	-1.126511	10.200653	0.547668	10.277271	0.751	8.445	1.769	8.861
4.152	-1.483566	11.374176	1.292725	11.543137	0.113	9.196	1.152	9.437
4.175	-0.574265	11.052826	1.654541	11.190721	-0.583	10.202	1.021	10.315
4.199	-0.007736	9.541290	1.728333	9.696567	-0.798	10.542	1.306	10.677
4.223	0.311234	8.010712	1.402222	8.138464	-0.439	9.995	1.519	10.142
4.249	0.287430	7.137115	0.792847	7.186768	0.004	8.935	1.394	9.053
4.251	0.170792	6.718170	0.423889	6.733696	0.190	7.852	1.087	7.939
4.271	0.077957	6.670563	0.323914	6.678877	0.212	7.134	0.736	7.184
4.296	-0.198166	6.837189	0.054932	6.840280	0.085	6.841	0.399	6.860
4.321	-0.226730	7.003815	0.131104	7.008710	-0.044	6.807	0.233	6.815
4.344	-0.138657	7.356110	-0.114075	7.358301	-0.121	6.967	0.099	6.972
4.349	0.142227	7.896454	-0.154541	7.899247	-0.105	7.273	-0.021	7.277
4.375	0.232681	8.508209	-0.364014	8.519171	0.002	7.691	-0.125	7.696
4.398	0.142227	8.953339	-0.190247	8.956489	0.095	8.179	-0.206	8.183
4.411	0.108902	9.360382	0.257263	9.364550	0.157	8.680	-0.113	8.685
4.430	0.206497	9.879303	0.321533	9.886691	0.173	9.175	0.006	9.182
4.450	0.106522	10.983795	0.197754	10.986091	0.141	9.794	0.147	9.798
4.476	-0.260056	12.852386	0.147766	12.855866	0.040	10.769	0.231	10.773
4.490	-0.036301	13.775970	-0.302124	13.779331	0.004	11.873	0.091	11.877
4.512	-0.464767	14.152069	-0.273560	14.162341	-0.164	12.941	-0.058	12.946
4.531	-0.407639	14.816193	0.702393	14.838433	-0.292	13.899	0.069	13.909
4.555	0.082718	12.547699	2.344849	12.765183	-0.206	13.823	0.618	13.886
4.577	0.373123	9.067596	3.720703	9.808372	-0.104	12.646	1.624	12.894
4.591	0.806351	6.444427	3.515991	7.385326	0.214	10.719	2.571	11.199
4.612	0.092239	6.975250	2.263916	7.334026	0.339	8.759	2.961	9.323
4.646	-1.921555	8.898590	0.845215	9.142848	-0.162	7.846	2.586	8.418
4.653	-3.904404	11.614594	0.892822	12.285776	-1.232	8.483	1.879	9.037
4.682	-2.904648	12.019257	1.649780	12.474826	-2.160	9.877	1.413	10.309
4.693	-0.659958	10.379181	1.533142	10.512539	-2.348	10.728	1.230	11.104
4.718	0.677811	8.660553	1.204651	8.770165	-1.698	10.668	1.320	11.011
4.742	1.346695	7.834564	0.559570	7.969134	-0.385	9.723	1.237	9.932
4.771	1.203873	7.089508	-0.235474	7.194851	0.642	8.491	0.765	8.612
4.774	0.615921	6.465851	-0.706787	6.533463	0.961	7.513	0.205	7.617
4.792	0.139847	6.149261	-0.563965	6.176652	0.827	6.885	-0.237	6.969
4.816	-0.238632	6.368256	-0.199768	6.375855	0.430	6.518	-0.426	6.570
4.844	-0.655197	6.970490	0.002563	7.001215	-0.035	6.488	-0.367	6.522
4.867	-0.878952	7.606049	-0.090271	7.657198	-0.408	6.774	-0.213	6.803
4.873	-1.143173	7.820282	-0.349731	7.911129	-0.729	7.191	-0.159	7.236
4.896	-1.295517	7.796478	-0.244995	7.907178	-0.993	7.548	-0.171	7.619
4.918	-0.598068	8.177338	-0.052185	8.199345	-0.979	7.850	-0.184	7.919
4.943	-0.105331	9.272308	0.054932	9.273069	-0.786	8.267	-0.148	8.323
4.970	0.075577	10.438690	0.219177	10.441265	-0.481	8.921	-0.006	8.955
4.974	-0.310043	11.450348	0.043030	11.454626	-0.234	9.835	0.066	9.842
4.996	-1.128891	12.652435	-0.352112	12.707576	-0.367	10.953	-0.009	10.969
5.026	-2.069138	13.911652	-1.370911	14.131340	-0.858	12.113	-0.365	12.184
5.052	-2.147690	14.590057	-1.423279	14.815805	-1.414	13.151	-0.776	13.277
5.055	-0.709946	15.199432	1.135620	15.258323	-1.514	14.088	-0.503	14.228
5.077	1.370499	14.380585	1.830688	14.561281	-0.889	14.520	0.043	14.692
5.103	1.265762	10.303009	2.706665	10.727543	-0.055	13.618	1.062	13.841
5.132	1.903702	7.099030	2.763794	7.852316	0.958	11.746	2.109	12.100
5.136	2.867752	6.558685	1.866394	7.397552	1.852	9.585	2.292	10.135
5.159	1.727554	9.548431	0.607178	9.722430	1.941	8.377	1.986	8.925
5.184	0.420731	12.292999	0.802368	12.326339	1.730	8.875	1.510	9.325
5.195	-0.105331	12.811920	1.775940	12.934850	1.228	10.303	1.263	10.595
5.216	-0.343369	11.502716	1.645020	11.624821	0.425	11.539	1.208	11.652
5.243	-0.595688	9.148529	1.192749	9.245165	-0.156	11.439	1.354	11.533
5.270	-0.224350	7.394196	0.907104	7.453006	-0.317	10.214	1.380	10.314
5.275	0.106522	6.327789	0.123962	6.329900	-0.264	8.593	0.967	8.663
5.299	0.037491	5.887421	-0.490173	5.907909	-0.169	7.189	0.433	7.234
5.322	-0.188644	6.137360	-0.611572	6.170639	-0.067	6.437	-0.018	6.465
5.349	-0.067245	6.375397	-0.623474	6.406163	-0.028	6.182	-0.400	6.204
5.358	-0.079147	6.711029	-0.547302	6.733774	-0.074	6.278	-0.568	6.305
5.378	-0.043442	7.406097	-0.330688	7.413604	-0.095	6.657	-0.528	6.681
5.403	-0.026779	8.084503	-0.092651	8.085078	-0.054	7.144	-0.399	7.160
5.427	-0.012497	8.967621	-0.285461	8.972172	-0.040	7.792	-0.314	7.801
5.456	-0.098190	9.648407	-0.459229	9.659829	-0.045	8.527	-0.292	8.533
5.459	0.113663	9.881683	-0.292603	9.886668	-0.006	9.146	-0.282	9.151
5.493	0.389786	10.012604	0.162048	10.021498	0.098	9.628	-0.219	9.635
5.497	0.451675	10.881439	0.112061	10.891386	0.214	10.106	-0.119	10.115
5.518	0.315994	12.171600	-0.104553	12.176150	0.318	10.737	-0.031	10.744
5.538	0.130325	13.340363	-0.702026	13.359457	0.322	11.602	-0.133	11.612
5.567	0.030350	12.995209	-1.230469	13.053368	0.232	12.347	-0.481	12.370
5.588	-0.302902	13.164215	-1.613708	13.266211	0.043	12.918	-0.913	12.964
5.598	0.418350	14.104462	0.381042	14.115808	0.069	13.401	-0.791	13.449
5.619	0.765884	12.138275	1.359375	12.238145	0.228	13.101	-0.276	13.168
5.646	1.237198	9.655548	3.375549	10.303135	0.530	12.266	0.876	12.481
5.671	0.589737	8.972382	4.020630	9.849715	0.753	11.218	2.284	11.627
5.679	-1.109848	9.131866	2.913757	9.649494	0.371	9.975	2.917	10.510
5.701	-2.909409	10.726715	2.009216	11.294425	-0.548	9.622	3.080	10.274
5.725	-2.323837	11.855011	2.413879	12.319429	-1.438	10.171	2.839	10.778
5.751	-0.698044	11.040924	1.545044	11.170337	-1.760	10.689	2.220	11.108
5.775	0.292191	9.622223	0.638123	9.647785	-1.410	10.811	1.652	11.108
5.779	0.606400	8.377289	-0.059326	8.399417	-0.531	10.224	1.134	10.384
5.802	1.430008	7.391815	-0.387817	7.538850	0.408	9.108	0.434	9.189
5.827	1.408585	6.856232	-0.544922	7.020610	0.934	8.062	-0.088	8.152
5.853	0.508804	6.301605	-0.192627	6.325047	0.988	7.232	-0.296	7.321
5.860	-0.319565	6.087372	-0.009338	6.095761	0.757	6.659	-0.284	6.745
5.881	-0.574265	6.806244	0.471497	6.846681	0.256	6.513	-0.069	6.572
5.905	-0.600449	7.327545	-0.083130	7.352576	-0.246	6.631	0.047	6.655
5.932	-1.009872	7.203766	-0.578247	7.297154	-0.626	6.856	-0.050	6.898
5.957	-0.786118	7.594147	-0.668701	7.663955	-0.743	7.233	-0.215	7.290
5.960	-0.569504	8.643890	-0.985291	8.718484	-0.741	7.692	-0.579	7.758
5.987	-0.012497	9.710297	-0.602051	9.728951	-0.594	8.288	-0.709	8.352
6.001	0.185074	10.414886	0.183472	10.418147	-0.296	9.091	-0.518	9.132
6.022	-0.136276	11.036163	0.295349	11.040956	-0.133	9.951	-0.277	9.977
6.048	-0.874191	11.988312	0.104919	12.020600	-0.209	10.787	-0.005	10.802
6.074	-1.493088	13.197540	-0.330688	13.285847	-0.580	11.659	0.063	11.691
6.082	-1.602585	14.018768	-0.652039	14.125130	-1.027	12.560	-0.146	12.618
6.105	-0.955124	15.235138	0.333435	15.268689	-1.231	13.610	-0.136	13.675
6.132	0.170792	15.961151	0.899963	15.987416	-0.970	14.603	0.063	14.667
6.156	0.775406	13.040436	1.621216	13.163683	-0.403	14.564	0.551	14.636
6.162	0.344559	9.960236	2.582886	10.295451	0.084	13.549	1.359	13.679
6.187	2.643997	7.225189	2.444824	8.072871	0.984	11.547	1.887	11.880
6.215	3.051041	7.825043	1.126099	8.473974	1.704	9.513	1.944	10.001
6.242	1.644241	9.998322	0.342957	10.138421	1.921	8.752	1.624	9.245
6.244	0.082718	12.093048	0.761902	12.117307	1.855	9.285	1.169	9.701
6.267	-0.593307	12.454865	1.249878	12.531475	1.046	10.593	0.870	10.815
6.293	-0.455246	10.833832	1.230835	10.913025	0.170	11.345	0.896	11.425
6.321	-0.352890	8.862885	1.059448	8.932955	-0.330	11.061	1.076	11.124
6.325	-0.093430	7.617950	0.750000	7.655351	-0.374	9.942	1.073	10.008
6.349	0.063675	6.939545	0.402466	6.951497	-0.209	8.564	0.861	8.613
6.379	0.163651	6.284943	0.150146	6.288866	-0.055	7.426	0.591	7.457
6.387	0.113663	5.861237	-0.023621	5.862386	0.062	6.676	0.320	6.690
6.406	0.130325	5.651764	-0.106934	5.654278	0.118	6.184	0.106	6.189
6.431	-0.014877	5.854095	-0.040283	5.854253	0.098	5.913	-0.005	5.915
6.460	-0.007736	6.644379	-0.066467	6.644716	0.055	6.003	-0.059	6.004
6.467	0.287430	7.368011	-0.397339	7.384314	0.099	6.380	-0.153	6.384
6.493	0.304092	8.074982	-0.711548	8.111973	0.142	6.985	-0.304	6.999
6.506	0.123184	8.927155	-0.444946	8.939085	0.177	7.754	-0.405	7.770
6.531	-0.145798	9.762665	-0.356873	9.770273	0.142	8.533	-0.478	8.551
6.551	-0.231491	10.533905	-0.256897	10.539580	0.012	9.325	-0.443	9.340
6.579	0.082718	11.376556	0.033508	11.376907	-0.043	10.150	-0.256	10.156
6.585	0.420731	12.602448	-0.049805	12.609567	0.032	11.069	-0.158	11.074
6.606	-0.012497	13.923553	-0.347351	13.927891	0.065	12.109	-0.155	12.113
6.626	-0.650436	14.756683	-1.135254	14.814573	-0.040	13.165	-0.375	13.182
6.653	-0.557602	16.006378	0.440552	16.022145	-0.200	14.322	-0.273	14.344
6.676	-0.114853	15.318451	2.275818	15.487010	-0.334	15.001	0.308	15.063
6.686	0.411209	11.095673	3.382690	11.607137	-0.228	14.294	1.241	14.483
6.707	1.191971	7.022858	3.542175	7.955396	0.233	12.361	2.410	12.768
6.732	0.756363	7.137115	2.323425	7.543793	0.561	10.144	2.881	10.648
6.758	-1.531174	9.484161	1.023743	9.661359	0.207	8.685	2.568	9.192
6.766	-2.930832	12.328705	1.297485	12.738533	-0.628	8.993	2.047	9.475
6.787	-2.397629	12.473907	2.199646	12.891293	-1.526	10.356	1.711	10.709
6.807	-0.874191	10.329193	1.675964	10.500728	-1.933	11.154	1.549	11.448
6.832	-0.314804	8.429657	1.104675	8.507557	-1.629	10.890	1.569	11.160
6.866	0.508804	7.248993	0.514343	7.285007	-0.769	9.620	1.374	9.796
6.871	1.018204	6.775299	-0.047424	6.851545	0.085	8.196	0.812	8.286
6.896	0.896805	6.403961	-0.471130	6.483590	0.527	7.214	0.275	7.282
6.910	0.361221	6.368256	-0.430664	6.393014	0.696	6.699	-0.109	6.753
6.928	-0.083908	6.401581	0.035889	6.402231	0.548	6.487	-0.228	6.533
6.956	-0.502853	6.522980	0.147766	6.544002	0.168	6.424	-0.180	6.456
6.982	-0.588547	6.682465	0.212036	6.711682	-0.204	6.494	-0.009	6.513
6.988	-0.619492	6.901459	0.019226	6.929233	-0.449	6.627	0.104	6.647
7.008	-0.786118	7.377533	-0.563965	7.440701	-0.624	6.871	-0.046	6.906
7.029	-0.890854	8.377289	-1.092407	8.495054	-0.721	7.335	-0.356	7.394
7.055	-0.629013	9.391327	-1.142395	9.481442	-0.731	8.012	-0.695	8.087
7.081	-0.167221	10.298248	-0.599670	10.317048	-0.618	8.861	-0.850	8.934
7.088	0.039871	11.079010	-0.097412	11.079510	-0.412	9.786	-0.733	9.843
7.109	-0.148178	11.895477	0.076355	11.896645	-0.226	10.666	-0.441	10.694
7.135	-0.824203	12.899994	-0.285461	12.929448	-0.275	11.543	-0.227	11.556
7.156	-2.121506	13.568878	-1.449463	13.810003	-0.764	12.361	-0.439	12.429
7.184	-2.328598	14.016388	-2.192139	14.376612	-1.356	13.095	-0.963	13.253
7.189	-0.229111	14.932831	1.585510	15.018514	-1.376	13.855	-0.585	14.034
7.210	1.846573	13.652191	2.918518	14.082255	-0.708	14.043	0.216	14.322
7.230	2.089371	10.288727	2.323425	10.752752	0.345	13.223	1.159	13.558
7.256	1.365738	7.853607	1.702148	8.151178	1.268	11.682	2.132	12.001
7.278	-0.121994	10.710052	0.454834	10.720400	1.295	10.626	1.850	10.927
7.290	-0.648056	12.323944	1.047546	12.385351	0.671	10.294	1.382	10.502
7.312	-0.186264	11.855011	1.725952	11.981440	0.102	10.686	1.233	10.810
7.337	0.606400	9.672211	1.064209	9.749457	-0.087	11.140	1.073	11.209
7.357	0.965836	7.936920	0.450073	8.008127	0.184	10.447	1.072	10.531
7.384	1.399063	7.260895	0.240601	7.398369	0.696	9.181	0.870	9.284
7.390	1.258621	7.289459	0.033508	7.397396	1.057	8.040	0.447	8.138
7.415	0.663528	7.234711	-0.061707	7.265336	1.072	7.430	0.166	7.517
7.443	0.363602	6.761017	-0.071228	6.771162	0.921	7.137	0.035	7.208
7.469	0.389786	6.337311	0.078735	6.349775	0.669	6.906	-0.005	6.946
7.472	0.389786	6.256378	0.159668	6.270542	0.452	6.647	0.026	6.664
7.492	0.268387	6.832428	-0.121216	6.838772	0.353	6.547	0.011	6.558
7.517	0.301712	7.334686	-0.406860	7.352155	0.337	6.690	-0.072	6.703
7.545	0.306473	7.660797	-0.554443	7.686946	0.317	7.021	-0.231	7.037
7.552	0.375504	7.975006	-0.597290	8.006153	0.313	7.451	-0.420	7.471
7.572	0.627823	8.781952	-0.225952	8.807264	0.403	7.938	-0.446	7.963
7.595	0.761124	10.107819	-0.075989	10.136720	0.518	8.631	-0.363	8.659
7.621	0.670670	11.443207	-0.249756	11.465564	0.609	9.577	-0.287	9.604
7.645	0.385025	13.064240	0.012085	13.069917	0.611	10.849	-0.135	10.870
7.652	0.213638	14.056854	0.028748	14.058507	0.508	12.168	-0.071	12.183
7.673	0.037491	13.885468	-0.844849	13.911197	0.327	13.112	-0.263	13.126
7.695	0.066055	14.242523	-0.663940	14.258143	0.176	13.812	-0.367	13.824
7.719	0.792068	15.006622	0.976135	15.059180	0.277	14.298	-0.126	14.322
7.747	0.694473	12.514374	2.142517	12.715433	0.398	13.912	0.402	13.986
7.753	0.656387	9.155670	2.744751	9.580752	0.552	12.730	1.300	12.903
7.776	0.220779	7.510834	2.471008	7.909946	0.591	11.047	2.084	11.316
7.797	-0.745651	8.196381	1.309387	8.333735	0.206	9.344	2.167	9.635
7.826	-1.781113	10.379181	1.114197	10.589674	-0.412	8.811	1.910	9.104
7.846	-2.285751	12.002594	1.997314	12.380475	-1.148	9.522	1.723	9.803
7.854	-1.335983	11.628876	1.968750	11.869776	-1.537	10.552	1.597	10.793
7.876	-0.183884	10.019745	1.168945	10.089377	-1.397	11.008	1.562	11.232
7.902	0.370743	8.672455	0.611938	8.701919	-0.859	10.581	1.437	10.760
7.927	1.177689	7.844086	0.373901	7.940808	0.007	9.541	1.031	9.650
7.955	1.441910	7.272797	-0.016479	7.414374	0.702	8.452	0.535	8.537
7.958	0.825394	6.758636	-0.316406	6.816198	0.954	7.637	0.163	7.718
7.980	0.194595	6.480133	-0.085510	6.483618	0.910	7.089	-0.011	7.164
7.995	0.092239	6.539642	0.283447	6.546432	0.639	6.763	-0.034	6.815
8.016	-0.036301	6.799103	0.257263	6.804065	0.269	6.644	0.035	6.663
8.037	-0.119614	7.037140	0.035889	7.038248	0.033	6.714	0.123	6.718
8.062	-0.443344	7.110931	-0.525879	7.144120	-0.127	6.872	0.013	6.883
8.090	-0.429062	7.572723	-1.190002	7.677652	-0.257	7.130	-0.356	7.166
8.096	-0.600449	8.717682	-1.966003	8.956768	-0.398	7.610	-0.911	7.704
8.119	-0.617111	10.036407	-1.337585	10.143936	-0.522	8.359	-1.255	8.481
8.148	-0.095810	10.612457	0.178711	10.614394	-0.436	9.235	-1.079	9.348
8.156	0.349319	10.429169	0.478638	10.445989	-0.241	9.949	-0.662	10.040
8.177	0.087479	10.936188	0.290588	10.940398	-0.069	10.504	-0.097	10.536
8.200	-0.712326	12.233490	-0.454468	12.262636	-0.093	11.053	0.123	11.066
8.227	-1.783493	13.502228	-1.835083	13.742581	-0.515	11.775	-0.380	11.848
8.254	-1.340744	14.409149	-0.440186	14.478084	-0.937	12.770	-0.610	12.856
8.257	0.185074	15.437469	1.209412	15.485877	-0.913	13.896	-0.380	13.992
8.283	0.972977	13.107086	1.456970	13.223659	-0.492	14.114	0.098	14.233
8.297	1.053909	9.974518	1.768799	10.184811	0.218	13.232	0.999	13.343
8.318	1.782303	8.098785	2.290100	8.602993	0.999	11.654	1.681	11.874
8.345	1.856094	9.172333	1.566467	9.488445	1.416	10.088	1.771	10.375
8.371	0.846817	10.976654	0.635742	11.027611	1.385	9.556	1.565	9.826
8.377	-0.188644	12.016876	0.535767	12.030293	1.074	10.066	1.257	10.287
8.399	-0.564743	11.550323	0.923767	11.600959	0.487	10.929	0.915	11.037
8.424	-0.091049	9.931671	0.704773	9.957062	0.001	11.119	0.700	11.154
8.450	0.101761	8.320160	0.576233	8.340711	-0.186	10.455	0.685	10.482
8.458	0.196976	7.303741	0.040649	7.306510	-0.089	9.276	0.561	9.301
8.479	0.073196	6.675323	-0.009338	6.675731	0.070	8.058	0.328	8.070
8.503	0.082718	6.392059	0.492920	6.411570	0.114	7.173	0.275	7.184
8.529	0.335037	6.413483	0.450073	6.437979	0.172	6.696	0.244	6.708
8.555	0.313614	6.546783	-0.009338	6.554298	0.201	6.507	0.231	6.520
8.559	-0.041061	6.756256	-0.092651	6.757016	0.173	6.527	0.210	6.540
8.581	0.058914	7.137115	-0.323547	7.144688	0.167	6.713	0.006	6.723
8.607	0.289810	7.675079	-0.528259	7.698694	0.155	7.029	-0.238	7.039
8.634	0.423111	8.184479	-0.792480	8.233635	0.183	7.438	-0.434	7.459
8.640	0.432632	9.384186	-0.468750	9.405841	0.301	8.095	-0.528	8.121
8.662	0.649246	10.053070	-0.133118	10.074893	0.449	8.824	-0.481	8.853
8.687	0.758743	11.419403	-0.273560	11.447851	0.566	9.760	-0.417	9.791
8.701	0.387405	12.997589	-0.690125	13.021662	0.557	10.964	-0.391	10.988
8.722	-0.136276	13.980682	-0.718689	13.999805	0.415	12.113	-0.454	12.136
8.755	0.030350	13.352264	-1.939819	13.492471	0.260	12.937	-0.906	12.990
8.762	0.485001	13.249908	-0.709167	13.277734	0.192	13.395	-1.014	13.448
8.786	1.503799	13.714081	0.433411	13.803090	0.471	13.574	-0.734	13.643
8.801	0.625443	11.433685	1.483154	11.546432	0.661	12.937	-0.183	13.030
8.821	0.596878	9.124725	2.947083	9.607402	0.803	11.881	1.039	12.059
8.841	0.882523	8.046417	3.313660	8.746657	0.902	10.580	2.044	10.926
8.864	-0.264816	8.489166	2.006836	8.727168	0.460	9.273	2.438	9.657
8.886	-2.416672	10.674347	1.138000	11.003501	-0.301	9.084	2.351	9.521
8.912	-3.026047	12.428680	1.730713	12.908308	-1.206	9.910	2.047	10.346
8.933	-1.819199	12.081146	1.373657	12.294328	-1.882	10.918	1.562	11.233
8.952	-0.590927	10.245880	0.880920	10.300645	-1.963	11.358	1.281	11.627
8.962	0.763504	8.762909	0.538147	8.812555	-1.168	10.880	1.131	11.079
8.982	1.658524	7.886932	0.297729	8.064927	0.003	9.744	0.773	9.868
9.003	1.570450	7.417999	-0.085510	7.582898	0.850	8.578	0.408	8.690
9.029	0.703995	7.120453	-0.287842	7.160957	1.174	7.797	0.116	7.905
9.051	0.308853	6.761017	-0.145020	6.769621	1.060	7.297	-0.055	7.395
9.064	0.051773	6.558685	0.102539	6.559691	0.659	6.965	-0.104	7.018
9.086	-0.191025	6.520599	-0.266418	6.528835	0.218	6.740	-0.149	6.755
9.119	-0.469528	6.658661	-0.240234	6.679516	-0.075	6.625	-0.137	6.634
9.135	-0.569504	7.065704	-0.594910	7.113538	-0.295	6.701	-0.250	6.720
9.148	-0.398117	7.315643	-1.311401	7.442910	-0.407	6.890	-0.603	6.941
9.174	-0.243393	7.998810	-1.413757	8.126433	-0.420	7.260	-0.890	7.341
9.183	0.092239	9.346100	-0.906738	9.390434	-0.280	7.932	-1.057	8.018
9.204	0.273148	10.412506	-0.337830	10.421565	-0.069	8.768	-0.992	8.845
9.230	0.208878	11.086151	-0.033142	11.088168	0.083	9.711	-0.673	9.757
9.254	0.004166	11.743134	0.169189	11.744353	0.145	10.647	-0.277	10.661
9.270	-0.712326	12.657196	-0.621094	12.692430	-0.057	11.475	-0.206	11.487
9.284	-1.809677	13.740265	-2.270691	14.043712	-0.577	12.307	-0.689	12.392
9.304	-0.807541	15.532684	-0.347351	15.557540	-0.831	13.418	-0.767	13.510
9.325	1.684708	16.572906	1.480774	16.723999	-0.411	14.626	-0.440	14.754
9.349	1.453812	12.511993	2.152039	12.778686	0.130	14.589	0.254	14.776
9.371	1.387161	8.731964	2.668579	9.235406	0.930	13.337	1.489	13.574
9.384	2.025101	6.989532	1.640259	7.459561	1.638	11.202	1.985	11.549
9.406	1.089615	8.243988	0.661926	8.341987	1.489	9.119	1.781	9.454
9.431	0.113663	10.298248	0.045410	10.298975	1.154	8.566	1.254	8.834
9.452	-0.548080	11.709808	0.802368	11.750056	0.670	9.310	0.787	9.463
9.480	-0.426682	11.650299	1.052307	11.705506	0.057	10.476	0.641	10.524
9.485	-0.072006	10.210175	0.578613	10.226810	-0.233	10.967	0.620	10.995
9.506	0.151749	8.717682	0.235840	8.722191	-0.224	10.572	0.667	10.601
9.528	0.513565	7.894073	-0.114075	7.911584	0.042	9.618	0.438	9.642
9.557	0.761124	7.329926	-0.299744	7.375430	0.339	8.538	0.100	8.559
9.566	0.520706	6.965729	-0.335449	6.993214	0.487	7.727	-0.128	7.751
9.586	0.308853	6.689606	-0.109314	6.697624	0.526	7.220	-0.215	7.244
9.606	0.211258	6.606293	0.057312	6.609918	0.450	6.898	-0.172	6.919
9.635	0.294571	6.841949	0.250122	6.852854	0.334	6.776	-0.034	6.788
9.657	0.106522	7.189484	-0.240234	7.194285	0.230	6.832	-0.011	6.839
9.667	0.201736	7.344208	-0.680603	7.378435	0.204	6.995	-0.153	7.009
9.687	0.175552	7.560822	-1.101929	7.642715	0.195	7.234	-0.443	7.267
9.708	0.339798	8.167816	-1.070984	8.244737	0.206	7.566	-0.773	7.615
9.731	0.504044	9.260406	-0.821045	9.310387	0.305	8.083	-0.919	8.144
9.759	0.482620	10.395844	-0.511597	10.419608	0.376	8.846	-0.876	8.904
9.767	0.220779	11.566986	0.078735	11.569360	0.387	9.848	-0.581	9.886
9.788	0.349319	12.733368	0.354858	12.743101	0.389	10.989	-0.225	11.011
9.809	0.554031	13.728363	-0.430664	13.746286	0.402	12.106	-0.127	12.120
9.835	-0.214828	14.540070	-1.751770	14.646791	0.227	13.142	-0.437	13.176
9.858	-0.152939	15.970673	-0.216431	15.972871	0.134	14.243	-0.511	14.277
9.868	0.720657	14.497223	1.668823	14.610743	0.227	14.684	-0.183	14.744
9.891	0.918228	10.555328	2.482910	10.882230	0.318	13.891	0.546	14.028
9.909	1.251480	7.306122	2.442444	7.804560	0.684	12.082	1.594	12.318
9.932	0.730179	7.003815	1.814026	7.271676	0.905	9.841	2.102	10.142
9.968	-0.571884	8.812897	1.487915	8.955897	0.582	8.420	2.057	8.729
9.972	-2.040573	11.509857	1.642639	11.804194	-0.158	8.658	1.847	8.959
9.990	-2.842758	12.309662	1.828308	12.765256	-1.181	9.909	1.693	10.199
10.011	-1.847763	10.945709	1.321289	11.178935	-1.826	10.895	1.570	11.176
10.037	0.313614	8.041656	0.400085	8.057708	-1.604	10.702	1.298	10.952
10.060	1.460953	7.279938	-0.135498	7.426321	-0.729	9.644	0.854	9.857
10.069	1.549026	7.022858	-0.533020	7.211388	0.369	8.323	0.263	8.469
10.090	0.899185	6.925262	-0.485413	7.000244	1.056	7.317	-0.188	7.424
10.110	0.244583	7.063324	-0.145020	7.069045	1.038	7.073	-0.325	7.177
10.133	-0.076767	7.465607	0.226318	7.469431	0.654	7.119	-0.234	7.188
10.162	-0.271957	7.689362	0.271545	7.698960	0.199	7.286	-0.033	7.309
10.172	-0.524277	7.517975	-0.095032	7.536833	-0.157	7.434	0.064	7.444
10.200	-0.838486	7.277557	-0.663940	7.355727	-0.428	7.488	-0.065	7.515
10.212	-0.883713	7.770294	-1.059082	7.891773	-0.630	7.564	-0.387	7.621
10.236	-0.740891	8.384430	-1.159058	8.496529	-0.747	7.738	-0.744	7.820
10.270	-0.138657	8.970001	-0.504456	8.985245	-0.650	8.101	-0.847	8.182
10.273	0.313614	9.377045	-0.085510	9.382677	-0.362	8.625	-0.702	8.689
10.298	0.180313	9.929291	0.047791	9.931043	-0.096	9.165	-0.425	9.199
10.322	-0.462387	10.955231	-0.056946	10.965132	-0.027	9.808	-0.150	9.816
10.346	-1.067001	12.024017	-0.847229	12.100962	-0.259	10.571	-0.235	10.595
10.352	-1.800156	12.362030	-2.323059	12.706571	-0.787	11.318	-0.795	11.426
10.374	-1.186020	12.880951	-2.220703	13.124674	-1.129	12.056	-1.362	12.224
10.394	1.196732	14.647186	1.387939	14.761389	-0.714	12.979	-1.001	13.173
10.419	2.927261	15.013763	2.804260	15.551393	0.284	13.726	-0.088	14.036
10.446	2.289322	12.202545	2.958984	12.763177	1.307	13.686	1.233	14.050
10.452	2.127457	9.586517	2.918518	10.244273	2.135	12.863	2.517	13.330
10.472	1.191971	9.281830	1.611694	9.495826	2.134	11.521	2.573	12.014
10.495	-0.826584	10.288727	0.485779	10.333302	1.196	10.340	1.994	10.709
10.524	-1.340744	11.505096	0.861877	11.614976	0.288	10.166	1.469	10.422
10.545	-0.579025	11.874054	1.599792	11.995323	-0.389	10.737	1.140	10.860
10.553	0.249344	11.102814	1.566467	11.215546	-0.624	11.193	1.128	11.290
10.579	0.573074	9.584137	1.361755	9.697344	-0.274	11.017	1.347	11.131
10.595	0.627823	8.358246	0.783325	8.418316	0.218	10.230	1.328	10.332
10.617	0.339798	7.629852	0.292969	7.643032	0.448	9.169	1.001	9.244
10.655	0.080338	6.920502	-0.166443	6.922969	0.405	8.123	0.568	8.170
10.659	-0.010117	6.365875	-0.004578	6.365885	0.259	7.319	0.226	7.338
10.683	0.035110	6.123077	0.119202	6.124338	0.111	6.760	0.060	6.764
10.693	0.187454	6.234955	0.185852	6.240540	0.073	6.411	0.034	6.413
10.715	0.454056	6.246857	0.128723	6.264659	0.167	6.243	0.107	6.249
10.734	0.696854	6.787201	-0.149780	6.824525	0.343	6.348	0.071	6.364
10.764	0.584976	7.653656	-0.397339	7.686256	0.481	6.731	-0.058	6.754
10.774	0.473099	8.710541	-0.530640	8.739504	0.552	7.350	-0.237	7.379
10.796	0.251724	9.291351	-0.266418	9.298578	0.502	8.111	-0.336	8.137
10.815	0.211258	9.524628	0.028748	9.527013	0.380	8.795	-0.291	8.813
10.841	-0.364792	9.605560	0.285828	9.616733	0.143	9.283	-0.121	9.295
10.862	-0.498093	10.041168	0.302490	10.058064	-0.100	9.616	0.088	9.625
10.888	-0.152939	11.031403	0.235840	11.034983	-0.201	10.051	0.213	10.059
10.895	-0.245773	11.417023	-0.259277	11.422611	-0.315	10.524	0.141	10.533
10.916	-0.340988	12.138275	-0.268799	12.146038	-0.309	11.157	0.003	11.165
10.936	0.077957	14.049713	0.633362	14.064198	-0.165	12.159	0.085	12.167
10.962	-0.557602	15.849274	2.149658	16.004106	-0.267	13.364	0.564	13.409
10.997	-0.383835	13.047577	2.328186	13.259225	-0.301	13.771	1.211	13.868
11.002	-0.310043	9.619843	3.725464	10.320687	-0.293	13.142	2.209	13.412
11.024	-0.274338	8.393951	3.911133	9.264483	-0.381	11.728	3.029	12.212
11.058	-0.364792	8.917633	3.130371	9.458143	-0.333	9.995	3.274	10.576
11.065	-1.119370	10.007843	3.430298	10.638461	-0.517	9.235	3.549	9.920
11.095	-1.452621	11.036163	3.875427	11.786685	-0.803	9.589	3.587	10.287
11.100	-2.342880	11.364655	4.701416	12.519896	-1.320	10.332	3.784	11.101
11.128	-1.593063	10.738617	3.156555	11.305732	-1.627	10.787	3.791	11.563
11.152	-0.690903	10.288727	2.604309	10.635679	-1.520	10.857	3.584	11.562
11.157	-0.055344	9.900726	3.604065	10.536447	-1.171	10.573	3.517	11.249
11.183	0.482620	9.888824	3.865906	10.628594	-0.464	10.204	3.308	10.777
11.201	-0.152939	9.431793	3.470764	10.051285	-0.104	9.878	3.386	10.463
11.226	0.075577	8.113068	3.185120	8.716225	0.087	9.334	3.531	9.983
11.252	0.166031	7.779816	2.975647	8.331121	0.143	8.803	3.374	9.432
11.258	-0.019638	7.572723	3.201782	8.221796	0.017	8.224	3.208	8.830
11.279	-0.114853	7.432281	3.563599	8.243254	0.027	7.724	3.232	8.378
11.300	-0.679001	7.427521	3.411255	8.201571	-0.162	7.553	3.288	8.249
11.325	-0.871811	7.451324	3.247009	8.174678	-0.421	7.471	3.356	8.210
11.349	-0.940842	7.786957	3.296997	8.508353	-0.652	7.525	3.380	8.282
11.373	-0.712326	8.153534	3.335083	8.838003	-0.801	7.705	3.323	8.431
11.379	-0.452866	8.536774	3.385071	9.194579	-0.744	7.982	3.316	8.679
11.410	-0.567123	9.053314	3.251770	9.636293	-0.668	8.383	3.317	9.044
11.419	-0.762314	9.181854	3.156555	9.739169	-0.624	8.731	3.282	9.352
11.446	-0.360031	9.072357	3.270813	9.650674	-0.536	8.961	3.266	9.555
11.477	-0.310043	8.848602	2.923279	9.324133	-0.500	9.039	3.151	9.588
11.483	-0.502853	8.824799	2.878052	9.295865	-0.484	8.982	3.057	9.502
11.506	-0.571884	9.000946	2.699524	9.414431	-0.436	8.937	2.943	9.421
11.546	-0.550461	9.227081	2.551941	9.589288	-0.484	8.975	2.763	9.406
11.550	-0.479050	9.127106	2.566223	9.493106	-0.526	9.045	2.674	9.448
11.578	-0.450485	9.281830	2.568604	9.641215	-0.513	9.159	2.597	9.535
11.581	-0.629013	9.336578	2.542419	9.696971	-0.527	9.243	2.557	9.605
11.603	-0.533798	9.503204	2.518616	9.845773	-0.523	9.312	2.549	9.669
11.628	-0.509995	9.560333	2.618591	9.925577	-0.531	9.420	2.562	9.777
11.655	-0.079147	9.717438	2.073486	9.936509	-0.438	9.529	2.438	9.851
11.661	-0.081528	9.391327	2.673340	9.764753	-0.301	9.543	2.471	9.868
11.681	0.135086	9.398468	2.354370	9.689815	-0.134	9.517	2.430	9.829
11.705	-0.229111	9.588898	2.278198	9.858480	-0.064	9.524	2.345	9.812
11.732	-0.217209	9.603180	2.466248	9.917188	-0.098	9.495	2.443	9.808
11.754	0.101761	9.422272	2.371033	9.716551	-0.052	9.503	2.367	9.796
11.781	-0.176743	9.253265	2.059204	9.481269	-0.130	9.467	2.294	9.743
11.786	-0.460007	9.446075	2.216309	9.713494	-0.188	9.431	2.278	9.707
11.805	-0.357651	9.431793	2.142517	9.678689	-0.223	9.388	2.197	9.648
11.830	-0.207687	9.277069	2.497192	9.609533	-0.301	9.352	2.229	9.621
11.859	-0.167221	9.160431	2.516235	9.501205	-0.298	9.329	2.343	9.626
11.864	-0.260056	9.093781	2.363892	9.399599	-0.248	9.241	2.380	9.547
11.882	-0.171982	9.310394	2.187744	9.565524	-0.202	9.210	2.391	9.519
11.907	-0.093430	9.379425	2.232971	9.642018	-0.173	9.236	2.325	9.527
11.933	0.058914	9.500824	2.271057	9.768666	-0.117	9.321	2.264	9.594
11.954	0.170792	9.527008	2.285339	9.798767	-0.009	9.429	2.244	9.694
11.963	0.294571	9.555573	2.313904	9.836152	0.108	9.491	2.276	9.761
11.983	0.266006	9.653168	2.252014	9.915946	0.198	9.559	2.281	9.830
12.009	0.080338	9.684113	2.228210	9.937475	0.203	9.605	2.270	9.872
12.036	-0.010117	9.617462	2.221069	9.870604	0.158	9.628	2.254	9.890
12.062	0.049393	9.450836	2.244873	9.713918	0.096	9.601	2.237	9.859
12.067	0.085098	9.231842	2.202026	9.491210	0.051	9.496	2.224	9.753
12.099	0.042252	9.177094	2.282959	9.456888	0.042	9.369	2.238	9.633
12.138	0.001785	9.269928	2.332947	9.558986	0.045	9.282	2.266	9.555
12.142	-0.102951	9.422272	2.304382	9.700515	0.007	9.275	2.281	9.552
12.146	-0.029160	9.486542	2.368652	9.777824	-0.022	9.339	2.322	9.624
12.171	-0.031540	9.596039	2.054443	9.813546	-0.040	9.444	2.265	9.713
12.184	-0.143417	9.584137	2.302002	9.857761	-0.077	9.522	2.257	9.787
12.205	-0.062485	9.622223	2.430542	9.924647	-0.067	9.572	2.289	9.843
12.224	0.066055	9.591278	2.580505	9.932572	-0.043	9.598	2.342	9.882
12.249	0.032730	9.505585	2.282959	9.775945	-0.027	9.576	2.399	9.873
12.274	0.001785	9.369904	2.349609	9.660008	0.010	9.522	2.411	9.823
12.284	-0.057724	9.279449	2.321045	9.565499	0.011	9.437	2.384	9.734
12.306	0.063675	9.281830	2.197266	9.538574	0.010	9.359	2.288	9.635
12.334	0.099380	9.215179	2.323425	9.504090	0.027	9.287	2.298	9.567
12.360	0.018448	9.281830	2.237732	9.547783	0.031	9.265	2.270	9.539
12.367	-0.038681	9.441315	2.028259	9.656798	0.036	9.305	2.197	9.562
12.389	-0.141037	9.469879	2.401978	9.770772	-0.015	9.352	2.248	9.620
12.411	0.168411	9.488922	2.511475	9.817103	0.002	9.420	2.295	9.698
12.439	0.158890	9.441315	2.509094	9.770323	0.037	9.460	2.363	9.754
12.446	-0.022018	9.427032	2.401978	9.728254	0.041	9.457	2.456	9.772
12.474	-0.174362	9.412750	2.316284	9.695125	0.033	9.443	2.435	9.753
12.488	-0.136276	9.403229	2.378174	9.700257	-0.043	9.421	2.401	9.723
12.512	0.070816	9.407990	2.430542	9.717140	-0.065	9.413	2.382	9.710
12.546	0.042252	9.308014	2.380554	9.607702	-0.049	9.383	2.376	9.680
12.550	0.037491	9.369904	2.304382	9.649180	0.004	9.372	2.373	9.669
12.577	-0.048203	9.403229	2.266296	9.672597	0.026	9.372	2.345	9.662
12.587	-0.031540	9.346100	2.240112	9.610862	0.000	9.357	2.298	9.635
12.608	-0.119614	9.322296	2.304382	9.603629	-0.040	9.360	2.279	9.634
12.628	0.023209	9.460358	2.332947	9.743796	-0.044	9.383	2.286	9.658
12.655	0.004166	9.474640	2.368652	9.766234	-0.031	9.401	2.312	9.681
12.677	0.001785	9.588898	2.423401	9.890391	-0.023	9.462	2.357	9.751
12.688	-0.055344	9.467499	2.340088	9.752569	-0.007	9.498	2.366	9.788
12.709	-0.074387	9.293732	2.309143	9.576592	-0.031	9.456	2.360	9.746
12.734	-0.007736	9.310394	2.294861	9.589051	-0.034	9.415	2.342	9.702
12.757	-0.048203	9.427032	2.418640	9.732476	-0.046	9.375	2.341	9.663
12.768	-0.043442	9.603180	2.006836	9.810726	-0.043	9.409	2.257	9.677
12.789	-0.148178	9.377045	2.478149	9.700111	-0.062	9.429	2.300	9.708
12.809	0.111282	9.405609	2.725708	9.793230	-0.032	9.453	2.407	9.759
12.831	0.025589	9.522247	2.642395	9.882110	-0.014	9.477	2.463	9.797
12.850	-0.119614	9.655548	2.197266	9.903125	-0.033	9.490	2.511	9.820
12.875	-0.243393	9.460358	2.221069	9.720636	-0.057	9.511	2.447	9.825
